date,4012
1975-01-05,-0.2884
1975-01-10,-0.6564
1975-01-15,-0.6149
1975-01-20,-0.4318
1975-01-25,0.4223
1975-01-31,0.5678
1975-02-05,0.7069
1975-02-10,0.6895
1975-02-15,1.5817
1975-02-20,1.8717
1975-02-25,2.0667
1975-02-28,2.06
1975-03-05,2.0136
1975-03-10,1.9425
1975-03-15,1.6929
1975-03-20,1.6179
1975-03-25,1.6924
1975-03-31,1.7112
1975-04-05,1.8945
1975-04-10,1.9435
1975-04-15,2.0263
1975-04-20,2.1617
1975-04-25,1.7949
1975-04-30,1.7404
1975-05-05,1.739
1975-05-10,1.6769
1975-05-15,0.9507
1975-05-20,0.6164
1975-05-25,0.0506
1975-05-31,0.0272
1975-06-05,-0.036
1975-06-10,0.2673
1975-06-15,0.5081
1975-06-20,0.6119
1975-06-25,0.6846
1975-06-30,0.8546
1975-07-05,0.962
1975-07-10,1.1127
1975-07-15,NA
1975-07-20,NA
1975-07-25,NA
1975-07-31,NA
1975-08-05,NA
1975-08-10,NA
1975-08-15,NA
1975-08-20,-0.0316
1975-08-25,-0.0815
1975-08-31,-0.3551
1975-09-05,-1.1244
1975-09-10,-1.0336
1975-09-15,-1.3901
1975-09-20,-1.6032
1975-09-25,-0.0252
1975-09-30,-0.1672
1975-10-05,-0.1092
1975-10-10,-0.2488
1975-10-15,-0.3859
1975-10-20,-0.444
1975-10-25,-0.2706
1975-10-31,-0.4084
1975-11-05,-0.5095
1975-11-10,-0.4999
1975-11-15,-0.5419
1975-11-20,-0.6888
1975-11-25,-0.7736
1975-11-30,-0.6243
1975-12-05,-0.7975
1975-12-10,-0.333
1975-12-15,-0.1681
1975-12-20,-0.0467
1975-12-25,-0.3004
1975-12-31,-0.633
1976-01-05,0.4284
1976-01-10,0.4806
1976-01-15,0.3793
1976-01-20,0.5343
1976-01-25,0.19
1976-01-31,0.4953
1976-02-05,0.3418
1976-02-10,0.3299
1976-02-15,0.4683
1976-02-20,0.4167
1976-02-25,0.4414
1976-02-29,0.3677
1976-03-05,0.4187
1976-03-10,0.5462
1976-03-15,0.4616
1976-03-20,0.4806
1976-03-25,0.3258
1976-03-31,0.3938
1976-04-05,-0.1566
1976-04-10,0.2502
1976-04-15,0.3027
1976-04-20,0.1928
1976-04-25,0.3912
1976-04-30,0.1226
1976-05-05,0.3051
1976-05-10,0.3932
1976-05-15,0.2307
1976-05-20,0.3766
1976-05-25,0.4518
1976-05-31,0.6006
1976-06-05,0.5903
1976-06-10,-0.0369
1976-06-15,0.2047
1976-06-20,0.2321
1976-06-25,0.4558
1976-06-30,0.8508
1976-07-05,1.1194
1976-07-10,-1.7783
1976-07-15,NA
1976-07-20,NA
1976-07-25,NA
1976-07-31,NA
1976-08-05,NA
1976-08-10,NA
1976-08-15,NA
1976-08-20,1.7288
1976-08-25,1.6108
1976-08-31,1.7491
1976-09-05,1.6653
1976-09-10,2.327
1976-09-15,2.3314
1976-09-20,2.6411
1976-09-25,2.3819
1976-09-30,2.3205
1976-10-05,2.2393
1976-10-10,2.1845
1976-10-15,1.7674
1976-10-20,1.6861
1976-10-25,1.5584
1976-10-31,1.6175
1976-11-05,1.2111
1976-11-10,1.0312
1976-11-15,1.0169
1976-11-20,0.9696
1976-11-25,0.7964
1976-11-30,0.7408
1976-12-05,0.6562
1976-12-10,0.279
1976-12-15,-0.2222
1976-12-20,-1.4388
1976-12-25,-1.3944
1976-12-31,-0.9085
1977-01-05,0.1657
1977-01-10,-0.0432
1977-01-15,0.0934
1977-01-20,0.0949
1977-01-25,-0.0907
1977-01-31,-0.311
1977-02-05,-0.509
1977-02-10,-0.5949
1977-02-15,-0.6834
1977-02-20,-0.5227
1977-02-25,0.1739
1977-02-28,0.1796
1977-03-05,0.367
1977-03-10,0.0794
1977-03-15,0.1261
1977-03-20,0.1507
1977-03-25,0.3763
1977-03-31,0.5896
1977-04-05,0.1589
1977-04-10,0.2767
1977-04-15,0.1787
1977-04-20,0.2091
1977-04-25,0.3787
1977-04-30,0.5787
1977-05-05,0.7863
1977-05-10,0.9401
1977-05-15,1.1495
1977-05-20,1.1838
1977-05-25,0.8229
1977-05-31,0.8323
1977-06-05,0.5949
1977-06-10,NA
1977-06-15,NA
1977-06-20,NA
1977-06-25,NA
1977-06-30,NA
1977-07-05,NA
1977-07-10,NA
1977-07-15,NA
1977-07-20,NA
1977-07-25,NA
1977-07-31,NA
1977-08-05,NA
1977-08-10,NA
1977-08-15,NA
1977-08-20,NA
1977-08-25,NA
1977-08-31,NA
1977-09-05,NA
1977-09-10,NA
1977-09-15,NA
1977-09-20,NA
1977-09-25,0.6612
1977-09-30,0.5441
1977-10-05,0.4915
1977-10-10,0.4077
1977-10-15,0.3572
1977-10-20,0.2569
1977-10-25,1.0575
1977-10-31,1.0631
1977-11-05,0.7422
1977-11-10,0.921
1977-11-15,1.6258
1977-11-20,1.7308
1977-11-25,1.5173
1977-11-30,1.5766
1977-12-05,1.2034
1977-12-10,1.1875
1977-12-15,2.3152
1977-12-20,2.1226
1977-12-25,1.9485
1977-12-31,1.9212
1978-01-05,2.0741
1978-01-10,2.082
1978-01-15,1.8896
1978-01-20,1.5324
1978-01-25,1.152
1978-01-31,1.0117
1978-02-05,1.7548
1978-02-10,1.5513
1978-02-15,0.962
1978-02-20,1.0747
1978-02-25,1.0173
1978-02-28,0.8826
1978-03-05,0.7406
1978-03-10,0.6301
1978-03-15,-0.0266
1978-03-20,0.2111
1978-03-25,0.1973
1978-03-31,0.2449
1978-04-05,-0.0105
1978-04-10,-0.1258
1978-04-15,0.0168
1978-04-20,0.2897
1978-04-25,0.1854
1978-04-30,0.3124
1978-05-05,-0.8237
1978-05-10,-0.6349
1978-05-15,-0.3891
1978-05-20,-0.7142
1978-05-25,-0.7496
1978-05-31,-0.6102
1978-06-05,-0.2726
1978-06-10,-0.1724
1978-06-15,0.1046
1978-06-20,-0.4597
1978-06-25,-0.4916
1978-06-30,-1.0167
1978-07-05,-0.9232
1978-07-10,-0.4467
1978-07-15,NA
1978-07-20,NA
1978-07-25,NA
1978-07-31,NA
1978-08-05,NA
1978-08-10,NA
1978-08-15,NA
1978-08-20,0.4321
1978-08-25,0.386
1978-08-31,0.2301
1978-09-05,0.3949
1978-09-10,0.332
1978-09-15,0.1467
1978-09-20,-0.0338
1978-09-25,-0.2313
1978-09-30,-0.3812
1978-10-05,-0.4206
1978-10-10,-0.261
1978-10-15,-0.3992
1978-10-20,-0.4573
1978-10-25,-0.5912
1978-10-31,-0.7639
1978-11-05,-0.2416
1978-11-10,-0.0742
1978-11-15,-0.2568
1978-11-20,-1.2004
1978-11-25,-0.9154
1978-11-30,-0.9536
1978-12-05,-0.846
1978-12-10,-0.9559
1978-12-15,-1.1288
1978-12-20,-0.7668
1978-12-25,0.1298
1978-12-31,0.0945
1979-01-05,0.3629
1979-01-10,0.7781
1979-01-15,1.0773
1979-01-20,1.1511
1979-01-25,1.1178
1979-01-31,1.1795
1979-02-05,0.8466
1979-02-10,0.6908
1979-02-15,0.8867
1979-02-20,0.8476
1979-02-25,0.644
1979-02-28,0.6333
1979-03-05,0.4453
1979-03-10,0.4327
1979-03-15,0.6549
1979-03-20,0.7757
1979-03-25,0.567
1979-03-31,0.7393
1979-04-05,0.6205
1979-04-10,0.4913
1979-04-15,0.3027
1979-04-20,0.2091
1979-04-25,0.3636
1979-04-30,0.2659
1979-05-05,0.4487
1979-05-10,0.6272
1979-05-15,0.4593
1979-05-20,0.623
1979-05-25,0.9123
1979-05-31,1.0327
1979-06-05,1.2835
1979-06-10,1.4363
1979-06-15,1.2654
1979-06-20,1.0584
1979-06-25,1.0697
1979-06-30,0.716
1979-07-05,0.971
1979-07-10,0.8371
1979-07-15,NA
1979-07-20,NA
1979-07-25,NA
1979-07-31,NA
1979-08-05,NA
1979-08-10,NA
1979-08-15,NA
1979-08-20,0.0529
1979-08-25,-0.0014
1979-08-31,-0.2647
1979-09-05,-0.2853
1979-09-10,0.0176
1979-09-15,-0.1598
1979-09-20,-0.3637
1979-09-25,-0.5567
1979-09-30,-0.7193
1979-10-05,-0.3427
1979-10-10,-0.9698
1979-10-15,-1.0746
1979-10-20,-0.7794
1979-10-25,-0.9154
1979-10-31,-1.1236
1979-11-05,-1.2068
1979-11-10,-1.0684
1979-11-15,-0.912
1979-11-20,-0.5424
1979-11-25,-0.3227
1979-11-30,-0.1138
1979-12-05,-0.2093
1979-12-10,-0.4175
1979-12-15,-0.3001
1979-12-20,0.3011
1979-12-25,0.5369
1979-12-31,1.1795
1980-01-05,0.7387
1980-01-10,0.4593
1980-01-15,0.1323
1980-01-20,-0.167
1980-01-25,-0.2803
1980-01-31,-0.2172
1980-02-05,-0.3832
1980-02-10,-0.543
1980-02-15,-0.5035
1980-02-20,-0.4603
1980-02-25,-0.6518
1980-02-29,-0.6724
1980-03-05,-0.6299
1980-03-10,-0.4715
1980-03-15,-0.5271
1980-03-20,-0.816
1980-03-25,-1.0276
1980-03-31,-1.4751
1980-04-05,-1.2566
1980-04-10,-1.0901
1980-04-15,-0.9341
1980-04-20,-0.783
1980-04-25,-0.6809
1980-04-30,-0.6083
1980-05-05,-0.4189
1980-05-10,-0.2118
1980-05-15,-0.3023
1980-05-20,-0.5266
1980-05-25,-0.292
1980-05-31,-0.3236
1980-06-05,-0.2036
1980-06-10,-0.4379
1980-06-15,-0.404
1980-06-20,-0.2652
1980-06-25,0.0393
1980-06-30,-0.1803
1980-07-05,0.0775
1980-07-10,0.4804
1980-07-15,NA
1980-07-20,NA
1980-07-25,NA
1980-07-31,NA
1980-08-05,NA
1980-08-10,NA
1980-08-15,NA
1980-08-20,0.1117
1980-08-25,0.0543
1980-08-31,0.292
1980-09-05,0.6502
1980-09-10,1.3017
1980-09-15,1.8139
1980-09-20,1.5981
1980-09-25,1.4652
1980-09-30,1.3752
1980-10-05,1.1924
1980-10-10,1.3273
1980-10-15,1.3579
1980-10-20,1.3464
1980-10-25,1.5116
1980-10-31,1.5658
1980-11-05,1.5826
1980-11-10,1.3613
1980-11-15,1.2157
1980-11-20,1.2321
1980-11-25,1.047
1980-11-30,0.7908
1980-12-05,0.6
1980-12-10,0.029
1980-12-15,-1.2196
1980-12-20,-1.1663
1980-12-25,-1.2591
1980-12-31,-1.7242
1981-01-05,-1.1209
1981-01-10,-0.9796
1981-01-15,-0.5439
1981-01-20,-0.5243
1981-01-25,-0.9555
1981-01-31,-0.7972
1981-02-05,-0.1095
1981-02-10,0.5873
1981-02-15,0.5687
1981-02-20,0.4354
1981-02-25,0.3977
1981-02-28,0.4738
1981-03-05,0.7349
1981-03-10,0.6511
1981-03-15,0.7641
1981-03-20,0.7698
1981-03-25,0.7736
1981-03-31,0.9086
1981-04-05,0.7959
1981-04-10,0.6822
1981-04-15,0.5286
1981-04-20,0.5572
1981-04-25,0.71
1981-04-30,0.6824
1981-05-05,0.2245
1981-05-10,-0.5543
1981-05-15,-0.5604
1981-05-20,-0.3198
1981-05-25,-0.2315
1981-05-31,-0.3351
1981-06-05,-1.5157
1981-06-10,-1.1042
1981-06-15,-1.4583
1981-06-20,-1.2721
1981-06-25,-0.9347
1981-06-30,-1.698
1981-07-05,-1.6597
1981-07-10,-1.7053
1981-07-15,NA
1981-07-20,NA
1981-07-25,NA
1981-07-31,NA
1981-08-05,NA
1981-08-10,NA
1981-08-15,NA
1981-08-20,0.0752
1981-08-25,0.0197
1981-08-31,0.1985
1981-09-05,1.2442
1981-09-10,1.1145
1981-09-15,0.8994
1981-09-20,0.6924
1981-09-25,1.7343
1981-09-30,1.6529
1981-10-05,1.5828
1981-10-10,1.6006
1981-10-15,1.6337
1981-10-20,1.5721
1981-10-25,1.7226
1981-10-31,1.8175
1981-11-05,1.8342
1981-11-10,1.3613
1981-11-15,1.276
1981-11-20,1.3281
1981-11-25,1.1098
1981-11-30,1.0389
1981-12-05,0.4446
1981-12-10,0.3422
1981-12-15,0.1922
1981-12-20,0.4142
1981-12-25,-0.8525
1981-12-31,0.1493
1982-01-05,0.3297
1982-01-10,0.1611
1982-01-15,0.6029
1982-01-20,0.9353
1982-01-25,0.6303
1982-01-31,0.3949
1982-02-05,0.2263
1982-02-10,0.1957
1982-02-15,0.0371
1982-02-20,-0.0001
1982-02-25,0.2186
1982-02-28,0.2101
1982-03-05,0.9132
1982-03-10,1.0234
1982-03-15,1.1656
1982-03-20,1.0886
1982-03-25,0.9913
1982-03-31,0.7289
1982-04-05,0.6509
1982-04-10,0.7404
1982-04-15,0.491
1982-04-20,0.2129
1982-04-25,0.2923
1982-04-30,0.4947
1982-05-05,0.6928
1982-05-10,0.8031
1982-05-15,1.091
1982-05-20,1.2466
1982-05-25,1.2508
1982-05-31,1.2622
1982-06-05,-0.1974
1982-06-10,-0.4749
1982-06-15,-0.7369
1982-06-20,-0.4994
1982-06-25,-0.1881
1982-06-30,-1.2846
1982-07-05,-1.2135
1982-07-10,-1.96
1982-07-15,NA
1982-07-20,NA
1982-07-25,NA
1982-07-31,NA
1982-08-05,NA
1982-08-10,NA
1982-08-15,NA
1982-08-20,-1.6449
1982-08-25,-1.6449
1982-08-31,-1.6449
1982-09-05,-1.6449
1982-09-10,-0.5388
1982-09-15,-0.7134
1982-09-20,-0.9195
1982-09-25,0.312
1982-09-30,0.4242
1982-10-05,0.3734
1982-10-10,0.287
1982-10-15,0.1998
1982-10-20,0.2054
1982-10-25,0.0746
1982-10-31,0.0388
1982-11-05,-0.0353
1982-11-10,0.1245
1982-11-15,0.0475
1982-11-20,0.3256
1982-11-25,0.8302
1982-11-30,0.7704
1982-12-05,0.781
1982-12-10,0.7
1982-12-15,0.5677
1982-12-20,0.4819
1982-12-25,-0.1858
1982-12-31,-0.7134
1983-01-05,-0.9691
1983-01-10,-0.6878
1983-01-15,-1.0273
1983-01-20,-0.9864
1983-01-25,-0.8666
1983-01-31,-1.0466
1983-02-05,-0.775
1983-02-10,-0.9389
1983-02-15,-0.8343
1983-02-20,-1.0923
1983-02-25,-1.447
1983-02-28,-1.4507
1983-03-05,-1.4837
1983-03-10,-1.6751
1983-03-15,-1.5417
1983-03-20,-1.5754
1983-03-25,-1.6601
1983-03-31,-1.5046
1983-04-05,-1.4016
1983-04-10,-1.5807
1983-04-15,-1.4325
1983-04-20,-1.3535
1983-04-25,-1.4782
1983-04-30,-1.3091
1983-05-05,-1.6858
1983-05-10,-1.6396
1983-05-15,-1.9863
1983-05-20,-2.0251
1983-05-25,-2.2605
1983-05-31,-2.128
1983-06-05,-1.7761
1983-06-10,-1.3808
1983-06-15,-2.0194
1983-06-20,-1.7553
1983-06-25,-1.3985
1983-06-30,-1.1496
1983-07-05,-1.0673
1983-07-10,-0.5613
1983-07-15,NA
1983-07-20,NA
1983-07-25,NA
1983-07-31,NA
1983-08-05,NA
1983-08-10,NA
1983-08-15,NA
1983-08-20,-0.6305
1983-08-25,-0.6498
1983-08-31,1.0739
1983-09-05,0.9574
1983-09-10,0.8998
1983-09-15,0.7215
1983-09-20,0.5156
1983-09-25,0.5866
1983-09-30,0.485
1983-10-05,0.754
1983-10-10,0.8409
1983-10-15,0.8047
1983-10-20,0.7345
1983-10-25,0.6054
1983-10-31,0.5121
1983-11-05,0.4664
1983-11-10,0.369
1983-11-15,0.2517
1983-11-20,0.0081
1983-11-25,-0.066
1983-11-30,-1.0337
1983-12-05,-1.212
1983-12-10,-1.0563
1983-12-15,-1.3134
1983-12-20,-1.323
1983-12-25,-1.5685
1983-12-31,-1.8769
1984-01-05,-1.1967
1984-01-10,-0.7391
1984-01-15,-0.5992
1984-01-20,-0.4241
1984-01-25,-0.2576
1984-01-31,0.2907
1984-02-05,0.7432
1984-02-10,0.8169
1984-02-15,0.9188
1984-02-20,1.229
1984-02-25,1.6966
1984-02-29,1.7511
1984-03-05,1.8969
1984-03-10,1.8297
1984-03-15,1.9083
1984-03-20,2.1615
1984-03-25,2.4157
1984-03-31,2.4952
1984-04-05,2.4078
1984-04-10,2.2319
1984-04-15,2.3019
1984-04-20,2.3471
1984-04-25,2.4327
1984-04-30,2.196
1984-05-05,1.9892
1984-05-10,2.0465
1984-05-15,2.1475
1984-05-20,2.0395
1984-05-25,1.5551
1984-05-31,1.4422
1984-06-05,0.9902
1984-06-10,1.0808
1984-06-15,1.2776
1984-06-20,1.0389
1984-06-25,0.4764
1984-06-30,-0.1483
1984-07-05,0.0228
1984-07-10,0.3266
1984-07-15,NA
1984-07-20,NA
1984-07-25,NA
1984-07-31,NA
1984-08-05,NA
1984-08-10,NA
1984-08-15,NA
1984-08-20,1.0187
1984-08-25,0.9137
1984-08-31,0.7922
1984-09-05,0.6961
1984-09-10,0.6114
1984-09-15,0.4167
1984-09-20,-0.0199
1984-09-25,-0.4845
1984-09-30,-0.6443
1984-10-05,-0.6802
1984-10-10,-0.7696
1984-10-15,-0.879
1984-10-20,-0.9328
1984-10-25,-1.0699
1984-10-31,-1.295
1984-11-05,-1.2995
1984-11-10,-2.9532
1984-11-15,-2.6133
1984-11-20,-1.0084
1984-11-25,-0.0818
1984-11-30,0.2213
1984-12-05,0.1558
1984-12-10,0.0409
1984-12-15,0.1025
1984-12-20,0.2827
1984-12-25,0.4648
1984-12-31,0.0899
1985-01-05,0.1841
1985-01-10,1.0376
1985-01-15,1.0579
1985-01-20,1.6905
1985-01-25,1.8066
1985-01-31,1.5781
1985-02-05,1.4287
1985-02-10,1.7627
1985-02-15,2.0111
1985-02-20,1.9928
1985-02-25,1.6948
1985-02-28,1.5333
1985-03-05,1.3643
1985-03-10,1.5628
1985-03-15,1.7706
1985-03-20,1.8507
1985-03-25,1.7542
1985-03-31,1.84
1985-04-05,1.9945
1985-04-10,1.6375
1985-04-15,1.7873
1985-04-20,1.3783
1985-04-25,1.5034
1985-04-30,1.8183
1985-05-05,1.9648
1985-05-10,1.7825
1985-05-15,1.568
1985-05-20,1.4064
1985-05-25,1.5626
1985-05-31,1.7227
1985-06-05,2.0454
1985-06-10,1.8764
1985-06-15,1.6587
1985-06-20,1.6521
1985-06-25,1.9165
1985-06-30,2.2758
1985-07-05,2.2295
1985-07-10,1.9772
1985-07-15,NA
1985-07-20,NA
1985-07-25,NA
1985-07-31,NA
1985-08-05,NA
1985-08-10,NA
1985-08-15,NA
1985-08-20,-0.1985
1985-08-25,-0.2398
1985-08-31,0.2489
1985-09-05,0.6641
1985-09-10,0.4815
1985-09-15,0.5111
1985-09-20,0.8813
1985-09-25,1.0147
1985-09-30,0.9097
1985-10-05,0.8516
1985-10-10,0.7486
1985-10-15,0.704
1985-10-20,0.6348
1985-10-25,0.5055
1985-10-31,0.4517
1985-11-05,0.6658
1985-11-10,0.5463
1985-11-15,0.7288
1985-11-20,1.0025
1985-11-25,1.4607
1985-11-30,1.1893
1985-12-05,1.0873
1985-12-10,1.1036
1985-12-15,1.3284
1985-12-20,0.8448
1985-12-25,0.8883
1985-12-31,1.3567
1986-01-05,1.4102
1986-01-10,1.185
1986-01-15,0.9276
1986-01-20,0.6734
1986-01-25,0.5578
1986-01-31,0.3864
1986-02-05,0.0862
1986-02-10,0.1364
1986-02-15,-0.1124
1986-02-20,-0.2508
1986-02-25,-0.5699
1986-02-28,-0.4223
1986-03-05,-0.2372
1986-03-10,-0.268
1986-03-15,-0.3736
1986-03-20,-0.2654
1986-03-25,-0.4372
1986-03-31,-0.8705
1986-04-05,-1.0634
1986-04-10,-0.8594
1986-04-15,-0.6812
1986-04-20,-0.4773
1986-04-25,-0.3962
1986-04-30,-0.2307
1986-05-05,0.0479
1986-05-10,0.059
1986-05-15,0.2475
1986-05-20,0.2949
1986-05-25,0.3595
1986-05-31,0.2054
1986-06-05,-0.0976
1986-06-10,-0.1627
1986-06-15,-0.3553
1986-06-20,-0.5502
1986-06-25,-0.7972
1986-06-30,-0.3936
1986-07-05,-0.4679
1986-07-10,-0.3148
1986-07-15,NA
1986-07-20,NA
1986-07-25,NA
1986-07-31,NA
1986-08-05,NA
1986-08-10,NA
1986-08-15,NA
1986-08-20,0.2565
1986-08-25,0.1915
1986-08-31,-0.0447
1986-09-05,-0.0807
1986-09-10,-0.1173
1986-09-15,-0.2924
1986-09-20,0.2441
1986-09-25,0.2263
1986-09-30,0.655
1986-10-05,0.6008
1986-10-10,0.5054
1986-10-15,0.4384
1986-10-20,0.8888
1986-10-25,0.7776
1986-10-31,0.7531
1986-11-05,0.9177
1986-11-10,0.802
1986-11-15,0.7036
1986-11-20,0.2074
1986-11-25,0.5032
1986-11-30,0.4317
1986-12-05,0.4203
1986-12-10,0.3477
1986-12-15,1.0835
1986-12-20,1.1652
1986-12-25,1.3539
1986-12-31,0.921
1987-01-05,1.2607
1987-01-10,2.2624
1987-01-15,2.1871
1987-01-20,1.8462
1987-01-25,1.7765
1987-01-31,1.556
1987-02-05,1.2879
1987-02-10,1.1774
1987-02-15,1.0071
1987-02-20,0.8908
1987-02-25,0.5789
1987-02-28,0.5504
1987-03-05,0.7089
1987-03-10,0.7897
1987-03-15,0.4913
1987-03-20,0.3144
1987-03-25,0.1469
1987-03-31,0.1211
1987-04-05,-0.185
1987-04-10,-1.3713
1987-04-15,-1.4817
1987-04-20,-1.6147
1987-04-25,-1.7872
1987-04-30,-1.5427
1987-05-05,-1.3178
1987-05-10,-1.0715
1987-05-15,-0.857
1987-05-20,-0.3987
1987-05-25,-0.1393
1987-05-31,0.0045
1987-06-05,-0.5407
1987-06-10,-0.7636
1987-06-15,-0.5944
1987-06-20,-0.4067
1987-06-25,-0.6857
1987-06-30,-0.379
1987-07-05,1.1109
1987-07-10,1.2383
1987-07-15,NA
1987-07-20,NA
1987-07-25,NA
1987-07-31,NA
1987-08-05,NA
1987-08-10,NA
1987-08-15,NA
1987-08-20,1.0142
1987-08-25,1.1367
1987-08-31,1.052
1987-09-05,0.937
1987-09-10,0.8332
1987-09-15,1.439
1987-09-20,1.0976
1987-09-25,0.8783
1987-09-30,0.7793
1987-10-05,-0.0291
1987-10-10,-0.1655
1987-10-15,0.0127
1987-10-20,0.958
1987-10-25,0.8294
1987-10-31,1.0329
1987-11-05,1.0396
1987-11-10,0.9743
1987-11-15,1.1323
1987-11-20,1.097
1987-11-25,0.8732
1987-11-30,1.2394
1987-12-05,1.2646
1987-12-10,1.1656
1987-12-15,0.3737
1987-12-20,0.2958
1987-12-25,0.1651
1987-12-31,0.0249
1988-01-05,-0.247
1988-01-10,-0.4263
1988-01-15,-0.3892
1988-01-20,-0.9842
1988-01-25,-0.987
1988-01-31,-1.3892
1988-02-05,-0.8813
1988-02-10,-1.1171
1988-02-15,-0.8006
1988-02-20,-0.7093
1988-02-25,-0.8269
1988-02-29,-1.1628
1988-03-05,-1.1926
1988-03-10,-1.0764
1988-03-15,-0.2283
1988-03-20,-0.0998
1988-03-25,-0.0432
1988-03-31,0.2321
1988-04-05,0.668
1988-04-10,0.9429
1988-04-15,0.897
1988-04-20,0.9147
1988-04-25,1.0067
1988-04-30,1.2125
1988-05-05,1.0456
1988-05-10,1.3294
1988-05-15,1.2007
1988-05-20,1.3057
1988-05-25,1.6892
1988-05-31,1.8507
1988-06-05,2.1912
1988-06-10,2.2213
1988-06-15,1.3729
1988-06-20,1.4156
1988-06-25,1.6306
1988-06-30,1.5077
1988-07-05,0.66
1988-07-10,-0.2709
1988-07-15,NA
1988-07-20,NA
1988-07-25,NA
1988-07-31,NA
1988-08-05,NA
1988-08-10,NA
1988-08-15,NA
1988-08-20,-1.6449
1988-08-25,-1.6449
1988-08-31,-1.6449
1988-09-05,-1.6449
1988-09-10,-1.96
1988-09-15,-1.8946
1988-09-20,-1.0912
1988-09-25,0.2263
1988-09-30,0.0937
1988-10-05,0.0477
1988-10-10,0.4106
1988-10-15,0.3349
1988-10-20,0.2696
1988-10-25,0.1392
1988-10-31,0.0458
1988-11-05,-0.0278
1988-11-10,-0.0247
1988-11-15,-0.112
1988-11-20,-0.2782
1988-11-25,-0.3923
1988-11-30,-0.4219
1988-12-05,-0.4336
1988-12-10,-0.3632
1988-12-15,-0.6128
1988-12-20,-0.5855
1988-12-25,-1.5291
1988-12-31,-1.6914
1989-01-05,-1.5419
1989-01-10,-2.1888
1989-01-15,-2.5865
1989-01-20,-2.6578
1989-01-25,-2.7228
1989-01-31,-2.106
1989-02-05,-2.1599
1989-02-10,-1.7591
1989-02-15,-1.7949
1989-02-20,-1.7846
1989-02-25,-1.7907
1989-02-28,-1.7652
1989-03-05,-1.7069
1989-03-10,-1.6097
1989-03-15,-1.5521
1989-03-20,-1.6342
1989-03-25,-1.4384
1989-03-31,-1.2027
1989-04-05,-1.0666
1989-04-10,-0.936
1989-04-15,-0.4924
1989-04-20,-0.1893
1989-04-25,0.2012
1989-04-30,0.0833
1989-05-05,0.2388
1989-05-10,0.0606
1989-05-15,0.2391
1989-05-20,0.382
1989-05-25,0.6967
1989-05-31,0.9055
1989-06-05,1.1956
1989-06-10,1.1954
1989-06-15,1.3217
1989-06-20,1.5515
1989-06-25,1.5983
1989-06-30,1.8852
1989-07-05,2.0362
1989-07-10,1.9959
1989-07-15,NA
1989-07-20,NA
1989-07-25,NA
1989-07-31,NA
1989-08-05,NA
1989-08-10,NA
1989-08-15,NA
1989-08-20,0.2696
1989-08-25,0.204
1989-08-31,-0.2567
1989-09-05,-0.5773
1989-09-10,-0.6101
1989-09-15,-0.786
1989-09-20,-0.7544
1989-09-25,-0.869
1989-09-30,-1.0444
1989-10-05,-1.4859
1989-10-10,-1.2551
1989-10-15,-0.7509
1989-10-20,-0.8058
1989-10-25,-0.8839
1989-10-31,-1.0887
1989-11-05,-1.1064
1989-11-10,-1.032
1989-11-15,-1.2128
1989-11-20,-0.8029
1989-11-25,-0.3296
1989-11-30,-0.362
1989-12-05,-0.4798
1989-12-10,-0.6044
1989-12-15,-0.749
1989-12-20,-0.8469
1989-12-25,-0.752
1989-12-31,-0.9932
1990-01-05,-0.66
1990-01-10,-0.7863
1990-01-15,-1.1685
1990-01-20,-1.2423
1990-01-25,-1.2272
1990-01-31,-0.2795
1990-02-05,-0.0645
1990-02-10,0.0892
1990-02-15,-0.0672
1990-02-20,-0.2135
1990-02-25,-0.477
1990-02-28,-0.4579
1990-03-05,-0.5078
1990-03-10,-0.5194
1990-03-15,-0.4127
1990-03-20,-0.4354
1990-03-25,-0.475
1990-03-31,-0.4138
1990-04-05,-0.5264
1990-04-10,-0.4663
1990-04-15,-0.4336
1990-04-20,-0.3135
1990-04-25,-0.2591
1990-04-30,-1.102
1990-05-05,-1.5242
1990-05-10,-1.9053
1990-05-15,-1.3207
1990-05-20,-1.2966
1990-05-25,-1.1641
1990-05-31,-1.0927
1990-06-05,-0.3565
1990-06-10,0.3548
1990-06-15,0.5295
1990-06-20,0.7027
1990-06-25,0.9838
1990-06-30,1.4595
1990-07-05,1.6886
1990-07-10,1.6826
1990-07-15,NA
1990-07-20,NA
1990-07-25,NA
1990-07-31,NA
1990-08-05,NA
1990-08-10,NA
1990-08-15,NA
1990-08-20,1.2661
1990-08-25,1.3804
1990-08-31,1.336
1990-09-05,0.6915
1990-09-10,-0.1761
1990-09-15,-1.0375
1990-09-20,-1.2464
1990-09-25,-1.4321
1990-09-30,-1.3109
1990-10-05,-1.3387
1990-10-10,-1.5016
1990-10-15,-1.2239
1990-10-20,-0.8326
1990-10-25,-0.2517
1990-10-31,-0.3832
1990-11-05,-0.1268
1990-11-10,-0.1281
1990-11-15,0.2839
1990-11-20,0.4308
1990-11-25,0.1938
1990-11-30,0.197
1990-12-05,0.4366
1990-12-10,1.1013
1990-12-15,0.9886
1990-12-20,1.0005
1990-12-25,0.8596
1990-12-31,0.7049
1991-01-05,0.8071
1991-01-10,0.7501
1991-01-15,0.5481
1991-01-20,0.1691
1991-01-25,-0.1158
1991-01-31,-0.2861
1991-02-05,-0.5979
1991-02-10,-0.7632
1991-02-15,-1.0891
1991-02-20,-0.833
1991-02-25,-0.9398
1991-02-28,-0.9679
1991-03-05,-1.1198
1991-03-10,-1.2405
1991-03-15,-0.9153
1991-03-20,-1.0139
1991-03-25,-0.9407
1991-03-31,-0.9428
1991-04-05,-1.1308
1991-04-10,-1.1261
1991-04-15,-1.1694
1991-04-20,-0.9417
1991-04-25,-0.9533
1991-04-30,-0.7403
1991-05-05,-0.5289
1991-05-10,-0.3207
1991-05-15,-0.1927
1991-05-20,-0.6405
1991-05-25,-0.3977
1991-05-31,-0.2559
1991-06-05,-0.0186
1991-06-10,-0.4051
1991-06-15,-1.3147
1991-06-20,-1.056
1991-06-25,-1.2229
1991-06-30,-0.9607
1991-07-05,-1.1383
1991-07-10,-0.6174
1991-07-15,NA
1991-07-20,NA
1991-07-25,NA
1991-07-31,NA
1991-08-05,NA
1991-08-10,NA
1991-08-15,NA
1991-08-20,-0.7716
1991-08-25,-0.7839
1991-08-31,-0.8497
1991-09-05,-0.8028
1991-09-10,-1.2034
1991-09-15,-1.3901
1991-09-20,-1.6032
1991-09-25,-1.7882
1991-09-30,-1.9007
1991-10-05,-1.9221
1991-10-10,-2.0749
1991-10-15,-2.386
1991-10-20,-2.5575
1991-10-25,-2.5476
1991-10-31,-2.1935
1991-11-05,-1.9871
1991-11-10,-1.7864
1991-11-15,-2.0033
1991-11-20,-2.3741
1991-11-25,-2.4418
1991-11-30,-2.5276
1991-12-05,-2.3269
1991-12-10,-2.4677
1991-12-15,-2.7805
1991-12-20,-2.7328
1991-12-25,-2.5538
1991-12-31,-2.2839
1992-01-05,-2.4405
1992-01-10,-1.9033
1992-01-15,-1.4477
1992-01-20,-0.9955
1992-01-25,-1.1423
1992-01-31,-1.4792
1992-02-05,-1.2458
1992-02-10,-1.4084
1992-02-15,-1.2854
1992-02-20,-1.1206
1992-02-25,-1.1206
1992-02-29,-1.1168
1992-03-05,-1.2383
1992-03-10,-1.1227
1992-03-15,-1.1451
1992-03-20,-1.1709
1992-03-25,-1.1368
1992-03-31,-1.1743
1992-04-05,-1.0889
1992-04-10,-1.131
1992-04-15,-1.4403
1992-04-20,-1.8277
1992-04-25,-1.7082
1992-04-30,-1.4485
1992-05-05,-1.8476
1992-05-10,-1.646
1992-05-15,-1.8823
1992-05-20,-2.4835
1992-05-25,-2.4488
1992-05-31,-2.3167
1992-06-05,-1.926
1992-06-10,-2.2411
1992-06-15,-2.1668
1992-06-20,-1.9009
1992-06-25,-1.5379
1992-06-30,-0.161
1992-07-05,0.0089
1992-07-10,0.0022
1992-07-15,NA
1992-07-20,NA
1992-07-25,NA
1992-07-31,NA
1992-08-05,NA
1992-08-10,NA
1992-08-15,NA
1992-08-20,0.6776
1992-08-25,0.6395
1992-08-31,0.4732
1992-09-05,0.3473
1992-09-10,0.2877
1992-09-15,0.1036
1992-09-20,-0.1002
1992-09-25,-0.2967
1992-09-30,-1.2563
1992-10-05,-1.2847
1992-10-10,-1.4737
1992-10-15,-1.0425
1992-10-20,-1.0887
1992-10-25,-1.3589
1992-10-31,-1.6158
1992-11-05,-1.7906
1992-11-10,-1.6428
1992-11-15,-1.1648
1992-11-20,-1.19
1992-11-25,-0.4928
1992-11-30,-0.5177
1992-12-05,-0.2522
1992-12-10,-0.1675
1992-12-15,-0.3331
1992-12-20,-0.3821
1992-12-25,-0.1134
1992-12-31,0.4621
1993-01-05,1.1544
1993-01-10,1.0268
1993-01-15,0.6145
1993-01-20,0.7341
1993-01-25,0.7653
1993-01-31,0.962
1993-02-05,1.0036
1993-02-10,0.9001
1993-02-15,0.7704
1993-02-20,0.5738
1993-02-25,0.2258
1993-02-28,0.244
1993-03-05,0.1908
1993-03-10,0.2184
1993-03-15,0.202
1993-03-20,0.2344
1993-03-25,0.3742
1993-03-31,0.0705
1993-04-05,-0.447
1993-04-10,-0.3866
1993-04-15,-0.2267
1993-04-20,-0.4363
1993-04-25,-0.4357
1993-04-30,-0.6944
1993-05-05,-0.8401
1993-05-10,-0.6288
1993-05-15,-0.7103
1993-05-20,-0.4534
1993-05-25,-0.203
1993-05-31,-0.136
1993-06-05,-0.2662
1993-06-10,-0.3131
1993-06-15,0.0064
1993-06-20,0.1837
1993-06-25,-0.5272
1993-06-30,-0.4923
1993-07-05,-0.477
1993-07-10,-0.0049
1993-07-15,NA
1993-07-20,NA
1993-07-25,NA
1993-07-31,NA
1993-08-05,NA
1993-08-10,NA
1993-08-15,NA
1993-08-20,-0.2804
1993-08-25,-0.3175
1993-08-31,-0.6548
1993-09-05,-0.6493
1993-09-10,-0.7976
1993-09-15,0.9921
1993-09-20,0.7844
1993-09-25,0.692
1993-09-30,0.5759
1993-10-05,0.5925
1993-10-10,0.6972
1993-10-15,0.7233
1993-10-20,0.643
1993-10-25,0.56
1993-10-31,0.5917
1993-11-05,0.5508
1993-11-10,0.7947
1993-11-15,1.3163
1993-11-20,1.4376
1993-11-25,1.4095
1993-11-30,1.3744
1993-12-05,1.4365
1993-12-10,2.0489
1993-12-15,1.2254
1993-12-20,1.2111
1993-12-25,0.9054
1993-12-31,0.8363
1994-01-05,0.4984
1994-01-10,0.3241
1994-01-15,-0.0257
1994-01-20,-0.2925
1994-01-25,-0.0426
1994-01-31,-0.2729
1994-02-05,-0.4399
1994-02-10,-0.197
1994-02-15,-0.3176
1994-02-20,-0.4952
1994-02-25,-0.6814
1994-02-28,-0.6709
1994-03-05,-0.7439
1994-03-10,-1.2656
1994-03-15,-1.173
1994-03-20,-1.2811
1994-03-25,-1.2463
1994-03-31,-1.1618
1994-04-05,-1.0539
1994-04-10,-0.9052
1994-04-15,-0.7368
1994-04-20,-0.488
1994-04-25,-0.6177
1994-04-30,-0.4251
1994-05-05,-0.2174
1994-05-10,-0.7457
1994-05-15,-1.3114
1994-05-20,-1.1791
1994-05-25,-0.972
1994-05-31,-1.0082
1994-06-05,-0.6682
1994-06-10,-0.4087
1994-06-15,-0.5717
1994-06-20,-0.3141
1994-06-25,-0.0082
1994-06-30,0.0091
1994-07-05,0.2266
1994-07-10,-0.171
1994-07-15,NA
1994-07-20,NA
1994-07-25,NA
1994-07-31,NA
1994-08-05,NA
1994-08-10,NA
1994-08-15,NA
1994-08-20,-1.3665
1994-08-25,-1.3608
1994-08-31,-0.7967
1994-09-05,-0.7829
1994-09-10,-0.8301
1994-09-15,-1.0142
1994-09-20,-1.2228
1994-09-25,-1.4086
1994-09-30,-1.2127
1994-10-05,-1.2847
1994-10-10,-1.4737
1994-10-15,-1.3732
1994-10-20,-1.4231
1994-10-25,-1.4952
1994-10-31,-1.3536
1994-11-05,-1.3965
1994-11-10,-1.1931
1994-11-15,-1.1335
1994-11-20,-0.5424
1994-11-25,-0.4855
1994-11-30,-0.7356
1994-12-05,-0.887
1994-12-10,-0.96
1994-12-15,-0.1398
1994-12-20,0.5849
1994-12-25,0.7664
1994-12-31,0.559
1995-01-05,0.4474
1995-01-10,0.3112
1995-01-15,0.2986
1995-01-20,0.1775
1995-01-25,-0.0624
1995-01-31,-0.1351
1995-02-05,-0.3368
1995-02-10,-0.4787
1995-02-15,-0.5615
1995-02-20,-0.7512
1995-02-25,-0.364
1995-02-28,0.0685
1995-03-05,-0.0216
1995-03-10,0.1516
1995-03-15,-0.1635
1995-03-20,-0.4445
1995-03-25,-0.3045
1995-03-31,-0.2072
1995-04-05,-0.1937
1995-04-10,-0.1136
1995-04-15,-0.1881
1995-04-20,-0.0506
1995-04-25,0.1561
1995-04-30,0.1655
1995-05-05,0.3756
1995-05-10,0.5529
1995-05-15,0.7124
1995-05-20,0.7673
1995-05-25,0.46
1995-05-31,-0.2089
1995-06-05,0.1108
1995-06-10,-0.1854
1995-06-15,0.0561
1995-06-20,0.0648
1995-06-25,-0.9267
1995-06-30,-1.5597
1995-07-05,-1.5107
1995-07-10,-0.9048
1995-07-15,NA
1995-07-20,NA
1995-07-25,NA
1995-07-31,NA
1995-08-05,NA
1995-08-10,NA
1995-08-15,NA
1995-08-20,0.7696
1995-08-25,0.6778
1995-08-31,0.5176
1995-09-05,0.4413
1995-09-10,0.4222
1995-09-15,0.234
1995-09-20,0.3993
1995-09-25,0.1945
1995-09-30,0.0607
1995-10-05,0.1249
1995-10-10,-0.0055
1995-10-15,-0.1199
1995-10-20,-0.1805
1995-10-25,-0.313
1995-10-31,-0.4554
1995-11-05,-0.5593
1995-11-10,-0.4253
1995-11-15,-0.1696
1995-11-20,-1.2163
1995-11-25,-1.2948
1995-11-30,-1.2827
1995-12-05,-1.1611
1995-12-10,-0.5432
1995-12-15,-0.7378
1995-12-20,-1.0256
1995-12-25,-0.6368
1995-12-31,-0.2375
1996-01-05,-0.501
1996-01-10,-0.6252
1996-01-15,-0.3598
1996-01-20,0.1372
1996-01-25,0.0148
1996-01-31,0.4075
1996-02-05,0.2402
1996-02-10,0.0734
1996-02-15,-0.1438
1996-02-20,-0.3059
1996-02-25,-0.0322
1996-02-29,-0.0393
1996-03-05,-0.1444
1996-03-10,-0.3837
1996-03-15,-0.3988
1996-03-20,-0.4406
1996-03-25,-0.292
1996-03-31,-0.4823
1996-04-05,-0.3446
1996-04-10,-0.2424
1996-04-15,-0.4308
1996-04-20,-0.8407
1996-04-25,-0.7418
1996-04-30,-1.2479
1996-05-05,-0.9909
1996-05-10,-0.7801
1996-05-15,-0.6914
1996-05-20,-0.4922
1996-05-25,-1.039
1996-05-31,-0.9231
1996-06-05,-0.7874
1996-06-10,-0.5202
1996-06-15,-0.2538
1996-06-20,0.0161
1996-06-25,-0.7128
1996-06-30,-0.6845
1996-07-05,-1.1094
1996-07-10,-0.6643
1996-07-15,NA
1996-07-20,NA
1996-07-25,NA
1996-07-31,NA
1996-08-05,NA
1996-08-10,NA
1996-08-15,NA
1996-08-20,-1.3302
1996-08-25,-1.3238
1996-08-31,-0.103
1996-09-05,-0.1349
1996-09-10,-0.1695
1996-09-15,-0.2924
1996-09-20,-0.5029
1996-09-25,-0.6942
1996-09-30,-0.3205
1996-10-05,-0.3607
1996-10-10,-0.5104
1996-10-15,-0.672
1996-10-20,-0.7276
1996-10-25,-0.744
1996-10-31,-0.9334
1996-11-05,-0.6382
1996-11-10,0.5622
1996-11-15,0.5506
1996-11-20,0.5756
1996-11-25,0.4123
1996-11-30,-0.0279
1996-12-05,0.0213
1996-12-10,0.4443
1996-12-15,0.4089
1996-12-20,0.5485
1996-12-25,0.8596
1996-12-31,1.0423
1997-01-05,0.939
1997-01-10,1.0638
1997-01-15,0.9014
1997-01-20,1.0465
1997-01-25,1.3014
1997-01-31,1.5404
1997-02-05,1.3345
1997-02-10,0.9843
1997-02-15,0.844
1997-02-20,1.0769
1997-02-25,0.9652
1997-02-28,1.076
1997-03-05,1.1352
1997-03-10,1.0401
1997-03-15,1.1798
1997-03-20,1.1709
1997-03-25,0.9979
1997-03-31,0.7478
1997-04-05,0.8066
1997-04-10,0.7296
1997-04-15,0.8688
1997-04-20,0.7634
1997-04-25,0.496
1997-04-30,0.1861
1997-05-05,0.2995
1997-05-10,0.2986
1997-05-15,0.4687
1997-05-20,0.1167
1997-05-25,0.3316
1997-05-31,0.1286
1997-06-05,-0.3142
1997-06-10,-0.4563
1997-06-15,-0.9477
1997-06-20,-1.0418
1997-06-25,-0.8566
1997-06-30,-0.907
1997-07-05,-1.1981
1997-07-10,-1.2002
1997-07-15,NA
1997-07-20,NA
1997-07-25,NA
1997-07-31,NA
1997-08-05,NA
1997-08-10,NA
1997-08-15,NA
1997-08-20,-0.5144
1997-08-25,-0.5395
1997-08-31,-0.4411
1997-09-05,-0.4496
1997-09-10,-0.4795
1997-09-15,-0.6534
1997-09-20,0.9988
1997-09-25,1.1664
1997-09-30,1.5994
1997-10-05,1.5303
1997-10-10,1.5687
1997-10-15,1.6398
1997-10-20,1.56
1997-10-25,1.4322
1997-10-31,1.4779
1997-11-05,1.8535
1997-11-10,1.6662
1997-11-15,1.6912
1997-11-20,1.7139
1997-11-25,1.8507
1997-11-30,1.64
1997-12-05,1.7006
1997-12-10,1.6528
1997-12-15,1.6015
1997-12-20,0.5264
1997-12-25,0.4369
1997-12-31,-0.5545
1998-01-05,-0.5682
1998-01-10,-0.7268
1998-01-15,-0.8079
1998-01-20,-1.0527
1998-01-25,-0.9639
1998-01-31,-1.0486
1998-02-05,-1.5558
1998-02-10,-1.4648
1998-02-15,-1.5331
1998-02-20,-1.5327
1998-02-25,-1.4985
1998-02-28,-1.4079
1998-03-05,-1.2256
1998-03-10,-1.2813
1998-03-15,-1.1776
1998-03-20,-1.0215
1998-03-25,-1.2803
1998-03-31,-1.0969
1998-04-05,-0.8124
1998-04-10,-0.7743
1998-04-15,-0.6797
1998-04-20,-0.4651
1998-04-25,-0.3977
1998-04-30,-0.2777
1998-05-05,-0.0645
1998-05-10,-0.2223
1998-05-15,-0.1003
1998-05-20,0.0233
1998-05-25,-0.1697
1998-05-31,-0.1307
1998-06-05,-0.1395
1998-06-10,0.171
1998-06-15,0.1078
1998-06-20,-0.0495
1998-06-25,0.8491
1998-06-30,1.4473
1998-07-05,0.9665
1998-07-10,1.1165
1998-07-15,NA
1998-07-20,NA
1998-07-25,NA
1998-07-31,NA
1998-08-05,NA
1998-08-10,NA
1998-08-15,NA
1998-08-20,0.8955
1998-08-25,0.797
1998-08-31,0.6563
1998-09-05,0.57
1998-09-10,0.7954
1998-09-15,0.5936
1998-09-20,0.3884
1998-09-25,-0.5063
1998-09-30,-0.9434
1998-10-05,-0.8324
1998-10-10,-0.9325
1998-10-15,-0.6772
1998-10-20,-0.5294
1998-10-25,-0.4872
1998-10-31,-0.1942
1998-11-05,-0.2823
1998-11-10,-0.254
1998-11-15,-0.5699
1998-11-20,0.6038
1998-11-25,0.658
1998-11-30,0.9774
1998-12-05,0.9793
1998-12-10,0.7
1998-12-15,0.5677
1998-12-20,0.6426
1998-12-25,0.539
1998-12-31,0.4746
1999-01-05,0.7704
1999-01-10,0.7369
1999-01-15,0.3216
1999-01-20,0.0019
1999-01-25,0.0617
1999-01-31,-0.0765
1999-02-05,0.1206
1999-02-10,0.2125
1999-02-15,0.1377
1999-02-20,-0.0357
1999-02-25,-0.1326
1999-02-28,-0.3255
1999-03-05,-0.2288
1999-03-10,-0.0454
1999-03-15,0.0555
1999-03-20,0.2333
1999-03-25,0.4432
1999-03-31,1.0683
1999-04-05,1.0132
1999-04-10,1.0032
1999-04-15,1.3091
1999-04-20,1.508
1999-04-25,1.5234
1999-04-30,1.5453
1999-05-05,1.5036
1999-05-10,1.5269
1999-05-15,1.771
1999-05-20,1.6392
1999-05-25,1.9409
1999-05-31,2.0533
1999-06-05,2.1912
1999-06-10,2.0769
1999-06-15,2.173
1999-06-20,2.0884
1999-06-25,1.9359
1999-06-30,0.4002
1999-07-05,-0.0478
1999-07-10,0.2073
1999-07-15,NA
1999-07-20,NA
1999-07-25,NA
1999-07-31,NA
1999-08-05,NA
1999-08-10,NA
1999-08-15,NA
1999-08-20,-0.9456
1999-08-25,-0.9499
1999-08-31,-1.2193
1999-09-05,-1.192
1999-09-10,-1.351
1999-09-15,-1.1112
1999-09-20,0.9714
1999-09-25,0.7549
1999-09-30,0.6073
1999-10-05,1.4979
1999-10-10,1.5422
1999-10-15,1.5825
1999-10-20,1.4684
1999-10-25,1.3612
1999-10-31,1.3992
1999-11-05,1.4063
1999-11-10,1.46
1999-11-15,1.4285
1999-11-20,1.4241
1999-11-25,1.2022
1999-11-30,1.0973
1999-12-05,1.1099
1999-12-10,1.0542
1999-12-15,0.8675
1999-12-20,-0.5118
1999-12-25,-0.5437
1999-12-31,0.1175
2000-01-05,-0.882
2000-01-10,-0.9929
2000-01-15,-0.3682
2000-01-20,-0.5744
2000-01-25,0.0342
2000-01-31,0.2209
2000-02-05,0.2277
2000-02-10,0.1292
2000-02-15,-0.0433
2000-02-20,-0.1709
2000-02-25,-0.031
2000-02-29,0.1238
2000-03-05,0.0374
2000-03-10,0.1313
2000-03-15,0.2638
2000-03-20,0.286
2000-03-25,0.3774
2000-03-31,0.0304
2000-04-05,0.0167
2000-04-10,0.0285
2000-04-15,-0.3259
2000-04-20,-0.1213
2000-04-25,-0.6347
2000-04-30,-0.8808
2000-05-05,-0.9261
2000-05-10,-1.0352
2000-05-15,-0.7826
2000-05-20,-0.5266
2000-05-25,-0.7401
2000-05-31,-1.0888
2000-06-05,-0.3963
2000-06-10,-0.5126
2000-06-15,-0.7668
2000-06-20,-0.6027
2000-06-25,-0.679
2000-06-30,-0.3717
2000-07-05,-0.2212
2000-07-10,0.1246
2000-07-15,NA
2000-07-20,NA
2000-07-25,NA
2000-07-31,NA
2000-08-05,NA
2000-08-10,NA
2000-08-15,NA
2000-08-20,0.592
2000-08-25,0.841
2000-08-31,0.8358
2000-09-05,0.1803
2000-09-10,0.0753
2000-09-15,-0.1033
2000-09-20,-0.3072
2000-09-25,-0.4158
2000-09-30,-0.5729
2000-10-05,-0.6097
2000-10-10,-0.4277
2000-10-15,-0.1593
2000-10-20,-0.146
2000-10-25,0.3786
2000-10-31,0.3367
2000-11-05,0.2805
2000-11-10,0.2333
2000-11-15,-0.1834
2000-11-20,-0.3572
2000-11-25,-0.7858
2000-11-30,-0.9003
2000-12-05,-1.0401
2000-12-10,-0.63
2000-12-15,-0.7378
2000-12-20,-0.7704
2000-12-25,-0.2015
2000-12-31,0.1402
2001-01-05,0.2666
2001-01-10,0.2798
2001-01-15,0.7967
2001-01-20,1.0382
2001-01-25,0.7073
2001-01-31,1.0155
2001-02-05,1.0657
2001-02-10,0.952
2001-02-15,0.9552
2001-02-20,1.4109
2001-02-25,1.4921
2001-02-28,1.4697
2001-03-05,1.3424
2001-03-10,1.3315
2001-03-15,1.3697
2001-03-20,1.4342
2001-03-25,1.4916
2001-03-31,1.275
2001-04-05,1.2562
2001-04-10,1.2205
2001-04-15,0.8799
2001-04-20,0.6899
2001-04-25,0.7409
2001-04-30,0.4959
2001-05-05,0.4487
2001-05-10,0.6485
2001-05-15,0.7139
2001-05-20,0.1128
2001-05-25,-0.1774
2001-05-31,-0.1121
2001-06-05,0.0553
2001-06-10,-0.1985
2001-06-15,-0.0003
2001-06-20,0.0979
2001-06-25,-0.9591
2001-06-30,-0.1357
2001-07-05,0.0366
2001-07-10,0.0163
2001-07-15,NA
2001-07-20,NA
2001-07-25,NA
2001-07-31,NA
2001-08-05,NA
2001-08-10,NA
2001-08-15,NA
2001-08-20,0.4675
2001-08-25,0.4939
2001-08-31,0.3041
2001-09-05,0.342
2001-09-10,0.2827
2001-09-15,0.1372
2001-09-20,0.1214
2001-09-25,-0.0786
2001-09-30,-0.6109
2001-10-05,0.2514
2001-10-10,0.5026
2001-10-15,0.6873
2001-10-20,0.6183
2001-10-25,0.4889
2001-10-31,0.4941
2001-11-05,0.5967
2001-11-10,0.4875
2001-11-15,0.3414
2001-11-20,-0.0809
2001-11-25,-0.2581
2001-11-30,0.2105
2001-12-05,0.2878
2001-12-10,0.1749
2001-12-15,-0.0075
2001-12-20,0.1924
2001-12-25,0.5744
2001-12-31,0.7089
2002-01-05,-0.0165
2002-01-10,-0.4286
2002-01-15,-0.9305
2002-01-20,-0.8056
2002-01-25,-0.8768
2002-01-31,-0.9042
2002-02-05,-0.6132
2002-02-10,-0.6782
2002-02-15,-0.7856
2002-02-20,-0.5166
2002-02-25,0.0571
2002-02-28,-0.1613
2002-03-05,-0.2457
2002-03-10,-0.0319
2002-03-15,0.312
2002-03-20,0.4544
2002-03-25,0.2362
2002-03-31,0.2044
2002-04-05,0.4473
2002-04-10,0.5389
2002-04-15,0.7466
2002-04-20,0.7893
2002-04-25,1.0046
2002-04-30,1.0617
2002-05-05,0.9503
2002-05-10,1.1027
2002-05-15,1.3845
2002-05-20,1.353
2002-05-25,0.9713
2002-05-31,1.1072
2002-06-05,1.3192
2002-06-10,1.1347
2002-06-15,0.6944
2002-06-20,0.1767
2002-06-25,0.4696
2002-06-30,0.419
2002-07-05,0.342
2002-07-10,0.6168
2002-07-15,NA
2002-07-20,NA
2002-07-25,NA
2002-07-31,NA
2002-08-05,NA
2002-08-10,NA
2002-08-15,NA
2002-08-20,0.8766
2002-08-25,0.7791
2002-08-31,0.9668
2002-09-05,1.1484
2002-09-10,1.1145
2002-09-15,0.9245
2002-09-20,0.7173
2002-09-25,0.5063
2002-09-30,0.3837
2002-10-05,0.2642
2002-10-10,0.1723
2002-10-15,0.0993
2002-10-20,0.033
2002-10-25,0.0384
2002-10-31,-0.0585
2002-11-05,-0.1384
2002-11-10,-0.1694
2002-11-15,-0.4947
2002-11-20,-0.6674
2002-11-25,-0.4783
2002-11-30,-0.1471
2002-12-05,0.641
2002-12-10,0.4654
2002-12-15,0.3049
2002-12-20,0.2299
2002-12-25,0.1156
2002-12-31,-0.2858
2003-01-05,-0.6342
2003-01-10,-0.9061
2003-01-15,-0.9922
2003-01-20,-0.9214
2003-01-25,-0.7304
2003-01-31,-0.6476
2003-02-05,-0.7396
2003-02-10,-0.543
2003-02-15,-0.799
2003-02-20,-0.8034
2003-02-25,-0.6844
2003-02-28,-0.8308
2003-03-05,-1.3464
2003-03-10,-1.2095
2003-03-15,-1.2691
2003-03-20,-1.1662
2003-03-25,-1.1384
2003-03-31,-0.8123
2003-04-05,-0.6425
2003-04-10,-0.4974
2003-04-15,-0.4895
2003-04-20,-0.4849
2003-04-25,-0.6313
2003-04-30,-0.7719
2003-05-05,-0.6376
2003-05-10,-0.8414
2003-05-15,-0.6125
2003-05-20,-0.4176
2003-05-25,-0.6839
2003-05-31,-0.8027
2003-06-05,-0.7328
2003-06-10,-0.7636
2003-06-15,-0.454
2003-06-20,-0.5815
2003-06-25,-0.2677
2003-06-30,-0.5646
2003-07-05,-0.8388
2003-07-10,-0.379
2003-07-15,NA
2003-07-20,NA
2003-07-25,NA
2003-07-31,NA
2003-08-05,NA
2003-08-10,NA
2003-08-15,NA
2003-08-20,0.508
2003-08-25,0.43
2003-08-31,0.2301
2003-09-05,0.1745
2003-09-10,0.1255
2003-09-15,0.0087
2003-09-20,-0.1951
2003-09-25,-0.2222
2003-09-30,-0.3717
2003-10-05,-0.3652
2003-10-10,-0.5151
2003-10-15,-0.6465
2003-10-20,-0.6923
2003-10-25,-0.8277
2003-10-31,-0.4382
2003-11-05,-0.3742
2003-11-10,-0.5771
2003-11-15,-0.6024
2003-11-20,-0.821
2003-11-25,-0.9413
2003-11-30,-0.9453
2003-12-05,-1.0843
2003-12-10,-1.2187
2003-12-15,-1.453
2003-12-20,-1.4252
2003-12-25,-0.9363
2003-12-31,-0.1725
2004-01-05,-0.3492
2004-01-10,-0.2617
2004-01-15,-0.3244
2004-01-20,-0.1707
2004-01-25,-0.3848
2004-01-31,-1.0205
2004-02-05,-1.2905
2004-02-10,-1.4271
2004-02-15,-1.3429
2004-02-20,-1.3909
2004-02-25,-1.3818
2004-02-29,-1.3655
2004-03-05,-1.2494
2004-03-10,-1.208
2004-03-15,-1.2867
2004-03-20,-1.3137
2004-03-25,-1.2754
2004-03-31,-1.7914
2004-04-05,-1.7813
2004-04-10,-1.8597
2004-04-15,-2.0073
2004-04-20,-2.1531
2004-04-25,-1.9451
2004-04-30,-1.7487
2004-05-05,-1.5297
2004-05-10,-1.354
2004-05-15,-1.5547
2004-05-20,-1.4841
2004-05-25,-1.3411
2004-05-31,-1.2051
2004-06-05,-1.2674
2004-06-10,-1.0227
2004-06-15,-0.6929
2004-06-20,-0.4745
2004-06-25,-1.1928
2004-06-30,-0.9282
2004-07-05,0.1241
2004-07-10,0.4107
2004-07-15,NA
2004-07-20,NA
2004-07-25,NA
2004-07-31,NA
2004-08-05,NA
2004-08-10,NA
2004-08-15,NA
2004-08-20,1.2098
2004-08-25,1.3906
2004-08-31,1.3479
2004-09-05,1.2115
2004-09-10,1.0576
2004-09-15,0.8644
2004-09-20,0.6576
2004-09-25,0.4602
2004-09-30,0.336
2004-10-05,0.0188
2004-10-10,-0.1044
2004-10-15,-0.228
2004-10-20,-0.2876
2004-10-25,-0.4206
2004-10-31,-0.5747
2004-11-05,-0.5456
2004-11-10,-0.4642
2004-11-15,-0.8294
2004-11-20,-1.2322
2004-11-25,-1.8178
2004-11-30,-1.7819
2004-12-05,-1.4992
2004-12-10,-1.4853
2004-12-15,-0.4752
2004-12-20,-0.4658
2004-12-25,-0.4824
2004-12-31,-0.7368
2005-01-05,-0.9977
2005-01-10,-0.7614
2005-01-15,-0.0199
2005-01-20,0.4223
2005-01-25,0.4811
2005-01-31,0.2589
2005-02-05,0.4265
2005-02-10,0.4933
2005-02-15,0.9131
2005-02-20,0.7108
2005-02-25,0.9457
2005-02-28,0.9088
2005-03-05,0.6819
2005-03-10,0.6071
2005-03-15,0.4004
2005-03-20,0.3887
2005-03-25,0.4862
2005-03-31,0.7871
2005-04-05,0.9796
2005-04-10,1.1096
2005-04-15,0.8667
2005-04-20,0.6365
2005-04-25,0.6239
2005-04-30,0.8176
2005-05-05,0.6903
2005-05-10,0.6895
2005-05-15,0.2492
2005-05-20,0.4052
2005-05-25,0.0126
2005-05-31,0.1577
2005-06-05,0.486
2005-06-10,0.7535
2005-06-15,0.8138
2005-06-20,1.0802
2005-06-25,1.1425
2005-06-30,0.658
2005-07-05,0.4457
2005-07-10,-0.8899
2005-07-15,NA
2005-07-20,NA
2005-07-25,NA
2005-07-31,NA
2005-08-05,NA
2005-08-10,NA
2005-08-15,NA
2005-08-20,-1.6449
2005-08-25,-1.6449
2005-08-31,-1.6449
2005-09-05,-1.6449
2005-09-10,-1.522
2005-09-15,0.5826
2005-09-20,0.5763
2005-09-25,0.3681
2005-09-30,0.6158
2005-10-05,0.6467
2005-10-10,0.8555
2005-10-15,0.8367
2005-10-20,1.004
2005-10-25,0.9586
2005-10-31,0.9613
2005-11-05,0.9424
2005-11-10,1.444
2005-11-15,1.5453
2005-11-20,1.5639
2005-11-25,1.5453
2005-11-30,1.5122
2005-12-05,1.6613
2005-12-10,1.5336
2005-12-15,0.8915
2005-12-20,0.6593
2005-12-25,0.5536
2005-12-31,0.7962
2006-01-05,0.859
2006-01-10,0.4273
2006-01-15,1.4644
2006-01-20,1.4849
2006-01-25,1.4262
2006-01-31,1.5626
2006-02-05,1.433
2006-02-10,1.3113
2006-02-15,1.1083
2006-02-20,1.0052
2006-02-25,0.7908
2006-02-28,0.7084
2006-03-05,0.59
2006-03-10,0.5423
2006-03-15,0.4718
2006-03-20,0.5368
2006-03-25,0.9404
2006-03-31,0.6766
2006-04-05,0.791
2006-04-10,0.8875
2006-04-15,0.2782
2006-04-20,0.079
2006-04-25,0.0325
2006-04-30,-0.1904
2006-05-05,-0.0598
2006-05-10,-0.308
2006-05-15,-0.179
2006-05-20,0.0535
2006-05-25,0.284
2006-05-31,0.4314
2006-06-05,0.6227
2006-06-10,0.8811
2006-06-15,1.1517
2006-06-20,1.3
2006-06-25,0.4489
2006-06-30,0.5986
2006-07-05,-0.4496
2006-07-10,-0.0631
2006-07-15,NA
2006-07-20,NA
2006-07-25,NA
2006-07-31,NA
2006-08-05,NA
2006-08-10,NA
2006-08-15,NA
2006-08-20,-1.1105
2006-08-25,-0.98
2006-08-31,-1.2413
2006-09-05,-1.2145
2006-09-10,-1.3867
2006-09-15,-1.6487
2006-09-20,-1.8658
2006-09-25,-2.051
2006-09-30,-0.3297
2006-10-05,-0.3698
2006-10-10,-0.5198
2006-10-15,-0.6824
2006-10-20,-0.6674
2006-10-25,0.1487
2006-10-31,0.2854
2006-11-05,0.2262
2006-11-10,0.622
2006-11-15,0.4643
2006-11-20,0.4485
2006-11-25,0.6225
2006-11-30,0.5934
2006-12-05,0.5741
2006-12-10,0.5021
2006-12-15,0.4785
2006-12-20,0.6994
2006-12-25,0.5474
2006-12-31,-0.3321
2007-01-05,-0.1432
2007-01-10,0.0268
2007-01-15,0.2968
2007-01-20,0.071
2007-01-25,-0.5219
2007-01-31,-0.7803
2007-02-05,-0.9495
2007-02-10,-1.3939
2007-02-15,-0.6623
2007-02-20,-0.6774
2007-02-25,-0.9382
2007-02-28,-0.9072
2007-03-05,-0.606
2007-03-10,-0.5847
2007-03-15,-0.5297
2007-03-20,-0.4458
2007-03-25,-0.4294
2007-03-31,-0.1517
2007-04-05,-0.0093
2007-04-10,-0.0978
2007-04-15,-0.2321
2007-04-20,-0.0735
2007-04-25,0.0846
2007-04-30,0.3242
2007-05-05,0.5333
2007-05-10,0.8347
2007-05-15,0.4435
2007-05-20,0.5458
2007-05-25,0.8725
2007-05-31,0.9584
2007-06-05,0.7823
2007-06-10,0.9217
2007-06-15,0.9508
2007-06-20,0.7222
2007-06-25,1.0029
2007-06-30,1.0784
2007-07-05,0.4117
2007-07-10,1.0705
2007-07-15,NA
2007-07-20,NA
2007-07-25,NA
2007-07-31,NA
2007-08-05,NA
2007-08-10,NA
2007-08-15,NA
2007-08-20,0.1332
2007-08-25,0.0747
2007-08-31,-0.0021
2007-09-05,-0.0411
2007-09-10,0.1309
2007-09-15,-0.0489
2007-09-20,-0.1594
2007-09-25,-0.1685
2007-09-30,-0.0263
2007-10-05,-0.0706
2007-10-10,-0.1462
2007-10-15,-0.2737
2007-10-20,-0.2354
2007-10-25,-0.3681
2007-10-31,-0.5522
2007-11-05,-0.6619
2007-11-10,-0.5442
2007-11-15,-0.5699
2007-11-20,0.0417
2007-11-25,0.2455
2007-11-30,0.6527
2007-12-05,0.8898
2007-12-10,0.6976
2007-12-15,0.9011
2007-12-20,0.9939
2007-12-25,0.7108
2007-12-31,0.4663
2008-01-05,0.4092
2008-01-10,0.3168
2008-01-15,0.1249
2008-01-20,0.1136
2008-01-25,0.5807
2008-01-31,0.5827
2008-02-05,0.4011
2008-02-10,0.3299
2008-02-15,0.2084
2008-02-20,-0.1893
2008-02-25,-0.3039
2008-02-29,-0.5271
2008-03-05,-0.5298
2008-03-10,-0.1951
2008-03-15,-0.3724
2008-03-20,-0.5179
2008-03-25,-0.4776
2008-03-31,-0.4606
2008-04-05,-0.4152
2008-04-10,-0.5123
2008-04-15,-0.3355
2008-04-20,-0.3647
2008-04-25,-0.8971
2008-04-30,-1.031
2008-05-05,-0.8114
2008-05-10,-0.7202
2008-05-15,-0.6148
2008-05-20,-0.3987
2008-05-25,-0.3757
2008-05-31,-0.3785
2008-06-05,-0.5337
2008-06-10,-1.5426
2008-06-15,-1.2722
2008-06-20,-1.0137
2008-06-25,-0.7404
2008-06-30,-0.5811
2008-07-05,-1.0952
2008-07-10,-0.5834
2008-07-15,NA
2008-07-20,NA
2008-07-25,NA
2008-07-31,NA
2008-08-05,NA
2008-08-10,NA
2008-08-15,NA
2008-08-20,-0.4494
2008-08-25,-0.4778
2008-08-31,-0.7863
2008-09-05,-0.773
2008-09-10,-0.8192
2008-09-15,-1.0027
2008-09-20,-1.2112
2008-09-25,-1.397
2008-09-30,-1.4182
2008-10-05,-1.4447
2008-10-10,-0.7919
2008-10-15,-0.9801
2008-10-20,-0.882
2008-10-25,-0.8996
2008-10-31,-0.7492
2008-11-05,-0.8297
2008-11-10,-1.1216
2008-11-15,-1.2074
2008-11-20,-1.308
2008-11-25,-1.32
2008-11-30,-0.8205
2008-12-05,-0.9796
2008-12-10,-0.63
2008-12-15,-0.7191
2008-12-20,0.0916
2008-12-25,0.6116
2008-12-31,0.6096
2009-01-05,0.4834
2009-01-10,0.078
2009-01-15,-0.1306
2009-01-20,0.3057
2009-01-25,0.1962
2009-01-31,-0.1081
2009-02-05,-0.2957
2009-02-10,0.0734
2009-02-15,0.244
2009-02-20,0.235
2009-02-25,0.415
2009-02-28,0.4484
2009-03-05,0.6205
2009-03-10,0.5704
2009-03-15,0.5774
2009-03-20,0.3619
2009-03-25,0.3225
2009-03-31,0.2332
2009-04-05,0.2721
2009-04-10,0.3721
2009-04-15,0.6985
2009-04-20,0.4376
2009-04-25,0.5203
2009-04-30,0.7001
2009-05-05,0.9071
2009-05-10,0.6908
2009-05-15,0.6071
2009-05-20,0.6951
2009-05-25,0.5636
2009-05-31,0.396
2009-06-05,0.0157
2009-06-10,-0.0125
2009-06-15,0.1893
2009-06-20,0.2694
2009-06-25,-0.346
2009-06-30,-0.0558
2009-07-05,0.1241
2009-07-10,0.4107
2009-07-15,NA
2009-07-20,NA
2009-07-25,NA
2009-07-31,NA
2009-08-05,NA
2009-08-10,NA
2009-08-15,NA
2009-08-20,-0.1127
2009-08-25,-0.1585
2009-08-31,-0.5684
2009-09-05,-0.1626
2009-09-10,-0.1962
2009-09-15,-0.3704
2009-09-20,-0.2315
2009-09-25,-0.4262
2009-09-30,0.795
2009-10-05,0.7386
2009-10-10,0.6314
2009-10-15,0.576
2009-10-20,0.6044
2009-10-25,0.475
2009-10-31,0.266
2009-11-05,0.2056
2009-11-10,0.1368
2009-11-15,0.2926
2009-11-20,0.5097
2009-11-25,0.442
2009-11-30,0.8974
2009-12-05,1.3419
2009-12-10,1.3756
2009-12-15,1.2761
2009-12-20,1.9811
2009-12-25,2.3763
2009-12-31,2.3729
2010-01-05,2.2071
2010-01-10,2.0183
2010-01-15,1.8439
2010-01-20,1.5585
2010-01-25,2.1471
2010-01-31,2.2757
2010-02-05,2.3671
2010-02-10,2.3444
2010-02-15,2.0982
2010-02-20,2.0215
2010-02-25,1.7939
2010-02-28,1.94
2010-03-05,1.5429
2010-03-10,1.4348
2010-03-15,1.5148
2010-03-20,1.1144
2010-03-25,0.6744
2010-03-31,0.5886
2010-04-05,0.596
2010-04-10,0.6613
2010-04-15,0.8035
2010-04-20,0.9283
2010-04-25,0.2743
2010-04-30,0.3763
2010-05-05,0.1929
2010-05-10,0.328
2010-05-15,0.586
2010-05-20,0.6346
2010-05-25,0.9571
2010-05-31,0.3781
2010-06-05,0.7024
2010-06-10,0.9555
2010-06-15,1.1178
2010-06-20,1.3876
2010-06-25,1.6434
2010-06-30,1.1063
2010-07-05,1.4011
2010-07-10,1.4835
2010-07-15,NA
2010-07-20,NA
2010-07-25,NA
2010-07-31,NA
2010-08-05,NA
2010-08-10,NA
2010-08-15,NA
2010-08-20,0.0678
2010-08-25,0.0127
2010-08-31,-0.0809
2010-09-05,0.9695
2010-09-10,0.8631
2010-09-15,0.7959
2010-09-20,0.5895
2010-09-25,0.3811
2010-09-30,0.254
2010-10-05,0.3582
2010-10-10,0.2745
2010-10-15,0.8994
2010-10-20,0.7477
2010-10-25,0.6187
2010-10-31,0.5829
2010-11-05,0.5415
2010-11-10,0.4358
2010-11-15,0.3613
2010-11-20,0.2452
2010-11-25,0.0666
2010-11-30,-0.3067
2010-12-05,-0.9924
2010-12-10,-1.0648
2010-12-15,-0.7228
2010-12-20,-0.7561
2010-12-25,-0.2519
2010-12-31,0.0784
2011-01-05,-0.3047
2011-01-10,-0.3684
2011-01-15,-1.1607
2011-01-20,-1.1939
2011-01-25,-1.4059
2011-01-31,-1.5461
2011-02-05,-0.7396
2011-02-10,0.4417
2011-02-15,0.3144
2011-02-20,0.209
2011-02-25,0.415
2011-02-28,0.4082
2011-03-05,0.2735
2011-03-10,0.4636
2011-03-15,0.3701
2011-03-20,0.6168
2011-03-25,0.5143
2011-03-31,0.3846
2011-04-05,0.7379
2011-04-10,0.7764
2011-04-15,0.914
2011-04-20,1.0385
2011-04-25,1.2321
2011-04-30,1.3758
2011-05-05,1.0693
2011-05-10,0.1964
2011-05-15,0.4149
2011-05-20,0.6658
2011-05-25,0.5314
2011-05-31,0.6235
2011-06-05,0.8623
2011-06-10,0.5819
2011-06-15,0.6516
2011-06-20,0.2355
2011-06-25,0.3241
2011-06-30,0.3764
2011-07-05,-0.6421
2011-07-10,-0.3238
2011-07-15,NA
2011-07-20,NA
2011-07-25,NA
2011-07-31,NA
2011-08-05,NA
2011-08-10,NA
2011-08-15,NA
2011-08-20,-0.3873
2011-08-25,-0.4189
2011-08-31,-0.7246
2011-09-05,-0.7149
2011-09-10,-0.7557
2011-09-15,-0.8736
2011-09-20,-0.6437
2011-09-25,-0.6148
2011-09-30,-0.7798
2011-10-05,-1.0977
2011-10-10,-1.2321
2011-10-15,-1.3193
2011-10-20,-1.3696
2011-10-25,-1.5103
2011-10-31,-1.7506
2011-11-05,-1.8316
2011-11-10,-1.9356
2011-11-15,-2.1598
2011-11-20,-1.7302
2011-11-25,-1.8435
2011-11-30,-1.8064
2011-12-05,-2.0547
2011-12-10,-2.0351
2011-12-15,-1.6611
2011-12-20,-1.6079
2011-12-25,0.3317
2011-12-31,1.3092
2012-01-05,1.1464
2012-01-10,1.529
2012-01-15,1.4022
2012-01-20,1.3898
2012-01-25,1.8255
2012-01-31,1.7103
2012-02-05,2.0663
2012-02-10,1.9982
2012-02-15,2.1867
2012-02-20,2.1059
2012-02-25,2.0449
2012-02-29,1.9827
2012-03-05,2.2004
2012-03-10,2.1141
2012-03-15,2.463
2012-03-20,2.4655
2012-03-25,1.9868
2012-03-31,1.6002
2012-04-05,1.7192
2012-04-10,1.4637
2012-04-15,1.6292
2012-04-20,1.6509
2012-04-25,1.3714
2012-04-30,1.4419
2012-05-05,1.0659
2012-05-10,1.255
2012-05-15,1.0475
2012-05-20,1.157
2012-05-25,1.2721
2012-05-31,1.429
2012-06-05,0.6798
2012-06-10,0.9344
2012-06-15,-0.1828
2012-06-20,0.0759
2012-06-25,0.3713
2012-06-30,-0.0618
2012-07-05,-0.1976
2012-07-10,0.051
2012-07-15,NA
2012-07-20,NA
2012-07-25,NA
2012-07-31,NA
2012-08-05,NA
2012-08-10,NA
2012-08-15,NA
2012-08-20,-0.5596
2012-08-25,-0.5824
2012-08-31,-0.8929
2012-09-05,-0.874
2012-09-10,-0.9333
2012-09-15,-1.124
2012-09-20,-1.3338
2012-09-25,-1.5192
2012-09-30,-1.5253
2012-10-05,-1.5507
2012-10-10,-1.4829
2012-10-15,-1.2454
2012-10-20,-1.2963
2012-10-25,-1.4364
2012-10-31,-1.9061
2012-11-05,-1.8316
2012-11-10,-1.1542
2012-11-15,-1.3408
2012-11-20,-1.5639
2012-11-25,-1.4829
2012-11-30,-1.4518
2012-12-05,-1.6121
2012-12-10,-0.4312
2012-12-15,0.3105
2012-12-20,0.6616
2012-12-25,0.6747
2012-12-31,0.5834
2013-01-05,0.7317
2013-01-10,0.9249
2013-01-15,0.7666
2013-01-20,0.9028
2013-01-25,0.6976
2013-01-31,0.611
2013-02-05,0.5005
2013-02-10,0.711
2013-02-15,0.8498
2013-02-20,1.1215
2013-02-25,0.9549
2013-02-28,1.0015
2013-03-05,0.9762
2013-03-10,0.6701
2013-03-15,0.3732
2013-03-20,0.2344
2013-03-25,0.1615
2013-03-31,0.1233
2013-04-05,0.0108
2013-04-10,-0.1898
2013-04-15,-0.1947
2013-04-20,-0.3765
2013-04-25,-0.2037
2013-04-30,-0.1874
2013-05-05,-0.1056
2013-05-10,-0.4838
2013-05-15,-0.8022
2013-05-20,-1.3774
2013-05-25,-1.1907
2013-05-31,-1.4126
2013-06-05,-1.8563
2013-06-10,-1.6195
2013-06-15,0.7706
2013-06-20,0.9418
2013-06-25,1.2331
2013-06-30,1.715
2013-07-05,2.061
2013-07-10,2.0435
2013-07-15,NA
2013-07-20,NA
2013-07-25,NA
2013-07-31,NA
2013-08-05,NA
2013-08-10,NA
2013-08-15,NA
2013-08-20,2.1147
2013-08-25,2.7643
2013-08-31,3
2013-09-05,2.7467
2013-09-10,2.5063
2013-09-15,1.0577
2013-09-20,0.8495
2013-09-25,0.6185
2013-09-30,0.5059
2013-10-05,0.48
2013-10-10,0.3632
2013-10-15,0.8864
2013-10-20,0.7634
2013-10-25,0.9679
2013-10-31,0.9639
2013-11-05,1.4255
2013-11-10,1.2003
2013-11-15,1.1189
2013-11-20,1.1844
2013-11-25,0.2598
2013-11-30,0.134
2013-12-05,0.0607
2013-12-10,1.1036
2013-12-15,2.2172
2013-12-20,2.7207
2013-12-25,2.485
2013-12-31,2.5861
2014-01-05,2.7254
2014-01-10,2.6102
2014-01-15,2.3936
2014-01-20,2.4761
2014-01-25,2.8375
2014-01-31,2.9867
2014-02-05,2.7459
2014-02-10,3
2014-02-15,2.8512
2014-02-20,2.7693
2014-02-25,2.4839
2014-02-28,2.4116
2014-03-05,2.1839
2014-03-10,1.7795
2014-03-15,1.3321
2014-03-20,1.0656
2014-03-25,1.0026
2014-03-31,0.9222
2014-04-05,0.661
2014-04-10,0.7149
2014-04-15,0.6742
2014-04-20,0.502
2014-04-25,-0.2651
2014-04-30,-0.7551
2014-05-05,-0.8298
2014-05-10,-1.6208
2014-05-15,-1.5172
2014-05-20,-1.4917
2014-05-25,-0.9964
2014-05-31,-0.8586
2014-06-05,-0.5196
2014-06-10,-0.1822
2014-06-15,-0.0037
2014-06-20,-0.0535
2014-06-25,0.1471
2014-06-30,0.0662
2014-07-05,0.2576
2014-07-10,0.1441
2014-07-15,NA
2014-07-20,NA
2014-07-25,NA
2014-07-31,NA
2014-08-05,NA
2014-08-10,NA
2014-08-15,NA
2014-08-20,0.3276
2014-08-25,-0.4285
2014-08-31,0.8068
2014-09-05,1.0953
2014-09-10,1.2772
2014-09-15,1.4037
2014-09-20,1.4159
2014-09-25,1.3052
2014-09-30,1.8947
2014-10-05,1.8206
2014-10-10,1.8688
2014-10-15,1.9262
2014-10-20,2.3345
2014-10-25,2.4721
2014-10-31,2.6582
2014-11-05,2.8054
2014-11-10,2.393
2014-11-15,2.361
2014-11-20,2.4024
2014-11-25,2.2946
2014-11-30,1.7586
2014-12-05,2.0048
2014-12-10,1.7441
2014-12-15,1.4142
2014-12-20,1.3459
2014-12-25,1.5373
2014-12-31,0.7769
2015-01-05,0.5246
2015-01-10,1.0975
2015-01-15,1.1846
2015-01-20,1.0875
2015-01-25,0.6458
2015-01-31,0.4634
2015-02-05,0.4874
2015-02-10,0.6616
2015-02-15,0.9427
2015-02-20,0.8601
2015-02-25,0.6539
2015-02-28,0.6237
2015-03-05,0.3462
2015-03-10,0.3048
2015-03-15,0.3353
2015-03-20,0.2255
2015-03-25,0.0107
2015-03-31,0.2151
2015-04-05,0.3617
2015-04-10,0.1004
2015-04-15,0.0554
2015-04-20,-0.2558
2015-04-25,0.1145
2015-04-30,0.4922
2015-05-05,0.4554
2015-05-10,0.3455
2015-05-15,-0.0053
2015-05-20,0.2052
2015-05-25,0.4724
2015-05-31,0.6993
2015-06-05,0.9509
2015-06-10,1.1876
2015-06-15,1.3769
2015-06-20,1.6202
2015-06-25,1.6921
2015-06-30,1.8053
2015-07-05,2.3079
2015-07-10,1.7242
2015-07-15,NA
2015-07-20,NA
2015-07-25,NA
2015-07-31,NA
2015-08-05,NA
2015-08-10,NA
2015-08-15,NA
2015-08-20,1.7089
2015-08-25,1.567
2015-08-31,1.4104
2015-09-05,1.6993
2015-09-10,1.529
2015-09-15,1.2948
2015-09-20,1.2075
2015-09-25,1.189
2015-09-30,1.0899
2015-10-05,1.3342
2015-10-10,1.2861
2015-10-15,1.2907
2015-10-20,1.4122
2015-10-25,1.6254
2015-10-31,1.8297
2015-11-05,1.8621
2015-11-10,1.6058
2015-11-15,1.13
2015-11-20,1.0945
2015-11-25,0.885
2015-11-30,1.3065
2015-12-05,1.0509
2015-12-10,0.9651
2015-12-15,0.8627
2015-12-20,0.6924
2015-12-25,0.873
2015-12-31,0.5284
2016-01-05,-0.1834
2016-01-10,-0.1043
2016-01-15,0.0087
2016-01-20,-0.2906
2016-01-25,-0.8422
2016-01-31,-1.0506
2016-02-05,-1.0133
2016-02-10,-0.9962
2016-02-15,-1.368
2016-02-20,-1.1118
2016-02-25,-0.7083
2016-02-29,-1.0121
2016-03-05,-0.9421
2016-03-10,-0.9713
2016-03-15,-1.0298
2016-03-20,-1.0793
2016-03-25,-1.4709
2016-03-31,-1.2618
2016-04-05,-1.1915
2016-04-10,-1.1642
2016-04-15,-1.3976
2016-04-20,-1.0683
2016-04-25,-0.8603
2016-04-30,-0.757
2016-05-05,-0.7409
2016-05-10,-0.7223
2016-05-15,-0.5537
2016-05-20,-0.8318
2016-05-25,-1.5703
2016-05-31,-1.6482
2016-06-05,-1.7121
2016-06-10,-1.3028
2016-06-15,-0.9819
2016-06-20,-0.7242
2016-06-25,-0.4059
2016-06-30,0.0549
2016-07-05,0.2452
2016-07-10,0.2681
2016-07-15,NA
2016-07-20,NA
2016-07-25,NA
2016-07-31,NA
2016-08-05,NA
2016-08-10,NA
2016-08-15,NA
2016-08-20,-0.7185
2016-08-25,-0.7334
2016-08-31,-0.9926
2016-09-05,-0.9693
2016-09-10,-1.0467
2016-09-15,-1.2476
2016-09-20,-1.3602
2016-09-25,-1.5455
2016-09-30,-2.1203
2016-10-05,-1.7731
2016-10-10,-1.6514
2016-10-15,-1.9216
2016-10-20,-0.5995
2016-10-25,-0.7343
2016-10-31,-0.3213
2016-11-05,-0.4171
2016-11-10,-0.1418
2016-11-15,-0.2817
2016-11-20,-0.4661
2016-11-25,-0.4278
2016-11-30,-0.3359
2016-12-05,-0.0278
2016-12-10,0.1491
2016-12-15,0.0076
2016-12-20,-0.0755
2016-12-25,-0.0154
2016-12-31,-0.0341
2017-01-05,0.3434
2017-01-10,1.0944
2017-01-15,1.0624
2017-01-20,0.4677
2017-01-25,0.4312
2017-01-31,0.0474
2017-02-05,-0.081
2017-02-10,-0.334
2017-02-15,-0.4586
2017-02-20,-0.3661
2017-02-25,-0.3421
2017-02-28,-0.0879
2017-03-05,-0.2288
2017-03-10,-0.3266
2017-03-15,-0.2199
2017-03-20,-0.149
2017-03-25,-0.0739
2017-03-31,0.0815
2017-04-05,-0.0931
2017-04-10,-0.7684
2017-04-15,-0.7933
2017-04-20,-0.5671
2017-04-25,-0.3123
2017-04-30,-0.0287
2017-05-05,0.136
2017-05-10,0.3382
2017-05-15,0.6609
2017-05-20,0.7081
2017-05-25,1.1358
2017-05-31,1.1785
2017-06-05,1.3637
2017-06-10,1.4969
2017-06-15,1.5534
2017-06-20,1.707
2017-06-25,1.7728
2017-06-30,1.8852
2017-07-05,2.1191
2017-07-10,2.093
2017-07-15,NA
2017-07-20,NA
2017-07-25,NA
2017-07-31,NA
2017-08-05,NA
2017-08-10,NA
2017-08-15,NA
2017-08-20,1.2859
2017-08-25,0.4408
2017-08-31,-1.3146
2017-09-05,-1.2911
2017-09-10,-0.8411
2017-09-15,-0.6873
2017-09-20,-0.6723
2017-09-25,-0.7196
2017-09-30,-0.5675
2017-10-05,-0.7139
2017-10-10,-0.8782
2017-10-15,-1.0235
2017-10-20,-0.0167
2017-10-25,0.367
2017-10-31,0.8589
2017-11-05,0.8339
2017-11-10,0.6958
2017-11-15,0.9915
2017-11-20,0.9416
2017-11-25,0.7377
2017-11-30,0.9945
2017-12-05,1.2797
2017-12-10,1.1765
2017-12-15,0.9886
2017-12-20,0.8854
2017-12-25,1.2806
2017-12-31,0.8873
2018-01-05,0.7263
2018-01-10,0.5678
2018-01-15,0.4398
2018-01-20,-0.0701
2018-01-25,-0.5275
2018-01-31,-0.5263
2018-02-05,-0.1095
2018-02-10,0.3814
2018-02-15,0.2017
2018-02-20,0.1566
2018-02-25,0.0683
2018-02-28,-0.1144
2018-03-05,-0.2372
2018-03-10,-0.0297
2018-03-15,-0.0082
2018-03-20,0.0608
2018-03-25,-0.3184
2018-03-31,-0.1458
2018-04-05,-0.1101
2018-04-10,-0.0222
2018-04-15,0.0293
2018-04-20,0.1229
2018-04-25,0.2833
2018-04-30,0.0678
2018-05-05,-0.1944
2018-05-10,-0.7012
2018-05-15,-0.7998
2018-05-20,-0.6982
2018-05-25,-0.4593
2018-05-31,-0.3697
2018-06-05,0.0693
2018-06-10,0.4596
2018-06-15,0.7068
2018-06-20,0.7359
2018-06-25,1.0164
2018-06-30,1.3763
2018-07-05,1.6989
2018-07-10,1.736
2018-07-15,NA
2018-07-20,NA
2018-07-25,NA
2018-07-31,NA
2018-08-05,NA
2018-08-10,NA
2018-08-15,NA
2018-08-20,2.5335
2018-08-25,2.361
2018-08-31,2.4775
2018-09-05,1.9009
2018-09-10,0.8144
2018-09-15,0.5453
2018-09-20,0.3403
2018-09-25,0.2507
2018-09-30,0.1082
2018-10-05,0.062
2018-10-10,0.0369
2018-10-15,-0.0318
2018-10-20,-0.5294
2018-10-25,-1.1648
2018-10-31,-1.3404
2018-11-05,-1.9077
2018-11-10,-1.7474
2018-11-15,-1.9624
2018-11-20,-1.3302
2018-11-25,-1.4883
2018-11-30,-1.0166
2018-12-05,-1.1934
2018-12-10,-0.8709
2018-12-15,-1.0823
2018-12-20,0.7159
2018-12-25,0.6321
2018-12-31,1.9138
2019-01-05,1.8939
2019-01-10,1.7527
2019-01-15,1.5339
2019-01-20,1.3782
2019-01-25,1.0743
2019-01-31,1.0043
2019-02-05,0.8062
2019-02-10,NA
2019-02-15,NA
2019-02-20,NA
2019-02-25,NA
2019-02-28,NA
2019-03-05,NA
2019-03-10,NA
2019-03-15,NA
2019-03-20,NA
2019-03-25,NA
2019-03-31,NA
2019-04-05,NA
2019-04-10,NA
2019-04-15,NA
2019-04-20,NA
2019-04-25,NA
2019-04-30,NA
2019-05-05,NA
2019-05-10,NA
2019-05-15,NA
2019-05-20,NA
2019-05-25,NA
2019-05-31,NA
2019-06-05,NA
2019-06-10,NA
2019-06-15,NA
2019-06-20,NA
2019-06-25,NA
2019-06-30,NA
2019-07-05,NA
2019-07-10,NA
2019-07-15,NA
2019-07-20,NA
2019-07-25,NA
2019-07-31,NA
2019-08-05,NA
2019-08-10,NA
2019-08-15,NA
2019-08-20,NA
2019-08-25,NA
2019-08-31,NA
2019-09-05,NA
2019-09-10,NA
2019-09-15,NA
2019-09-20,NA
2019-09-25,NA
2019-09-30,NA
2019-10-05,NA
2019-10-10,NA
2019-10-15,NA
2019-10-20,NA
2019-10-25,NA
2019-10-31,NA
2019-11-05,NA
2019-11-10,NA
2019-11-15,NA
2019-11-20,NA
2019-11-25,NA
2019-11-30,NA
2019-12-05,NA
2019-12-10,NA
2019-12-15,NA
2019-12-20,NA
2019-12-25,NA
2019-12-31,NA
2020-01-05,NA
2020-01-10,NA
2020-01-15,NA
2020-01-20,NA
2020-01-25,NA
2020-01-31,NA
2020-02-05,NA
2020-02-10,NA
2020-02-15,NA
2020-02-20,NA
2020-02-25,NA
2020-02-29,NA
2020-03-05,NA
2020-03-10,NA
2020-03-15,NA
2020-03-20,NA
2020-03-25,NA
2020-03-31,NA
2020-04-05,NA
2020-04-10,NA
2020-04-15,NA
2020-04-20,NA
2020-04-25,NA
2020-04-30,NA
2020-05-05,NA
2020-05-10,NA
2020-05-15,NA
2020-05-20,NA
2020-05-25,NA
2020-05-31,NA
2020-06-05,NA
2020-06-10,NA
2020-06-15,NA
2020-06-20,NA
2020-06-25,NA
2020-06-30,NA
2020-07-05,NA
2020-07-10,NA
2020-07-15,NA
2020-07-20,NA
2020-07-25,NA
2020-07-31,NA
2020-08-05,NA
2020-08-10,NA
2020-08-15,NA
2020-08-20,NA
2020-08-25,NA
2020-08-31,NA
2020-09-05,NA
2020-09-10,NA
2020-09-15,NA
2020-09-20,NA
2020-09-25,NA
2020-09-30,NA
2020-10-05,NA
2020-10-10,NA
2020-10-15,NA
2020-10-20,NA
2020-10-25,NA
2020-10-31,NA
2020-11-05,NA
2020-11-10,NA
2020-11-15,NA
2020-11-20,NA
2020-11-25,NA
2020-11-30,NA
2020-12-05,NA
2020-12-10,NA
2020-12-15,NA
2020-12-20,NA
2020-12-25,NA
2020-12-31,NA
