Date,4101,4012,4001,4302,4102,4303,4104,4090,4005,4019,4309,4028,4311,4309-2,4309-3,4005-2,4028-2,4102-2,4090-2,4028-3,4104-2,4012-2
1975-01-01,16,18.5,17.5,21.4,17.9,22,16,16.8,11.3,17.2,19.2,13.7,20.4,26.1,22.6,15.9,16.5,16.3,16.8,15.7,15.7,17.7
1975-02-01,15.3,18.5,16.8,19.5,17,21.4,15.6,15.9,11,16,18.4,13.3,17.4,25.3,21.9,15.1,15.8,15.3,16.3,14.9,15.3,17.7
1975-03-01,16.9,19.2,17.9,19.8,18.2,22.1,17.3,17,11.6,17.1,19,13.9,17.2,25.9,22.4,16.7,16.8,16.7,16.9,16.1,16.9,18.3
1975-04-01,18.2,20.5,19.4,21.3,19.1,23,18.6,18.4,12.2,18.8,20,14.7,19.2,26.9,23.3,18.2,18,17.7,17.9,17.5,18.2,19.4
1975-05-01,16,17.5,16.4,17.9,18.2,21,16.1,15.3,11.2,15.4,17.9,13.3,14.7,24.8,21.3,15.6,15.8,16.7,15.9,15,15.8,16.8
1975-06-01,14,15.2,13.9,15.8,15.9,19.5,15,12.9,10.4,12.7,16.2,12.1,12.3,23.2,19.8,13.3,14,14.1,14.2,12.9,14.7,14.9
1975-07-01,14.1,14.9,13.9,15.9,16.2,19.4,15,12.8,10.4,12.6,16.2,12.1,12.4,23.2,19.8,13.3,14.1,14.4,14.2,12.9,14.7,14.6
1975-08-01,16.7,18.1,16.8,17.1,18,21.1,17.4,15.5,11.5,15.4,17.8,13.5,13,24.8,21.3,16.2,16.1,16.5,16,15.3,17,17.3
1975-09-01,16.7,18.9,17.2,18.1,16.8,21.5,18.2,16.1,11.5,16,18.2,13.6,14.7,25.2,21.7,16.3,16.3,15.1,16.3,15.6,17.8,18
1975-10-01,17.7,19.8,18.6,20,18.5,22.4,18.4,17.5,12,17.7,19.3,14.3,17.3,26.2,22.7,17.6,17.4,17,17.3,16.8,18,18.8
1975-11-01,20,22.8,21.4,22.1,20.2,24.2,20.4,20.3,13,20.7,21.1,15.6,19.6,28,24.4,20.2,19.4,18.9,19.1,19.2,19.9,21.3
1975-12-01,17.1,19.5,18.6,22.5,18.1,22.7,17.6,17.8,11.8,18.4,19.9,14.3,21.8,26.8,23.3,17.1,17.4,16.6,17.5,16.8,17.2,18.5
1976-01-01,14.5,17.5,15.9,20.1,15.8,20.7,15.3,13.9,10.6,15.2,17.8,12.6,19.6,24.7,21.3,14,14.7,14,14.9,13.7,15,16.8
1976-02-01,16.8,19.5,18.6,23.3,17.7,22.5,17.5,16.6,11.6,18.4,19.8,13.9,24.1,26.7,23.1,16.6,16.8,16.1,16.7,16.1,17.1,18.5
1976-03-01,17.4,20.1,19.2,23.4,18,22.9,18.1,17.5,11.9,19,20.2,14.3,23.7,27,23.5,17.3,17.3,16.4,17.3,16.7,17.7,19
1976-04-01,17.5,19.5,18.9,22.4,18.7,22.6,17.9,17.2,11.9,18.6,19.8,14.3,21.9,26.7,23.2,17.4,17.3,17.3,17.1,16.7,17.5,18.5
1976-05-01,15.5,16.2,15.5,19,17.4,20.4,16.2,13.5,10.9,14.7,17.4,12.8,17.8,24.3,20.9,14.8,15.1,15.8,14.6,14.1,15.9,15.7
1976-06-01,14.7,15.3,13.1,16.2,17.2,18.3,15.3,11.5,10.6,12,13,12.2,16.1,20.1,16.9,13.8,14.2,15.5,13.3,13.1,15,15
1976-07-01,14.6,15.5,13.4,15.3,16.7,18.5,15.4,11.9,10.5,12,13.7,12.2,13.3,20.7,17.5,13.7,14.2,15,13.6,13.1,15.1,15.1
1976-08-01,14.3,16.2,13.1,15,16.3,18.4,15.3,10.6,10.4,11.6,14.2,12,12.5,21.3,18,13.5,13.9,14.5,12.7,12.8,15,15.7
1976-09-01,14.6,15.6,14.4,17.2,15.7,20.2,16,13,10.5,13.7,17.7,12.3,14.2,24.6,21.2,13.8,14.3,13.9,14.3,13.2,15.7,15.2
1976-10-01,19.9,20.9,21.1,21.7,20.6,23.9,20.1,20.2,12.9,20.2,21.4,15.6,18,28.2,24.6,20,19.3,19.4,19.1,19.1,19.6,19.7
1976-11-01,19.9,20.8,21.4,22.3,20.3,24.3,20.3,20.8,12.9,20.7,21.9,15.6,18.7,28.8,25.1,20,19.3,19,19.5,19.1,19.8,19.6
1976-12-01,19.5,20.9,21,23.1,19,24.2,20.5,21,12.7,20.8,21.3,15.4,21.3,28.1,24.5,19.6,19.1,17.6,19.6,18.8,20,19.7
1977-01-01,19,20.9,21.1,24.1,19.1,24.9,19.8,19.5,12.5,21.2,24.3,15.1,21.5,31.1,27.3,19,18.6,17.7,18.6,18.3,19.3,19.7
1977-02-01,16.7,18.5,19.8,23.5,17.1,24.6,17.6,19.6,11.6,20.5,24.3,14,20.6,31.1,27.3,16.6,17,15.4,18.7,16.3,17.2,17.7
1977-03-01,16.4,18.5,18,21.8,17.2,22.9,17.3,16.6,11.4,18.2,21.3,13.7,20.1,28.1,24.5,16.1,16.4,15.6,16.7,15.6,16.9,17.7
1977-04-01,18.1,20.2,19.3,20.8,18.7,22.6,18.7,18.7,12.2,18.7,18.8,14.7,18.4,25.7,22.2,18.1,17.9,17.2,18.1,17.5,18.3,19.1
1977-05-01,15,16.1,15.2,17.6,16.3,20.2,16,15,10.8,14.6,16.3,12.7,15.4,23.3,19.9,14.3,14.9,14.5,15.6,13.9,15.7,15.6
1977-06-01,14.4,15.3,14,16.1,16.6,20.3,15.1,11,10.4,12.8,19.4,12,11.3,26.3,22.8,13.3,13.8,14.9,13,12.6,14.8,14.9
1977-07-01,15.1,16.2,14.7,15.5,16.4,20.1,16.3,12.5,10.7,13.1,18.1,12.5,10.1,25.1,21.6,14.3,14.6,14.7,14,13.6,16,15.7
1977-08-01,16.6,17.7,15.6,16.4,17.9,20,17.6,13.5,11.4,13.9,16.4,13.3,12.8,23.4,20,16,15.9,16.3,14.6,15,17.2,17
1977-09-01,17.4,18.5,17.4,19.4,17.3,21.7,18.9,16.3,11.7,16.7,18.7,13.9,16.6,25.6,22.1,16.9,16.8,15.7,16.5,16.1,18.5,17.7
1977-10-01,19,20.4,20.1,21.8,18.9,23.6,20,19.2,12.5,19.6,21.1,15,19,27.9,24.3,18.9,18.5,17.5,18.4,18.1,19.5,19.3
1977-11-01,18.5,19.7,20.6,23.5,18.7,24.6,19.3,20.2,12.3,20.9,23.4,14.9,21,30.1,26.4,18.5,18.3,17.2,19.1,17.9,18.9,18.7
1977-12-01,17.9,18.5,18.5,21,18,22.7,19.1,18.1,12,18.1,20.1,14.3,18.9,27,23.4,17.5,17.4,16.4,17.7,16.8,18.7,17.7
1978-01-01,15.6,17.3,15.7,16.6,16.9,20.2,16.6,14.4,11.1,14.4,16.5,13,13.2,23.5,20.1,15.1,15.4,15.2,15.2,14.5,16.2,16.7
1978-02-01,16.3,18.1,17,18.9,17.2,21.5,17.2,16,11.4,16.1,18.5,13.6,16.1,25.4,21.9,16,16.2,15.6,16.3,15.5,16.8,17.3
1978-03-01,16.5,18.2,17.3,19.6,17.3,21.9,17.4,16.5,11.5,16.6,19.1,13.7,17,26,22.5,16.2,16.5,15.7,16.6,15.7,17,17.4
1978-04-01,17.1,18.1,17.5,19.9,17.9,22,18.1,16.6,11.7,16.8,19.3,13.9,17.3,26.2,22.7,16.7,16.7,16.3,16.7,16,17.7,17.3
1978-05-01,16.6,16.2,16.8,20.5,18,22.4,17.4,16.5,11.4,16.3,20.7,13.6,17.9,27.6,24,16.1,16.3,16.4,16.6,15.5,17,15.7
1978-06-01,14.9,14.4,13.7,15.3,17,19.1,15.8,12.5,10.6,12.4,15.5,12.3,11.7,22.5,19.2,14,14.4,15.3,14,13.3,15.5,14.2
1978-07-01,14.5,14,13.4,14.9,16.5,19,15.6,12.2,10.5,12,15.6,12.1,11,22.6,19.3,13.5,14,14.8,13.8,12.9,15.3,13.9
1978-08-01,15.6,15.9,15.3,17.3,16.8,20.5,16.7,14.3,11,14.3,17.5,12.9,14.1,24.4,21,14.8,15.2,15.1,15.2,14.2,16.4,15.5
1978-09-01,17,17.5,16.7,18.7,17.6,21.3,18.2,15.7,11.5,15.9,18.3,13.6,15.8,25.3,21.8,16.4,16.4,16,16.1,15.6,17.8,16.8
1978-10-01,18.7,19.5,19.7,22.4,18.9,23.9,19.6,19.1,12.3,19.5,22,14.7,20,28.9,25.2,18.4,18,17.5,18.4,17.6,19.1,18.5
1978-11-01,18.8,19.9,19.5,22.3,18.7,23.1,20,18.5,12.4,19.2,20.2,14.9,20.9,27.1,23.6,18.6,18.2,17.2,17.9,17.8,19.5,18.9
1978-12-01,17.7,18.5,19.5,23.1,18,24.6,18.5,19.6,11.9,19.7,24,14.2,20.5,30.8,27,17.2,17.3,16.5,18.7,16.7,18.1,17.7
1979-01-01,14.5,15.6,16.2,21,15.5,22.8,15.8,14.8,10.6,16.7,23.4,12.4,18.1,30.1,26.4,13.8,14.5,13.6,15.5,13.4,15.5,15.2
1979-02-01,17.9,19.1,19.2,22.7,18,23.9,19.1,17.7,12,19.4,23.2,14.3,20.2,30,26.3,17.6,17.4,16.4,17.4,16.9,18.7,18.2
1979-03-01,16.6,17.8,18.9,22.3,17,23.5,17.6,19.6,11.5,19.4,21.3,13.9,20.2,28.1,24.5,16.4,16.8,15.3,18.7,16.1,17.2,17.1
1979-04-01,17.4,17.8,18.5,20,17.8,22.5,18.4,19.3,11.8,18,19,14.2,16.9,25.9,22.4,17.1,17.2,16.2,18.5,16.6,18,17.1
1979-05-01,16.9,16.3,16,17,18.2,20.2,17.9,15.9,11.5,14.6,15.7,13.5,13.9,22.7,19.4,16.3,16.2,16.7,16.2,15.4,17.5,15.8
1979-06-01,16,16.1,15,16.2,17.5,19.7,16.9,13.9,11.1,13.5,15.8,13,12.9,22.9,19.5,15.2,15.3,15.9,14.9,14.4,16.6,15.6
1979-07-01,14.4,13.8,12.5,14.5,16.1,18,15.8,11.9,10.4,11.1,12.9,11.9,12.4,20,16.8,13.3,13.8,14.3,13.6,12.6,15.5,13.7
1979-08-01,16.7,16.5,14.7,16.9,17.7,19.7,18.1,12.5,11.3,13.5,16.2,13.1,14.7,23.2,19.8,15.8,15.5,16.1,14,14.7,17.7,16
1979-09-01,18.9,19.2,18.4,19.6,19.3,22.1,20,16.6,12.3,17.2,19.3,14.6,16.4,26.2,22.7,18.5,17.8,17.9,16.7,17.4,19.5,18.3
1979-10-01,18.5,19.7,19.1,21.6,18.1,23,20,18.4,12.3,19,20.1,14.7,19.7,27,23.4,18.3,18,16.6,17.9,17.5,19.5,18.7
1979-11-01,21,21.8,22,23.4,20.2,24.5,22.1,21.8,13.3,21.7,21.4,16.1,21.1,28.2,24.6,21.1,20.2,18.9,20.1,20.1,21.5,20.5
1979-12-01,17.9,18.1,19.1,22.4,17.8,23.4,19.2,19.6,12,19.4,21.1,14.4,20.6,27.9,24.3,17.6,17.5,16.2,18.7,17,18.8,17.3
1980-01-01,19,20.5,20.1,22.3,18.7,23.4,20.1,19.6,12.5,19.9,20.2,15.1,20.4,27.1,23.5,19,18.6,17.3,18.7,18.2,19.6,19.4
1980-02-01,19.2,19.6,20.5,22.8,18.9,23.9,20.3,21.2,12.6,20.5,20.7,15.2,20.8,27.6,24,19.2,18.8,17.5,19.7,18.4,19.8,18.6
1980-03-01,16.3,18.2,17.5,20.8,16.9,22,17.3,17.4,11.4,17.6,18.3,13.6,19.7,25.3,21.8,16,16.3,15.2,17.2,15.6,16.9,17.4
1980-04-01,18.4,19.4,18.3,19.8,18.9,21.8,19.2,17.2,12.2,17.4,17.8,14.5,17.7,24.8,21.3,18.1,17.7,17.5,17.1,17.2,18.8,18.4
1980-05-01,16.9,17.3,15.9,17.2,18.3,20.3,17.7,14.2,11.5,14.5,16.5,13.5,14.2,23.5,20.1,16.2,16.1,16.8,15.1,15.3,17.3,16.7
1980-06-01,16.6,16.4,15.3,16.1,18.4,19.7,17.4,13.9,11.3,13.6,15.7,13.3,12.6,22.7,19.4,15.9,15.8,16.9,14.9,14.9,17,15.9
1980-07-01,14.6,15.2,13.8,15.3,16.2,19.1,15.8,12.9,10.5,12.5,15.2,12.3,11.8,22.2,18.9,13.8,14.3,14.4,14.2,13.2,15.5,14.9
1980-08-01,16.5,17.5,15.8,17.5,17.3,20.6,17.7,14.1,11.3,14.7,17.4,13.3,14.3,24.3,20.9,15.8,15.8,15.7,15,15,17.3,16.8
1980-09-01,16.1,17.3,15.5,17.6,16.4,20.3,17.7,14.5,11.2,14.7,16.2,13.2,15.3,23.2,19.8,15.5,15.6,14.7,15.3,14.7,17.3,16.7
1980-10-01,18.5,19.9,19.4,21.3,18.2,22.9,19.8,19.2,12.3,19,19.3,14.8,19,26.2,22.7,18.4,18.1,16.7,18.4,17.7,19.3,18.9
1980-11-01,21.1,23,22.4,23.2,20.3,24.6,22,21.8,13.4,21.8,21.2,16.3,20.4,28,24.4,21.4,20.4,19,20.1,20.4,21.4,21.5
1980-12-01,19.9,21.5,21.2,23.1,19,23.9,21.1,21.8,12.9,21.2,19.8,15.7,21.6,26.7,23.1,20.1,19.5,17.6,20.1,19.3,20.6,20.2
1981-01-01,17.3,18.9,18.6,21.6,17.2,22.3,18.4,19.6,11.8,18.8,17.4,14.3,21.2,24.3,20.9,17.2,17.3,15.6,18.7,16.8,18,18
1981-02-01,15.9,17.3,16.4,19.6,16.8,20.9,16.8,16.6,11.2,16.3,16.1,13.3,19.2,23.1,19.7,15.5,15.9,15.1,16.7,15.1,16.5,16.7
1981-03-01,17.2,18.2,17.4,20.2,18,21.5,18.1,17.2,11.7,17.1,17,14,19.4,24,20.6,16.9,16.8,16.4,17.1,16.2,17.7,17.4
1981-04-01,16.8,17.7,16.5,17.9,18,20.5,17.5,15.7,11.5,15.3,15.9,13.6,15.6,23,19.6,16.3,16.3,16.5,16.1,15.6,17.1,17
1981-05-01,17,17.1,16.1,17,18.4,20.5,17.8,14.4,11.5,14.5,17.4,13.5,13.1,24.3,20.9,16.3,16.1,16.9,15.2,15.3,17.4,16.5
1981-06-01,14.7,14.6,12.5,13.4,17,18.1,15.7,10,10.5,10.4,14.5,12,9.3,21.6,18.3,13.6,13.8,15.3,12.3,12.6,15.4,14.4
1981-07-01,15.5,15.1,13.5,14.3,17.5,18.9,16.5,10.9,10.8,11.4,16.1,12.4,9.7,23.1,19.7,14.4,14.5,15.9,12.9,13.4,16.2,14.8
1981-08-01,14.2,15.2,14.1,15.7,15.7,19.6,15.3,13.2,10.4,12.9,16.3,12.1,11.8,23.3,19.9,13.3,14.1,13.9,14.4,12.9,15,14.9
1981-09-01,15.1,15.2,14.4,16.8,16.6,19.9,16.2,13.2,10.7,13.4,16.9,12.5,13.9,23.9,20.5,14.2,14.6,14.9,14.4,13.5,15.9,14.9
1981-10-01,19.1,19.7,19.5,20.3,19.1,22.7,20.2,19.2,12.5,18.6,19.1,15,17.1,26,22.5,19,18.4,17.7,18.4,18.1,19.7,18.7
1981-11-01,20.6,21.5,21.4,22.4,20.1,23.8,21.5,21.5,13.2,20.9,19.9,15.9,20.1,26.8,23.2,20.7,19.9,18.8,19.9,19.8,21,20.2
1981-12-01,19.3,20.8,21,22.8,19,24,20.2,21.2,12.7,20.9,20.8,15.4,20.6,27.7,24.1,19.4,19,17.6,19.7,18.7,19.7,19.6
1982-01-01,16.3,17.3,17.2,19.4,16.9,21.6,17.5,17.7,11.4,16.8,17.6,13.6,17.2,24.5,21.1,16,16.3,15.2,17.4,15.5,17.1,16.7
1982-02-01,18.9,19.8,20,21.2,18.9,23,19.8,20.5,12.5,19.5,18.9,15.1,18.8,25.8,22.3,18.9,18.5,17.5,19.3,18.2,19.3,18.8
1982-03-01,17,17.8,17.7,19.3,17.8,21.5,17.8,18.3,11.6,17,16.9,14,17.1,23.9,20.5,16.7,16.8,16.2,17.8,16.2,17.4,17.1
1982-04-01,16.7,17.5,17,18.5,17.3,21.3,17.9,16.9,11.5,16.2,17.5,13.7,15.5,24.4,21,16.3,16.4,15.7,16.9,15.7,17.5,16.8
1982-05-01,15.9,14.9,14.2,14.9,18,19.3,16.8,12.7,11,12.3,16.1,12.7,10.5,23.1,19.7,15,15,16.4,14.1,14,16.5,14.6
1982-06-01,14.3,13.3,12,12.9,16.6,17.8,15.5,10.3,10.3,9.9,14.2,11.7,8.4,21.3,18,13.1,13.4,14.9,12.5,12.2,15.2,13.3
1982-07-01,15.4,14.5,13.5,14.5,17.5,18.9,16.3,11.6,10.7,11.6,15.8,12.4,10.3,22.9,19.5,14.3,14.4,15.9,13.4,13.3,16,14.3
1982-08-01,16.3,16.4,16,18.2,17.9,20.9,17.1,14.5,11.3,15,18.5,13.2,15.2,25.4,21.9,15.6,15.7,16.3,15.3,14.8,16.8,15.9
1982-09-01,16.4,16.6,16.3,19.5,17.6,21.3,17.5,15.3,11.3,15.9,18.5,13.3,17.9,25.4,21.9,15.8,15.9,16,15.8,15.1,17.1,16.1
1982-10-01,18.7,20.2,19.8,22,18.7,23.2,19.7,19.6,12.4,19.6,19.8,14.9,20.1,26.7,23.1,18.7,18.3,17.2,18.7,18,19.2,19.1
1982-11-01,19.7,21.9,21.7,23.9,19.1,24.3,20.5,22.1,12.9,21.9,20.3,15.7,22.9,27.2,23.6,20,19.5,17.7,20.3,19.3,20,20.6
1982-12-01,20.4,21.7,21.3,23.3,19.9,23.8,21.3,21.3,13.1,21.1,19.3,15.9,22.5,26.2,22.7,20.6,19.8,18.6,19.8,19.7,20.8,20.4
1983-01-01,21.5,23.6,23,24.3,20.3,24.7,22.5,23.3,13.6,22.8,20,16.7,23.1,26.9,23.3,21.9,21,19,21.1,21,21.9,22
1983-02-01,20.1,21.6,21.6,23.8,19.8,24.2,20.9,21.6,13,21.6,20.4,15.8,22.8,27.3,23.7,20.3,19.7,18.5,20,19.5,20.4,20.3
1983-03-01,22.3,24.2,24.5,26.3,21.5,26,22.8,24.5,14,24.6,22.6,17.2,25.1,29.4,25.7,22.9,21.8,20.4,21.9,22,22.2,22.5
1983-04-01,20.2,22.3,22.2,24.1,20,24.9,20.8,21.6,13.1,22.1,22.3,15.9,22,29.1,25.4,20.5,19.9,18.7,20,19.7,20.3,20.9
1983-05-01,18.2,18.1,17.8,20.1,18.9,22.4,19.2,15.7,12,17,21,14.1,17,27.8,24.2,17.6,17.1,17.5,16.1,16.5,18.8,17.3
1983-06-01,15.8,16.3,14.8,17.2,17.7,20.2,16.6,11.9,11,13.5,18,12.7,14.2,25,21.5,14.9,15,16.1,13.6,14,16.3,15.8
1983-07-01,17,17.5,16.5,18.2,18.3,21.1,17.9,14.7,11.6,15.3,18.5,13.6,14.9,25.4,21.9,16.4,16.3,16.8,15.4,15.5,17.5,16.8
1983-08-01,17.4,17.9,17.5,20.2,18.5,22.2,18.2,15.7,11.7,16.9,20.3,13.9,17.6,27.2,23.6,16.9,16.7,17,16.1,16,17.8,17.2
1983-09-01,17.7,18.6,18.6,20.2,18.3,22.9,18.6,17.5,11.9,17.9,21.2,14.2,16.1,28,24.4,17.4,17.2,16.8,17.3,16.7,18.2,17.8
1983-10-01,20,21.1,21.2,23,19.5,24.6,21.2,20.1,12.9,20.9,23.1,15.6,19.6,29.9,26.2,20,19.3,18.1,19,19.1,20.7,19.9
1983-11-01,21,22.4,22.5,23.5,20.6,25,21.7,21.5,13.4,21.9,22.9,16.2,20,29.7,26,21.3,20.3,19.4,19.9,20.2,21.2,21
1983-12-01,19.5,21.8,21.2,23.9,19.3,24.1,20.3,20.5,12.8,21.3,20.7,15.5,23.1,27.6,24,19.7,19.2,17.9,19.3,19,19.8,20.5
1984-01-01,14.1,15.3,13.9,17.8,15,19.5,15.6,13.8,10.4,13.8,14.9,12.1,17.6,21.9,18.6,13.3,14.1,13.1,14.8,12.9,15.3,15
1984-02-01,13.6,15.3,14.1,18.3,15.1,19.7,14.6,14.1,10.5,14.1,15.2,12.6,18.2,22.2,18.9,13.6,14.8,13.2,15,13.7,14.3,15
1984-03-01,15.5,16.9,15.9,20,16.5,21.2,16.6,15,11,16,18.1,13,19.4,25,21.5,14.9,15.4,14.8,15.6,14.4,16.3,16.3
1984-04-01,17.4,17.9,17.5,19.9,18.3,21.6,18.4,16.8,11.8,16.9,18,14.1,18.2,24.9,21.4,17.1,17,16.8,16.8,16.4,18,17.2
1984-05-01,17,17.7,15.7,17.3,17.9,19.8,18.3,14.7,11.6,14.5,14.7,13.6,15.5,21.7,18.4,16.5,16.3,16.3,15.4,15.5,17.9,17
1984-06-01,15.2,15.2,13.5,15.1,16.6,19.1,16.5,11.8,10.7,12.1,15.7,12.3,11.5,22.7,19.4,14.1,14.3,14.9,13.5,13.2,16.2,14.9
1984-07-01,15,14.6,13.1,15.4,16.8,18.9,16.2,11,10.6,11.7,15.7,12.2,12.5,22.7,19.4,13.9,14.1,15.1,13,13,15.9,14.4
1984-08-01,15.5,15,13.8,16,17.4,19.5,16.5,11.3,10.8,12.4,17.2,12.4,12.6,24.2,20.8,14.4,14.5,15.8,13.2,13.4,16.2,14.7
1984-09-01,17.6,17.9,16.8,19,18.7,21.5,18.5,13.9,11.7,15.7,19.8,13.7,16,26.7,23.1,16.9,16.5,17.3,14.9,15.8,18.1,17.2
1984-10-01,19.2,20.5,20,22.2,19.2,23.4,20.1,18.9,12.5,19.6,20.5,15.1,20.2,27.4,23.8,19.1,18.5,17.8,18.2,18.2,19.6,19.4
1984-11-01,18.4,19.4,18.7,23.5,18.7,22.6,19.4,17.5,12.2,18.4,19.7,14.5,19.9,26.6,23,18.1,17.7,17.2,17.3,17.2,19,18.4
1984-12-01,19.1,18.1,19.3,24.3,19.2,23.1,20.3,19.6,12.4,19.2,20.2,14.9,20.4,27.1,23.5,18.7,18.2,17.8,18.7,17.8,19.8,17.3
1985-01-01,17,16.5,17.1,23.7,17.9,21.9,18.2,17.1,11.6,17.3,18.8,13.7,21.2,25.7,22.2,16.5,16.5,16.3,17,15.7,17.8,16
1985-02-01,15.3,15.5,15.4,21.3,17.2,20.3,15.8,15.9,10.9,15.2,15.5,12.9,19.2,22.5,19.2,14.7,15.2,15.6,16.2,14.2,15.5,15.1
1985-03-01,17.7,17.9,18.6,23.8,19,22.6,18.2,18.6,12,18.5,19.5,14.3,20.5,26.4,22.9,17.5,17.4,17.6,18,16.8,17.8,17.2
1985-04-01,17.1,17.3,17.4,20.3,18.7,21.7,17.5,16.6,11.6,16.9,18.4,13.8,19.2,25.3,21.8,16.6,16.6,17.3,16.7,15.9,17.1,16.7
1985-05-01,16.9,17.3,17,19.9,18.7,21.8,17.4,15,11.5,16.2,20,13.6,17,26.9,23.3,16.4,16.3,17.3,15.6,15.5,17,16.7
1985-06-01,14.4,14.5,13.9,16.2,16.8,19.2,15.1,12.6,10.5,12.7,15.4,12.3,13.6,22.4,19.1,13.6,14.3,15.1,14.1,13.2,14.8,14.3
1985-07-01,14.6,14.4,13.6,16,16.7,19.7,15.6,11.5,10.5,12.6,17.7,12.1,13.4,24.7,21.2,13.5,13.9,15,13.3,12.8,15.3,14.2
1985-08-01,17.4,17.8,17.2,18.4,18.6,21.4,18.1,16,11.7,16.2,18.3,13.9,15.9,25.2,21.7,16.9,16.7,17.1,16.3,16,17.7,17.1
1985-09-01,16.5,16.3,16.6,20.3,17.4,21.9,17.7,16.2,11.3,16.5,19.6,13.4,16.9,26.5,23,15.8,16,15.8,16.4,15.2,17.3,15.8
1985-10-01,19.4,20.4,20.4,24.1,19.6,24.2,20.1,19.9,12.6,20.5,22,15.1,20.5,28.8,25.1,19.3,18.6,18.3,18.8,18.3,19.6,19.3
1985-11-01,16.4,17.5,16.5,21.6,18,21.1,17,15.6,11.4,16.2,17.4,13.4,17.7,24.4,21,15.9,16,16.4,16.1,15.2,16.7,16.8
1985-12-01,16.4,17.9,17.2,22.8,18,21.1,17,16.1,11.5,17.3,16.5,13.9,20.8,23.5,20.1,16.3,16.7,16.4,16.4,16,16.7,17.2
1986-01-01,17.7,20.4,19.7,23.5,18.8,23,18,18.8,12.1,19.9,19.3,14.7,22.7,26.2,22.7,17.9,18,17.4,18.1,17.5,17.6,19.3
1986-02-01,16.9,18.9,18.4,22,18,22.5,17.5,17.8,11.7,18.7,19.1,14.1,21.6,26,22.5,16.8,17.1,16.4,17.5,16.5,17.1,18
1986-03-01,16.4,18.8,17.7,11.6,17.7,21.2,16.9,15.8,11.5,15.9,18,13.8,19,24.9,21.4,16.3,16.6,16.1,16.1,15.9,16.6,17.9
1986-04-01,17.7,19.9,19.6,21.8,18.8,23.5,17.9,18.9,12,19.3,21.1,14.4,19.1,28,24.4,17.6,17.5,17.4,18.2,17,17.5,18.9
1986-05-01,16.2,17,16.8,17.9,18,21.6,16.6,15.9,11.3,15.8,19.3,13.3,15,26.2,22.7,15.7,15.9,16.5,16.2,15,16.3,16.4
1986-06-01,15.9,16.1,16,16.9,18.2,20.8,16.2,14.7,11.1,14.6,18.2,13,13.8,25.1,21.6,15.3,15.5,16.7,15.4,14.5,15.9,15.6
1986-07-01,13.6,13.3,12.8,15.3,16.4,18.2,14.3,11.3,10.2,11.5,13.8,11.9,13.5,20.9,17.7,12.8,13.7,14.7,13.2,12.5,14.1,13.3
1986-08-01,15.7,16.2,15.7,17.7,17.5,20.6,16.4,14.6,11,14.6,17.5,13,14.3,24.5,21.1,15.1,15.4,15.9,15.3,14.4,16.1,15.7
1986-09-01,17.3,17.5,17.7,20.1,18,22.6,18.3,17.2,11.7,17.4,20.7,13.8,17,27.6,24,16.7,16.6,16.4,17.1,15.9,17.9,16.8
1986-10-01,19.2,19,19.5,21.9,19.4,23.9,20.1,19,12.4,19.3,22.4,14.8,18.6,29.2,25.5,18.7,18.1,18,18.3,17.6,19.6,18.1
1986-11-01,20.1,21,20.9,24.4,20.2,24.1,20.9,19.5,12.9,20.6,22,15.5,21.1,28.8,25.1,20.1,19.3,18.9,18.6,19,20.4,19.8
1986-12-01,17.1,18.6,17.6,19.9,17.8,22,18.1,16,11.7,16.8,19.5,13.8,17.2,26.4,22.9,16.7,16.7,16.2,16.3,16,17.7,17.8
1987-01-01,16.2,17.7,17.5,20.8,17.4,21.2,16.7,15.1,11.5,18.9,17.6,13.9,20.6,24.6,21.2,16.2,16.8,15.8,15.7,16.1,16.4,17
1987-02-01,18.5,21.2,19,21.7,19.3,23,18.9,18.1,12.2,16.5,20.2,14.5,20.6,27.1,23.5,18.3,17.6,17.9,17.7,17.1,18.5,20
1987-03-01,18,19.8,18.6,21.1,18.7,22.7,18.8,16.6,12.1,18,20.4,14.4,18.8,27.3,23.7,17.8,17.5,17.2,16.7,16.9,18.4,18.8
1987-04-01,18.6,20.2,19.1,21.8,19.1,23,19.4,16.7,12.3,18.5,21.1,14.6,19.7,28,24.4,18.4,17.9,17.7,16.8,17.4,19,19.1
1987-05-01,17.2,17.7,16.7,19.2,18.7,21.5,18,14,11.6,15.7,19.6,13.6,16.1,26.5,23,16.6,16.3,17.2,15,15.6,17.6,17
1987-06-01,14.9,14.4,14.6,17,16.9,20.2,15.7,11.8,10.7,14.9,18.8,12.5,13.3,25.7,22.2,14.2,14.6,15.2,13.5,13.5,15.4,14.2
1987-07-01,14.3,13.8,14,16.3,16.4,20.3,15.2,13.5,10.4,13.1,18.2,12,12,25.1,21.6,13.3,13.9,14.7,14.6,12.7,14.9,13.7
1987-08-01,17.5,17.2,16.6,18.5,19.2,21.3,18.2,13.9,11.7,15.3,19.6,13.7,15.1,26.5,23,16.8,16.4,17.8,14.9,15.7,17.8,16.6
1987-09-01,18.4,18.1,18.1,22,19,22.7,19.6,16.4,12.1,18,20.8,14.3,21.2,27.7,24.1,17.9,17.4,17.6,16.6,16.8,19.1,17.3
1987-10-01,19.1,19.6,19.6,21.7,19.2,23.5,20.2,16.9,12.5,19.8,22.5,14.9,18.5,29.3,25.6,18.9,18.3,17.8,16.9,17.9,19.7,18.6
1987-11-01,19.9,20.6,20.8,23.6,19.7,24.2,20.8,20,12.8,20.7,21.9,15.4,22.2,28.7,25,19.8,19.1,18.4,18.9,18.8,20.3,19.5
1987-12-01,21.1,22.5,21.6,23.3,20.7,23.8,22,20.1,13.4,21.1,20.2,16.1,22.1,27.1,23.5,21.3,20.2,19.5,19,20.1,21.4,21.1
1988-01-01,18.2,19.5,19,22.6,18.7,22.3,19,17.7,12.2,18.8,18.5,14.8,23.1,25.4,21.9,18.2,18.1,17.3,17.4,17.7,18.6,18.5
1988-02-01,18.6,19.7,19.2,22.4,18.7,22.5,19.8,18,12.4,18.9,19,14.9,22.2,25.9,22.4,18.6,18.3,17.3,17.6,17.9,19.3,18.7
1988-03-01,16.6,17.5,17,20.6,17.4,21.3,17.7,16,11.5,16.7,17.8,13.8,20.1,24.8,21.3,16.3,16.5,15.8,16.3,15.8,17.3,16.8
1988-04-01,17.1,17.3,17.9,20.1,18.1,22.6,17.9,17.4,11.7,18,20.3,14,20.5,27.2,23.6,16.7,16.8,16.6,17.2,16.2,17.5,16.7
1988-05-01,16.6,16.2,16,18.3,18.3,21.1,17.5,14,11.3,14.9,19.4,13.2,14.9,26.3,22.8,15.9,15.8,16.8,15,14.9,17.1,15.7
1988-06-01,15.6,14.8,14.3,16.8,17.7,19.8,16.4,12.5,10.9,13,17.2,12.6,13.4,24.2,20.8,14.6,14.7,16.1,14,13.7,16.1,14.5
1988-07-01,16.2,16.2,15.4,16.7,17.9,20.7,17,13.2,11.1,14.2,18.8,13,14,25.7,22.2,15.4,15.4,16.3,14.4,14.4,16.7,15.7
1988-08-01,19.2,18.9,18.9,18.7,20.5,23.1,19.7,15.8,12.4,17.7,22.7,14.6,16.9,29.5,25.8,18.7,17.9,19.3,16.2,17.4,19.2,18
1988-09-01,18.8,19.2,18.6,21.8,19.5,23,19.8,15.8,12.3,18,21.8,14.5,19.5,28.6,24.9,18.4,17.7,18.1,16.2,17.2,19.3,18.3
1988-10-01,19.8,19.6,19.6,21.9,20.6,23.5,20.5,16.9,12.7,18.8,22.6,15,19.1,29.4,25.7,19.5,18.5,19.4,16.9,18.1,20,18.6
1988-11-01,20.9,21,20.4,23,20.7,23.7,22,18.1,13.1,19.9,21.6,15.7,21.7,28.4,24.8,20.7,19.4,19.5,17.7,19.2,21.4,19.8
1988-12-01,19.4,20.2,20.1,23,19.4,23.5,20.5,19.1,12.7,19.9,20.6,15.2,22.1,27.5,23.9,19.4,18.8,18,18.3,18.5,20,19.1
1989-01-01,17.6,19.1,18.4,21.7,18.8,22.2,18,17.5,11.9,18.2,18.4,14.3,21.5,25.3,21.8,17.4,17.3,17.4,17.3,16.7,17.6,18.2
1989-02-01,17.3,18.8,18.1,21.7,18.7,22,17.6,17.4,11.8,18,18,14.1,21.9,24.9,21.4,17.1,17.1,17.2,17.2,16.4,17.2,17.9
1989-03-01,17.1,18.8,18.3,22.3,18.6,22.6,17.4,17.2,11.7,18.4,19.8,14,22.1,26.7,23.1,16.9,16.9,17.1,17.1,16.3,17,17.9
1989-04-01,16.5,17.1,16.8,19.9,17.7,21.4,17.3,16.4,11.4,16.5,17.7,13.5,18.7,24.7,21.2,16,16.2,16.1,16.6,15.4,16.9,16.5
1989-05-01,16.8,16.6,16.6,20.7,18.8,21.6,17.3,14.7,11.5,15.8,19.8,13.5,17,26.7,23.1,16.2,16.1,17.4,15.4,15.3,16.9,16.1
1989-06-01,15.9,14.5,14.6,14.1,18.6,19.8,16.3,12.8,11,12.7,17.6,12.7,11.1,24.6,21.2,14.9,14.9,17.1,14.2,13.9,16,14.3
1989-07-01,14.8,14,14.2,11.5,17.8,19.7,15.2,13.1,10.6,13,16.9,12.3,13.5,23.9,20.5,13.9,14.4,16.2,14.4,13.3,14.9,13.9
1989-08-01,16.2,16.6,15.9,15.8,17.4,21.2,17.1,14.1,11.2,15,19.4,13.1,14.2,26.3,22.8,15.4,15.5,15.8,15,14.6,16.8,16.1
1989-09-01,18.8,19,18.3,17.5,19.6,22.2,19.6,16.1,12.3,16.7,20.2,14.5,13.8,27.1,23.5,18.3,17.7,18.3,16.4,17.2,19.1,18.1
1989-10-01,20.5,21.2,20.8,18.2,20.4,23.6,21.3,19.1,13.1,19.4,21.1,15.6,20.1,28,24.4,20.5,19.4,19.2,18.4,19.2,20.8,20
1989-11-01,20.2,20.3,19.7,21.5,20.7,23,20.9,17.5,12.9,18.7,20.6,15.3,19.1,27.5,23.9,19.9,18.9,19.5,17.3,18.6,20.4,19.2
1989-12-01,21.3,21.5,20.5,20.3,21.1,22.9,22.2,18.9,13.3,19.1,19.2,15.9,17.5,26.1,22.6,21.2,19.9,20,18.2,19.7,21.6,20.2
1990-01-01,17.6,19,18.4,21.4,18.6,22.3,18.1,17.5,11.9,18.2,18.9,14.2,20.9,25.8,22.3,17.3,17.3,17.1,17.3,16.7,17.7,18.1
1990-02-01,18.6,19,18.1,20.3,19.7,21.7,19.1,16.6,12.2,17.1,18.1,14.5,18.1,25,21.5,18.2,17.7,18.4,16.7,17.2,18.7,18.1
1990-03-01,18.9,19.7,18.6,13.9,19.9,22.7,19.4,17.6,12.4,18.3,19.9,14.6,20.2,26.8,23.2,18.6,17.8,18.6,17.3,17.3,19,18.7
1990-04-01,18.3,19.7,18.1,19.9,19.4,23,18.8,17.2,12.2,19.5,21.1,14.5,19.9,28,24.4,18.2,17.7,18,17.1,17.2,18.4,18.7
1990-05-01,17.2,17.2,16.7,16.8,19.1,21.4,17.7,14.4,11.6,15.7,19.4,13.6,16.8,26.3,22.8,16.6,16.3,17.7,15.2,15.6,17.3,16.6
1990-06-01,12.8,12.5,14.6,13.6,15.8,19.8,13.1,14.2,10,15.3,16.6,12.2,13.7,23.6,20.2,12.3,14.2,14,15.1,13,12.9,12.6
1990-07-01,14.7,14.3,14,13.6,17.5,20.2,15.2,14.9,10.7,13.2,17.3,12.4,12.4,24.3,20.9,14.1,14.5,15.9,15.6,13.4,14.9,14.1
1990-08-01,16,16.4,15.7,16.3,18.4,21,16.2,14.1,11.2,14.3,19,12.9,15.1,25.9,22.4,15.4,15.2,16.9,15,14.3,15.9,15.9
1990-09-01,18.1,18.4,17.5,20.1,20,22.2,18.3,15.8,12,16.8,20.3,13.9,13.7,27.2,23.6,17.7,16.8,18.7,16.2,16.1,17.9,17.6
1990-10-01,18.5,20.2,19.4,22.2,19,23,19.1,18.4,12.4,21,19.8,15.1,19.5,26.7,23.1,18.7,18.6,17.6,17.9,18.2,18.7,19.1
1990-11-01,19.4,20.8,20,22.9,19.7,23.3,20.1,19.3,12.8,22.2,20,15.5,23,26.9,23.3,19.7,19.2,18.4,18.5,19,19.6,19.6
1990-12-01,18.1,19.7,20.2,23.3,18.5,23,18.8,19,12.4,22.3,19.5,15.4,22.5,26.4,22.9,18.7,19.1,17,18.3,18.8,18.4,18.7
1991-01-01,17.4,19.6,18.3,21.9,17.9,22.2,18.2,17.7,11.9,21.1,18.6,14.5,19.9,25.5,22,17.3,17.6,16.3,17.4,17.1,17.8,18.6
1991-02-01,18.5,21.2,19.3,23.5,18.6,23.5,19.2,18.8,12.3,21.2,20.5,15,20.2,27.4,23.8,18.4,18.4,17.1,18.1,18,18.8,20
1991-03-01,17.3,19.8,18.6,22,18,22.3,18,18.2,11.8,20.7,18.3,14.1,22.8,25.2,21.7,17.1,17.1,16.5,17.7,16.5,17.6,18.8
1991-04-01,17.6,19.7,18,21.8,18.2,22.5,18.2,17.5,11.9,18.2,19.7,14.7,21.2,26.6,23,17.5,18,16.7,17.3,17.5,17.8,18.7
1991-05-01,17.1,18.1,16.7,20.5,18.2,22.2,17.7,15.8,11.6,16.4,20.7,14.1,17.9,27.6,24,16.7,17,16.7,16.2,16.4,17.3,17.3
1991-06-01,14.6,15.6,14,15.5,16,19.9,15.5,13.6,10.7,13.8,16.8,13.3,15.1,23.8,20.4,14.2,15.9,14.2,14.7,15.1,15.2,15.2
1991-07-01,14.6,15.6,14.5,16.4,16.8,20,14.9,12.9,10.8,13.9,17.6,13.5,14.9,24.6,21.2,14.4,16.1,15.1,14.2,15.3,14.6,15.2
1991-08-01,16.9,17.9,17.1,19.3,17.8,21.8,17.9,15.7,11.5,16.3,19.5,13.5,17.8,26.4,22.9,16.3,16.2,16.2,16.1,15.4,17.5,17.2
1991-09-01,16,17.4,16.9,20.5,16.6,21.7,17.3,16.2,11.2,17.2,19.2,13.3,19.4,26.1,22.6,15.5,15.8,14.9,16.4,15,16.9,16.7
1991-10-01,18.3,19.8,18.7,22.1,18.6,23,19.3,18.8,12.1,19.3,20.1,14.4,21.6,27,23.4,17.9,17.5,17.1,18.1,17,18.9,18.8
1991-11-01,18.5,19.7,19.1,23.3,18.6,22.8,19.7,18.3,12.2,19.4,19.7,14.7,22.8,26.6,23,18.3,17.9,17.1,17.8,17.4,19.2,18.7
1991-12-01,18.7,20.5,20.2,24.9,18.8,23.4,19.6,19.4,12.5,20.3,20.2,15.2,22.1,27.1,23.5,18.8,18.8,17.4,18.5,18.5,19.1,19.4
1992-01-01,15.8,17.5,17.8,19.6,16.7,20.6,16.7,16.2,11.2,18.1,15.5,13.3,21.8,22.5,19.2,15.6,15.9,15,16.4,15.1,16.4,16.8
1992-02-01,17.5,18.6,18.6,22.1,17.6,21.8,18.7,18,12,19.8,17.3,14.7,22,24.3,20.9,17.5,17.9,16,17.6,17.4,18.3,17.8
1992-03-01,18.3,19.1,18.5,21.7,18.5,21.5,19.4,17,12.2,19.4,16.9,14.7,20.4,23.9,20.5,18.1,18,17,16.9,17.5,19,18.2
1992-04-01,18,18.7,18.1,20,18.7,21.8,19,16.5,11.9,18.4,18.5,13.7,18.6,25.4,21.9,17.3,16.4,17.3,16.6,15.7,18.6,17.8
1992-05-01,17.6,18,17.2,19,18.8,21.5,18.6,15.3,11.6,17,18.9,12.9,16.4,25.8,22.3,16.6,15.3,17.4,15.8,14.4,18.2,17.3
1992-06-01,14.4,15.1,14.3,15.1,16,19.2,15.5,12.6,10.6,14.7,15.4,12.5,14,22.4,19.1,13.8,14.7,14.2,14,13.7,15.2,14.8
1992-07-01,13.9,14.7,13.3,16,15.3,18.7,15.2,12.3,10.3,14.4,14.5,12.4,13.4,21.6,18.3,13.2,14.5,13.4,13.8,13.4,14.9,14.5
1992-08-01,14.6,14.3,13.9,15.6,15.2,19.1,16.5,13,10.6,14.4,15.5,12.5,15,22.5,19.2,13.8,14.7,13.3,14.3,13.7,16.2,14.1
1992-09-01,17.1,17.4,16.5,17.8,17.5,21,18.6,14.8,11.5,15.7,18.2,12.9,14.9,25.1,21.6,16.2,15.3,15.9,15.5,14.4,18.2,16.7
1992-10-01,18.3,18.7,18.5,20.4,17.5,22.5,18.5,17.7,11.9,18.5,19.7,14.2,20.1,26.6,23,17.2,17.2,15.9,17.4,16.6,18.1,17.8
1992-11-01,17.8,18.4,18.9,21.4,17.8,22.4,18.3,18.2,11.8,19.9,19.1,14.3,21.2,26,22.5,17.2,17.4,16.2,17.7,16.8,17.9,17.6
1992-12-01,18.5,19.1,18.8,23.5,18,22.6,19.8,18.9,12.3,20.8,19.1,15.2,18.8,26,22.5,18.4,18.7,16.4,18.2,18.4,19.3,18.2
1993-01-01,15.6,16.8,18.1,20.5,16.4,20.6,17.8,15.9,11.4,16.8,15.8,14.4,17.5,22.8,19.5,16,17.5,14.6,16.2,17,17.4,16.2
1993-02-01,17.8,18,18.6,20.6,17.3,22.4,18.7,17.7,11.9,18.9,19.5,14.5,18.6,26.4,22.8,17.3,17.6,15.7,17.4,17.1,18.3,17.3
1993-03-01,16.3,17.7,17.2,17,16.4,20.2,16.9,16.5,11.3,20,14.3,14.1,18.1,21.4,18.1,15.7,17,14.6,16.6,16.4,16.6,17
1993-04-01,18,18.5,18.5,20.1,17.4,22.2,18.4,17.2,11.9,17.9,19.2,14.8,17.5,26.1,22.6,17.5,18.2,15.8,17.1,17.8,18,17.7
1993-05-01,16.3,16.4,16.6,16.9,16.9,20.5,18.5,14.8,11.5,15.2,16.9,13.9,13.7,23.9,20.5,16.3,16.8,15.2,15.5,16.1,18.1,15.9
1993-06-01,15.6,15,15.8,17.9,16.4,19.5,17,13.2,11.1,12.9,15.7,13.5,12.3,22.7,19.4,15.2,16.2,14.6,14.4,15.4,16.7,14.7
1993-07-01,15.3,15,14.1,14.6,16,18.4,15.5,13,10.9,13.7,13,13.9,15.7,20.1,16.9,14.7,16.7,14.2,14.3,16,15.2,14.7
1993-08-01,15.7,14.5,14.5,17,15.1,19.1,14.2,12.9,10.7,12.1,15.1,13.7,17.6,22.1,18.8,14,16.4,13.2,14.2,15.7,14,14.3
1993-09-01,16.9,17.4,17.2,18.2,17.1,21.1,17.1,15.9,11.5,16.2,17.4,14.1,14.2,24.4,21,16.2,17.1,15.4,16.2,16.5,16.8,16.7
1993-10-01,17.9,18.8,18.8,20.8,17.4,22.5,19.1,18.5,12,18.8,19.1,14.7,18.9,26,22.5,17.6,18,15.8,17.9,17.5,18.7,17.9
1993-11-01,19.1,20.2,20,22.7,19.4,23.5,19.4,20.2,12.7,21.5,20,15.8,20.9,26.9,23.3,19.4,19.7,18,19.1,19.6,19,19.1
1993-12-01,18,20.2,20.7,25.1,18.2,23.1,19.3,19.7,12.5,20.9,18.9,16.4,21.4,25.8,22.3,18.9,20.6,16.7,18.7,20.6,18.9,19.1
1994-01-01,17.2,19.4,19.6,23.5,17.4,22.2,18.4,18.5,12.1,20.4,17.6,15.8,21.2,24.6,21.1,17.8,19.7,15.8,17.9,19.6,18,18.4
1994-02-01,16,18.8,18.9,23.7,17.1,21.7,17.5,17.5,11.6,19.1,17.3,14.9,19,24.3,20.8,16.5,18.3,15.4,17.3,17.9,17.1,17.9
1994-03-01,17.8,19,19.1,23.7,17.4,22.4,18.6,18.5,12.1,20.2,18.5,15.6,19.2,25.4,21.9,17.9,19.4,15.8,17.9,19.2,18.2,18.1
1994-04-01,17.3,18.8,18.8,24.1,17.2,22.9,18.4,18.3,11.8,18.3,20.3,14.8,18.6,27.2,23.6,17.2,18.1,15.6,17.8,17.7,18,17.9
1994-05-01,16.4,16.9,16.5,21.6,17.5,21.6,18.1,15.6,11.5,14,19.4,13.7,14.6,26.3,22.8,16.3,16.5,15.9,16,15.8,17.7,16.3
1994-06-01,14.8,14.8,15,18.7,16.3,20.2,17,13.9,10.8,9.8,17.6,12.7,13.3,24.6,21.1,14.5,15,14.5,14.9,14,16.7,14.5
1994-07-01,15.6,15.7,14.1,18.1,16.4,20.1,16.8,14,11,10.3,17.7,13.1,14.2,24.7,21.2,14.9,15.5,14.6,15,14.6,16.5,15.3
1994-08-01,16.7,17.9,17.1,19.2,17.3,21.8,17.8,16,11.5,10.4,19.4,13.6,16.2,26.3,22.8,16.2,16.3,15.7,16.3,15.5,17.4,17.2
1994-09-01,18.7,18.4,18,23.2,17.7,22.7,18.9,17.7,12,16.5,20.6,14.3,17,27.5,23.9,17.6,17.4,16.1,17.4,16.8,18.5,17.6
1994-10-01,16.3,19.6,19.7,23,18.7,23,20.8,18.6,12.2,17.2,19.9,14.8,17.7,26.8,23.2,18.1,18.1,17.2,18,17.7,20.3,18.6
1994-11-01,18.9,19.9,20.4,23.1,18.6,23.3,20.8,20,12.7,18.9,19.6,15.8,18.4,26.5,23,19.4,19.7,17.1,18.9,19.6,20.3,18.9
1994-12-01,18.1,19.4,19.2,18.7,19.6,22.8,20,18.9,12.4,19,19.5,14.8,20,26.4,22.9,18.6,18.2,18.3,18.2,17.7,19.5,18.4
1995-01-01,18.4,18.8,19,19,18.7,22.2,19.7,17.9,12.1,19.4,18.4,15.6,19.9,25.3,21.9,18,19.3,17.2,17.5,19.1,19.2,17.9
1995-02-01,18.7,19.1,19.2,21.7,18.9,22.6,20,18.7,12,19.7,18.9,15.2,20.3,25.8,22.3,17.6,18.7,17.5,18.1,18.4,19.5,18.2
1995-03-01,17.4,18.3,18.2,21.2,18,22.1,17.7,18.5,12.1,18.7,18.2,15.3,19.9,25.1,21.7,17.8,18.9,16.4,17.9,18.6,17.3,17.5
1995-04-01,18.6,19,18.7,20.1,19.5,22.5,18.9,18.1,12.4,17.2,19.4,15,17.2,26.3,22.8,18.8,18.4,18.1,17.7,18,18.5,18.1
1995-05-01,17,17.3,16.9,18.7,18.4,21.4,18,16.3,11.3,15.3,18.2,13.5,15.7,25.2,21.7,15.7,16.2,16.9,16.5,15.4,17.6,16.7
1995-06-01,15.4,15.2,14.4,16.3,17.3,19.8,16.2,13.4,10.7,14,16.5,12.7,12.7,23.5,20.1,14.2,15,15.7,14.6,14,15.9,14.9
1995-07-01,16.1,16,15.7,16.9,17.9,20.2,16.8,13.9,11.2,14.3,17,12.6,13.4,24,20.6,15.6,14.8,16.3,14.9,13.8,16.5,15.6
1995-08-01,18.1,18.6,18.3,19.6,19.3,22,19.7,17.3,11.3,15.3,19,14.1,16.9,25.9,22.4,15.7,17,17.9,17.1,16.4,19.2,17.8
1995-09-01,17.6,19.2,18.6,20.5,18.1,22.7,19.3,18.1,11.3,18.6,19.6,14.2,17.6,26.5,23,15.8,17.2,16.6,17.7,16.6,18.9,18.3
1995-10-01,19.6,20.8,20.2,23.4,20.2,23.6,21,19.6,11.9,19,20.5,14.8,19.7,27.4,23.8,17.3,18.2,18.9,18.7,17.7,20.5,19.6
1995-11-01,19.7,20.8,21.1,26,19.7,23.9,21.1,20.8,12.1,20.2,20.3,16,21.7,27.2,23.6,17.9,20,18.4,19.5,19.9,20.6,19.6
1995-12-01,17.9,18.6,19.5,22.9,17.9,22.3,19.1,19,12.1,18,18.1,14.7,21.3,25,21.6,17.8,17.9,16.3,18.3,17.4,18.7,17.8
1996-01-01,17,17.8,19.6,22.6,17.4,21.4,17.9,16.6,11.5,17,17.3,14.7,22,24.3,20.8,16.3,17.9,15.8,16.7,17.4,17.5,17.1
1996-02-01,17,18.8,19.9,22,18.2,22,19.3,17.2,11.6,16.8,18.3,15,22.4,25.2,21.8,16.6,18.5,16.7,17.1,18.1,18.9,17.9
1996-03-01,18.3,19.6,20,21.6,19.3,21.9,19.3,17.3,11.7,16.7,17.9,15,21.2,24.9,21.4,16.9,18.5,17.9,17.1,18.1,18.9,18.6
1996-04-01,17.5,19.2,19.2,22.2,18.5,22.2,18.7,17,11.6,14.7,19.4,14.3,19.7,26.3,22.8,16.5,17.4,17,16.9,16.8,18.3,18.3
1996-05-01,16.3,17,16.9,17.9,18.3,21.2,17.5,15.2,11.7,13.5,18.6,13.3,15.3,25.5,22,16.7,15.9,16.8,15.8,15.1,17.1,16.4
1996-06-01,15,14.7,15.3,15.1,17.1,20,15.8,13.6,11.3,13.2,17.1,12.2,12.6,24.1,20.7,15.8,14.1,15.4,14.7,12.9,15.5,14.5
1996-07-01,14.8,15.5,15.3,16.5,16.4,19.8,15.7,13.5,11.1,12.9,16.4,12,13.3,23.4,20,15.2,13.8,14.7,14.6,12.6,15.4,15.1
1996-08-01,16.7,16.8,16.3,17.1,17.4,20.6,18.1,14.6,11.2,13,17.7,13.1,12.9,24.7,21.2,15.4,15.6,15.8,15.4,14.7,17.7,16.2
1996-09-01,17.7,18.1,17.1,18.6,17.6,21.2,18.8,15.4,11.7,13.1,18.4,13.4,17.4,25.3,21.9,16.9,16,16,15.9,15.2,18.4,17.3
1996-10-01,19.1,20.5,17.7,23.2,19.4,22.8,20.6,17.8,12.2,16.2,19.8,12.5,20.8,26.7,23.1,18.1,14.7,18,17.5,13.7,20.1,19.4
1996-11-01,18,19,18.9,23.4,18.5,22.1,19.3,17.4,12.2,18.7,18.5,14.9,21.1,25.4,21.9,18.1,18.3,17,17.2,17.9,18.9,18.1
1996-12-01,17.6,18.3,18.4,23.4,17.6,22.1,18.6,17.4,11.7,19,18.2,15.7,22,25.1,21.7,16.7,19.5,16,17.2,19.3,18.2,17.5
1997-01-01,16.1,17.3,16.8,19.4,17.2,20.9,17.6,15.8,11.2,16.8,16.5,14,20.2,23.5,20.1,15.5,16.9,15.5,16.2,16.2,17.2,16.7
1997-02-01,15.4,17.1,17.5,19,16.5,20.9,17.6,15.7,11.2,18.3,16.8,13.9,19.7,23.8,20.4,15.4,16.7,14.8,16.1,16,17.2,16.5
1997-03-01,15.5,16.7,16.8,18.9,16.4,20.5,17.3,15.8,11.7,16.5,16,13.6,19.1,23,19.6,16.7,16.3,14.6,16.2,15.5,16.9,16.1
1997-04-01,16.7,17.2,16.5,20.1,17.7,21,16.9,15.2,12.1,15.9,17.9,13.2,18.2,24.9,21.4,17.8,15.7,16.1,15.8,14.8,16.6,16.6
1997-05-01,15.5,16.6,15.5,18.5,17.8,20.5,17,14.4,12.2,12.8,17.4,12.8,16.6,24.4,20.9,18.1,15.1,16.2,15.2,14.1,16.7,16.1
1997-06-01,15,15.1,14.2,15.4,17.2,19.9,16.4,13.1,12,11,17.3,12.3,13.1,24.3,20.8,17.6,14.3,15.6,14.3,13.2,16.1,14.8
1997-07-01,16,16.8,15.2,17.8,18.2,20.9,16.8,14.5,11.7,11.9,18.6,13.1,14.9,25.5,22,16.7,15.6,16.7,15.3,14.7,16.5,16.2
1997-08-01,17,16.1,15.4,17.7,16.4,20.8,16.1,14.6,11.5,13.9,18.2,12.7,14.5,25.1,21.7,16.2,15,14.7,15.4,14,15.8,15.6
1997-09-01,17.7,18,17.6,21.2,17.6,22.2,18.3,17,11.9,17.6,19.5,13.5,17.7,26.4,22.9,17.3,16.1,16,17,15.3,17.9,17.3
1997-10-01,19.7,20.3,19.4,22.1,20.2,23.4,20.4,18.7,12.6,18.5,21,14.7,19.3,27.9,24.2,19.2,18,18.9,18.1,17.5,19.9,19.2
1997-11-01,19.4,20.9,20.6,26.1,20.3,23.9,21.1,19.7,12.7,20.3,21.3,15.6,21.6,28.2,24.5,19.4,19.4,19,18.7,19.2,20.6,19.7
1997-12-01,21.7,22.2,22.6,29,21,24.8,22.2,21.2,13.3,22.6,22.1,17.1,23.3,28.9,25.3,21.1,21.6,19.9,19.7,21.8,21.6,20.8
1998-01-01,20.2,21.6,20.9,22.5,20.4,24.4,20.7,20.3,12.9,20.2,21.8,15.7,24,28.6,25,20.1,19.5,19.2,19.1,19.3,20.2,20.3
1998-02-01,21.6,21.2,21.3,25.8,20.3,24.2,21,20.4,12.6,22.2,21,15.7,23.8,27.9,24.2,19.2,19.6,19.1,19.2,19.4,20.5,20
1998-03-01,21.8,21.6,21.8,25.5,20.9,24.5,21.6,20.6,13,21.4,21.9,16.9,23.2,28.7,25.1,20.3,21.3,19.7,19.3,21.4,21.1,20.3
1998-04-01,19.8,20.7,19.7,20.6,20.4,23.9,20.1,19.1,13.1,18.1,22.1,14.8,19.4,28.9,25.3,20.5,18.2,19.2,18.4,17.8,19.6,19.5
1998-05-01,18.6,19,17.6,17.9,19.6,22,19,16.8,11.9,17.2,18.9,13,16,25.8,22.3,17.5,15.4,18.3,16.8,14.5,18.6,18.1
1998-06-01,15.8,16.4,15.1,16.2,17.5,20.9,17.1,14.9,10.9,14.6,18.3,11.9,14.1,25.2,21.8,14.6,13.7,15.9,15.6,12.5,16.8,15.9
1998-07-01,16.1,16.9,17,17.4,18.5,21,17.3,15.2,12.7,16.8,17.8,12.2,14.6,24.8,21.3,19.5,14.2,17,15.8,13.1,16.9,16.3
1998-08-01,17.9,18.3,17.6,18.9,19,21.7,19,16.6,12,18,18.4,12.7,15.6,25.3,21.9,17.5,14.9,17.6,16.7,13.9,18.6,17.5
1998-09-01,18.6,20,18.7,20,19.9,22.6,20,18,11.8,19.4,19.4,13.2,17.4,26.3,22.8,17.1,15.7,18.6,17.6,14.8,19.5,18.9
1998-10-01,19.3,20.8,19.7,22.3,19.5,22.8,21,18.5,12.2,20.1,19,14.1,19.2,25.9,22.4,18.1,17,18.2,17.9,16.4,20.5,19.6
1998-11-01,19.3,20.3,20.2,23.8,19.7,23.5,20.5,19.3,12.1,21,20.3,15.1,21.6,27.2,23.6,18,18.6,18.4,18.5,18.3,20,19.2
1998-12-01,20.6,22.3,21.2,26.4,20.6,23.7,21.5,19.9,12.7,21.6,19.5,16.2,23.5,26.4,22.9,19.5,20.2,19.4,18.9,20.1,21,20.9
1999-01-01,18.5,19.3,20,20,18.4,21.7,19.2,17.6,12.6,21,16.6,14.9,21.8,23.6,20.2,19.1,18.3,16.9,17.4,17.9,18.8,18.4
1999-02-01,15.9,18.7,17.6,19.7,17.4,21.3,16.7,16.5,11.3,18,16.8,13.1,19.4,23.8,20.4,15.8,15.6,15.8,16.6,14.7,16.4,17.8
1999-03-01,15.3,17.3,18.1,15.7,17.2,21.3,16,16.8,11.3,21,16.8,12.9,18.7,23.8,20.4,15.7,15.2,15.6,16.8,14.2,15.7,16.7
1999-04-01,15.8,18.2,17.5,16.8,17.2,21.4,17,16.2,12.1,16.9,18.2,13.7,17.5,25.1,21.7,17.8,16.5,15.6,16.4,15.8,16.7,17.4
1999-05-01,16.4,17.1,17.3,15.5,18.1,21,17.1,15.5,12.2,16.7,17.7,14,14.2,24.7,21.2,18.2,16.9,16.6,15.9,16.3,16.8,16.5
1999-06-01,15.2,15.6,15.4,14.2,17.8,20.6,15.7,14.4,11.7,14.6,18.2,12.2,11.7,25.1,21.7,16.8,14.2,16.2,15.2,13.1,15.4,15.2
1999-07-01,14.4,16,16.3,13.7,17.2,20.6,16.1,14.9,11.9,16.5,17.5,12.4,12.9,24.5,21,17.3,14.4,15.6,15.5,13.3,15.8,15.6
1999-08-01,15.8,17.4,16.7,16.8,18,21.4,17.9,15.6,11.8,15.1,18.8,13.6,14.3,25.7,22.2,17.2,16.3,16.5,16,15.5,17.5,16.7
1999-09-01,16.6,18,18.5,18.7,18,22.1,18.3,17.1,12.3,18.8,19.2,14.1,16.7,26.1,22.6,18.5,17,16.4,17,16.4,17.9,17.3
1999-10-01,17.7,18.9,19,22,18.2,22.5,18.7,17.7,12.4,18.8,19.3,14.7,19.4,26.2,22.7,18.7,18,16.7,17.4,17.5,18.3,18
1999-11-01,19.6,20.4,20.5,22.5,20.2,23,21.1,18.8,12.9,21,19.4,14.9,19.4,26.3,22.8,19.9,18.3,18.9,18.1,17.9,20.6,19.3
1999-12-01,21.2,21.3,21.6,24.6,20.2,23.7,21.3,19.8,12.8,22.5,20.9,15.8,16.4,27.8,24.1,19.7,19.6,18.9,18.8,19.4,20.8,20.1
2000-01-01,15.1,18.1,18.8,20.6,17.8,21.7,16.9,17,12.4,19.3,17.8,14.3,19.1,24.8,21.3,18.7,17.3,16.2,16.9,16.7,16.6,17.3
2000-02-01,16.9,18.5,18.9,20.1,18.1,21.7,17.5,16.8,12.6,18.3,17.9,14.7,18,24.9,21.4,19.3,18,16.6,16.8,17.5,17.1,17.7
2000-03-01,17.9,19.5,19.5,21.7,18.4,22.9,18.4,18.3,12.5,19.3,19.9,14.9,19.9,26.8,23.2,18.9,18.3,16.9,17.8,17.9,18,18.5
2000-04-01,18,20.3,18.8,20.1,19.2,22.8,19,17.6,12.7,16.2,20.5,14.7,16.8,27.4,23.8,19.6,18,17.8,17.4,17.5,18.6,19.2
2000-05-01,16.7,18.6,17.8,18.4,20,22.2,18.1,16.7,12.1,16.3,20.1,14.1,13.4,27,23.4,18,17.1,18.7,16.7,16.5,17.7,17.8
2000-06-01,14.5,15.2,15.9,16,17,20.8,15.5,14.7,11.5,16.3,18.7,12.7,9.4,25.6,22.1,16.3,14.9,15.3,15.4,13.9,15.2,14.9
2000-07-01,13.9,14.6,15.5,15.7,16.7,20.2,15.6,13.9,11.7,15.9,17.4,12.2,10,24.4,20.9,16.8,14.2,15,14.9,13.1,15.3,14.4
2000-08-01,16,17.3,17.2,17.7,18.1,21.6,17.5,16.4,10.9,19.2,18.7,12.7,12.4,25.6,22.1,14.7,14.9,16.6,16.6,13.9,17.1,16.7
2000-09-01,18.1,19.6,18.7,18.7,19.2,22.5,19.4,17.4,12.2,17,20.2,14,13.8,27.1,23.5,18.1,16.9,17.8,17.2,16.2,19,18.6
2000-10-01,17.7,20.1,19.7,20.7,18.1,22.9,18.8,18.4,11.6,20.1,19.9,15.3,17,26.8,23.2,16.5,18.9,16.6,17.9,18.6,18.4,19
2000-11-01,20.1,21.9,20.8,20,21.6,23.8,21.3,19.7,11.4,22.1,21.2,15.4,13.8,28.1,24.4,16,19.1,20.5,18.7,18.8,20.8,20.6
2000-12-01,18.3,19.6,19.3,20.6,19.4,22,19,17.4,12.5,19.2,18.2,15.4,18.6,25.1,21.7,19,19.1,18,17.2,18.8,18.6,18.6
2001-01-01,14.4,16.5,16.6,18.3,15.8,20.3,15.3,14.7,11.8,16,16.1,13.3,16.5,23.1,19.7,17.1,15.9,14,15.4,15.1,15,16
2001-02-01,15.1,17.2,16.8,19.2,16.9,20.6,16.4,15.3,11.5,16.9,16.5,14.5,17.9,23.5,20.1,16.3,17.6,15.2,15.8,17.1,16.1,16.6
2001-03-01,15.6,17.8,16.8,20.3,17.7,21.7,16.9,16.4,11.1,16.4,18.5,13.8,18.9,25.4,21.9,15.2,16.6,16.1,16.6,15.9,16.6,17.1
2001-04-01,16.7,18.8,18.2,19.6,18.8,21.9,18.1,16.8,12,17.5,18.7,14.5,16.8,25.6,22.1,17.7,17.6,17.4,16.8,17.1,17.7,17.9
2001-05-01,15.7,16.8,17.1,16.5,18.7,20.8,16.8,14.8,12.6,15.5,18.1,13.3,11.5,25,21.6,19.3,15.8,17.2,15.5,15,16.5,16.2
2001-06-01,14.9,16,16.7,16,17.1,20.2,16.3,14,13.1,15.2,17.3,12.9,11.4,24.3,20.8,20.6,15.2,15.4,14.9,14.2,16,15.6
2001-07-01,14.9,15.1,16.5,16.3,17.4,20.3,16,14,13,15.2,17.7,13.2,11.9,24.7,21.2,20.2,15.7,15.8,14.9,14.8,15.7,14.8
2001-08-01,15.7,17.2,16.2,17.5,17.7,20.6,17.1,12.6,12.7,14.2,18.6,13.3,14.2,25.5,22,19.5,15.9,16.1,14,15.1,16.8,16.6
2001-09-01,17.8,19.6,18.4,19.9,19.4,22.2,19.3,15.2,12.8,17,20.3,14.5,17,27.2,23.6,19.8,17.7,18,15.8,17.2,18.9,18.6
2001-10-01,19,20.1,20.8,22.1,20.2,23.5,20.2,19.1,13.1,20.6,20.6,16.2,19.7,27.5,23.9,20.6,20.3,18.9,18.3,20.3,19.7,19
2001-11-01,20.9,22.1,22.4,24.3,21.8,24.7,22.6,21.1,13.2,22.5,21.8,17.1,22.7,28.6,25,20.8,21.6,20.7,19.6,21.8,22,20.7
2001-12-01,18.8,20.1,19.2,22.3,19.8,22.9,19.7,18.6,11.4,19.3,19.4,15.8,21.2,26.3,22.8,16,19.6,18.5,18,19.4,19.2,19
2002-01-01,18.9,20.8,20.4,21.9,20.1,22.8,20.3,18.6,12.8,19.9,19.1,15.8,20.4,26,22.5,19.7,19.7,18.8,18,19.6,19.8,19.6
2002-02-01,16.8,18.9,18.6,20.7,18.6,21.6,17.7,16.8,12.6,18.7,17.6,14.7,19.7,24.6,21.1,19.3,18,17.1,16.8,17.5,17.3,18
2002-03-01,16.1,18.5,18.8,21.8,19.3,22.8,17.7,17.9,11.8,18.5,20.1,14.7,20.3,27,23.4,17.2,18,17.9,17.5,17.5,17.3,17.7
2002-04-01,16.2,18.6,18.4,21.9,18.6,22.7,18.1,17.8,11.7,18.3,19.9,14.4,20.9,26.8,23.2,16.9,17.5,17.1,17.5,17,17.7,17.8
2002-05-01,16.1,18,17.6,19.2,19.4,21.9,18,16.4,11.6,16.3,19.2,13.5,16.2,26.1,22.6,16.6,16.1,18,16.6,15.3,17.6,17.3
2002-06-01,15.4,16.8,16.6,17.5,18.7,21.2,16.7,15.3,11.2,15.1,18.7,13.2,13.3,25.6,22.1,15.6,15.7,17.2,15.8,14.8,16.4,16.2
2002-07-01,13,14,13.4,15.1,16.4,18.7,13.5,11.9,10.1,12.1,14.8,12.4,12,21.8,18.5,12.7,14.5,14.6,13.6,13.4,13.3,13.9
2002-08-01,15.8,17.3,16.7,19.2,18.5,21.3,17.1,15.7,11.3,15.8,18.2,13.3,17.1,25.1,21.7,15.8,15.8,17,16.1,15,16.8,16.7
2002-09-01,17.9,19.4,18.5,18.3,19.5,22.1,19.4,16.8,12.1,16.6,19.4,13.8,13.6,26.3,22.8,17.8,16.6,18.1,16.8,15.9,19,18.4
2002-10-01,18.5,20.6,19.8,21,19.1,22.9,19.8,18.4,12.4,19.1,19.8,15.2,18.3,26.7,23.1,18.8,18.7,17.7,17.9,18.4,19.3,19.5
2002-11-01,19.5,21.6,21.4,22.8,20.5,23.9,21.2,19.9,13,20.8,20.9,15.9,20.8,27.8,24.1,20.4,19.8,19.3,18.8,19.7,20.7,20.3
2002-12-01,20,21.3,21.3,23.6,20.7,24,20.4,20,13,21,21,15.8,22.5,27.9,24.2,20.3,19.7,19.5,18.9,19.6,19.9,20.1
2003-01-01,19.9,20.2,20,22.8,19.4,23.2,19,18.8,12.7,20.2,19.9,15.9,21.9,26.8,23.2,19.4,19.8,18,18.1,19.7,18.6,19.1
2003-02-01,18.3,20.2,19.5,22.7,19.3,23.2,19.8,18.7,12.6,19.6,20.1,15.4,21.9,27,23.4,19.3,19,17.9,18.1,18.7,19.3,19.1
2003-03-01,17.9,19.2,18.5,21.2,19.1,22.1,18.5,17.3,12.2,18.5,18.5,15,20,25.4,21.9,18.1,18.5,17.7,17.1,18.1,18.1,18.3
2003-04-01,17.7,19.9,18,21.1,20.3,22.8,18.8,17.9,12.2,17.9,20.2,14.5,19,27.1,23.5,18.2,17.6,19,17.5,17.1,18.4,18.9
2003-05-01,17,17.3,16.3,18.5,19.9,21.6,17.8,15.8,11.8,15.5,19.3,13.7,14.8,26.2,22.7,17.1,16.5,18.6,16.1,15.8,17.4,16.7
2003-06-01,15.9,16.2,15.6,17.9,19.4,21.6,16.9,15.3,11.6,14.6,20,13.4,13.1,26.9,23.3,16.5,16,18,15.8,15.2,16.6,15.7
2003-07-01,15.2,16.5,15.6,16.5,18,20.4,16.7,14.3,12.1,14.1,17.2,12.7,12.3,24.2,20.7,17.8,15,16.4,15.2,14,16.4,16
2003-08-01,15.8,16.7,16.6,17,18.7,21.3,16.7,15.3,12,14.9,19,13.1,11.8,25.9,22.4,17.7,15.6,17.3,15.8,14.7,16.4,16.1
2003-09-01,17.4,18.5,17.9,18.3,18.7,21.9,18.5,16.4,12.1,16.4,19.3,13.7,13.9,26.2,22.7,18,16.4,17.3,16.6,15.7,18.1,17.7
2003-10-01,19.9,21.3,20.2,21.9,21,23.7,20.8,19.4,12.2,19.3,21,15,19.2,27.9,24.2,18.2,18.5,19.8,18.5,18.1,20.3,20.1
2003-11-01,20.4,22.1,22.1,22.6,22,23.9,22.3,20.1,13.5,21.6,20.4,16.2,20.3,27.3,23.7,21.6,20.2,21,19,20.1,21.7,20.7
2003-12-01,20.6,21.8,20.8,22.1,21,22.6,21.6,18.8,13.6,21.2,17.9,16.5,21.2,24.9,21.4,21.9,20.7,19.8,18.1,20.7,21.1,20.5
2004-01-01,16,18.9,18.4,20.2,18,21.1,17,16.4,12.3,18.4,16.4,15.2,19.3,23.4,20,18.3,18.8,16.5,16.5,18.5,16.7,18
2004-02-01,16.8,19.9,20.2,21.6,19,22.2,18.1,17.9,12,19.6,17.7,15,21,24.7,21.2,17.6,18.4,17.6,17.5,18,17.7,18.9
2004-03-01,18.6,21,19.3,22.5,19.9,22.4,20.2,18,12.7,19,18.2,14.7,23.2,25.1,21.7,19.5,18,18.6,17.6,17.5,19.7,19.8
2004-04-01,18,20.5,18.8,21.8,19.7,22.9,19.8,18.1,12.3,17.5,20.2,14.4,20.7,27.1,23.5,18.3,17.5,18.4,17.6,16.9,19.3,19.4
2004-05-01,16.6,17,15.5,17.6,18.1,20.8,18,15.2,11.3,17.1,17.4,12.6,13.8,24.4,20.9,15.9,14.8,16.6,15.8,13.8,17.6,16.4
2004-06-01,14.5,15.6,14.4,16.3,16.7,21,15.9,14.7,10.6,15.7,19,12.3,10.4,25.9,22.4,13.9,14.3,15,15.4,13.2,15.6,15.2
2004-07-01,13.6,14.9,13.4,15.6,15.2,20.3,14.4,13.6,10.2,13.9,18.2,12.2,10.1,25.1,21.7,12.7,14.2,13.3,14.7,13.1,14.2,14.6
2004-08-01,14.6,17,14.7,16.4,16.1,20.4,16,14.1,10.4,13.1,17.5,11.6,12.5,24.5,21,13.4,13.3,14.3,15,12,15.7,16.4
2004-09-01,17.7,19.6,17.8,20.8,17.6,22.5,18.8,17.4,11.5,17.2,19.9,12.7,19,26.8,23.2,16.3,14.9,16,17.2,13.9,18.4,18.6
2004-10-01,19.6,21.1,19,22.3,20.1,23.9,21.1,19.1,12.5,19,21.9,13.8,20,28.7,25.1,19,16.6,18.8,18.4,15.9,20.6,19.9
2004-11-01,20.9,22.1,20.3,22.9,21,24.2,21.8,20,13.1,20.2,21.7,15,21,28.5,24.9,20.6,18.5,19.8,19,18.1,21.3,20.7
2004-12-01,21.2,22.4,20.8,22.6,21,23.7,21.4,19.5,13.3,19,20.6,15.9,21.1,27.5,23.9,21.1,19.8,19.8,18.6,19.7,20.9,21
2005-01-01,17.7,19.2,19.4,20.7,19,21.2,18.6,16.9,11.9,19,15.9,13.9,20.6,22.9,19.6,17.4,16.8,17.6,16.9,16.1,18.2,18.3
2005-02-01,17.1,18.2,17.6,19.6,17.5,21,17.4,15.7,11.3,15,17.3,12.8,18.8,24.3,20.8,15.7,15.1,15.9,16.1,14.1,17,17.4
2005-03-01,18.5,20.9,18.3,21.3,20.1,23.1,19.9,18.6,12.4,20.4,20,14.4,18.9,26.9,23.3,18.6,17.5,18.8,18,16.9,19.4,19.7
2005-04-01,19.6,19.4,17.9,20.6,19.8,22.7,19.8,17.4,12.4,16.8,20.5,14.3,18.2,27.4,23.8,18.8,17.4,18.5,17.2,16.8,19.3,18.4
2005-05-01,17.5,17.8,15.8,19.3,19.7,21.7,18.5,15.6,11.8,13.8,19.9,13.1,17,26.8,23.2,17,15.5,18.4,16,14.6,18.1,17.1
2005-06-01,14,16.1,15.4,18.2,18.5,21.1,16.3,14.6,10.9,12.8,19.4,12.4,15.3,26.3,22.8,14.6,14.5,17,15.4,13.4,16,15.6
2005-07-01,16.6,17.1,15.5,17.4,18.4,21.3,17.3,14.9,11.2,12.5,19.5,12.2,13.3,26.4,22.9,15.5,14.1,16.9,15.5,13,16.9,16.5
2005-08-01,17.6,18.3,15.9,18.2,18.9,21.4,18.6,15.4,11.7,13.4,19.1,12.9,15.1,26,22.5,16.7,15.2,17.5,15.9,14.2,18.2,17.5
2005-09-01,17.3,17.6,15.1,19.8,17,21.3,17.2,15.5,11.1,14.8,18.2,12.3,19.3,25.1,21.7,15.3,14.3,15.3,15.9,13.2,16.8,16.9
2005-10-01,18.7,19.7,18.5,20.3,18.6,21.3,19.8,17,12,17.4,19.3,13.2,18.4,26.2,22.7,17.6,15.8,17.1,17,14.9,19.3,18.7
2005-11-01,19.5,20.1,18.6,22.3,19.6,23.4,20,17.8,12.4,16,20.2,14.2,22.1,27.1,23.5,18.7,17.3,18.3,17.5,16.7,19.5,19
2005-12-01,19.4,21.3,19.8,21.5,19.6,22,19.8,17.2,12.5,17.3,18.3,14.6,21.9,25.2,21.8,18.8,17.8,18.3,17.1,17.3,19.3,20.1
2006-01-01,16.5,17.9,17.2,20.4,15.7,19.8,16,14.6,11.6,16.4,15.8,13.8,22.7,22.8,19.5,16.6,16.6,13.9,15.3,15.9,15.7,17.2
2006-02-01,17.6,19.4,17.4,20.4,18.8,21.3,18.2,15.6,10.9,14.8,17.8,13.2,20.8,24.8,21.3,14.7,15.8,17.4,16,14.9,17.8,18.4
2006-03-01,17.6,20.1,18.3,21.1,19.4,22.7,18.6,17.7,12.2,17.5,20.4,14.1,18.8,27.3,23.7,18.2,17,18,17.4,16.4,18.2,19
2006-04-01,17.6,19.6,17.1,20.2,19.2,22.6,18.9,16.8,11.8,14.6,20.4,14,17.7,27.3,23.7,17,16.9,17.8,16.8,16.2,18.5,18.6
2006-05-01,16,17.5,15.3,19.4,18.9,21.1,17.6,14.8,10.9,12,19.5,12.6,18,26.4,22.9,14.7,14.8,17.5,15.5,13.8,17.2,16.8
2006-06-01,15.6,15.9,15.1,18.6,18.3,20.7,16.3,14.4,11.9,11.8,18.9,12.1,16.8,25.8,22.3,17.3,14.1,16.8,15.2,12.9,16,15.5
2006-07-01,15.4,16.6,15,17.8,18,20.7,16.7,14,11.3,12.8,16.5,12.5,16.2,23.5,20.1,15.7,14.6,16.5,15,13.5,16.4,16.1
2006-08-01,16.6,18.2,15.7,18.7,18.3,21.3,17.9,14.8,11.9,12.8,18.1,12.6,17,25,21.6,17.3,14.8,16.8,15.5,13.8,17.5,17.4
2006-09-01,18,18.8,17.1,19.2,18.4,22.6,19,16.3,11.7,13.4,19.5,12.7,16.2,26.4,22.9,16.7,14.9,16.9,16.5,13.9,18.6,17.9
2006-10-01,19.7,20.8,19,20.8,20.2,24.5,21,18.7,10.9,17.5,20.4,14.1,16.9,27.3,23.7,14.6,17.1,18.9,18.1,16.5,20.5,19.6
2006-11-01,19.4,21.3,19.9,23.7,19.3,24.7,20.6,19.4,11.8,19.8,20,15,23.6,26.9,23.3,17.2,18.4,17.9,18.6,18,20.1,20.1
2006-12-01,20.2,21.8,20.3,24.3,20.6,22.9,21.1,18.9,12.3,21.7,19.3,15.4,26,26.2,22.7,18.3,19.1,19.4,18.2,18.8,20.6,20.5
2007-01-01,19.1,20.3,18.9,21.7,19.8,22.3,19.5,16.7,11.7,18.2,16.5,14.2,23.1,23.5,20.1,16.9,17.2,18.5,16.8,16.6,19.1,19.2
2007-02-01,19,20.3,17.5,21.9,18.9,22.4,19.7,16.6,11.6,16.4,18.4,14.2,22.8,25.3,21.9,16.5,17.2,17.5,16.7,16.6,19.2,19.2
2007-03-01,18.1,18.6,16.4,21.1,18.1,21.3,17.4,15.4,11.4,17.4,16.3,13.4,22.7,23.3,19.9,16,15.9,16.6,15.9,15.1,17,17.8
2007-04-01,18.3,19.8,17.5,22.4,18.6,23.3,19.4,19,11.4,19.1,19.5,14,21.6,26.4,22.9,15.9,16.9,17.1,18.3,16.3,19,18.8
2007-05-01,16.5,17.5,15.6,20.6,18.7,20.7,18.1,15.4,11.1,17,18.2,12.4,21.1,25.1,21.7,15.2,14.4,17.2,15.9,13.3,17.7,16.8
2007-06-01,17,17.5,15.5,19.5,19.4,21.9,17.6,15.7,11.1,16.3,18.9,12.5,16.9,25.8,22.3,15.3,14.6,18,16.1,13.5,17.2,16.8
2007-07-01,15.8,15.4,13.9,18.6,16.8,19.4,16,12.7,10.6,14.6,18.6,13.1,17.7,25.5,22,14,15.6,15.1,14.1,14.7,15.7,15
2007-08-01,17.5,19.1,16.4,21,19.3,21.7,19.1,16.2,10.8,15.4,19.6,13.7,20.1,26.5,23,14.4,16.5,17.9,16.4,15.8,18.7,18.2
2007-09-01,17.6,19.3,16.6,22.2,17.3,21.5,18.5,16.4,10.8,17,19.8,14.1,23,26.7,23.1,14.4,17,15.7,16.6,16.4,18.1,18.4
2007-10-01,19.9,21.6,18.9,23.7,20.1,24.3,20.7,20.1,11.1,18.3,21.4,16,22.4,28.2,24.6,15.3,20,18.8,19,19.9,20.2,20.3
2007-11-01,20.6,20.6,17.9,23.7,20.4,22.6,20.4,20,11.6,18.8,20.8,15.7,24,27.7,24.1,16.5,19.5,19.2,18.9,19.3,19.9,19.5
2007-12-01,19.6,20.3,18.6,23,19.5,22.1,19.2,19.8,11.6,21.4,19,16.3,23.9,25.9,22.4,16.6,20.4,18.2,18.8,20.4,18.8,19.2
2008-01-01,16.6,18,16.4,22.7,17.3,20.9,16.5,15.9,11,19.3,16.4,14.7,25.7,23.4,20,15,18,15.7,16.2,17.5,16.2,17.3
2008-02-01,16.6,20.1,20.8,21.4,18.9,22.8,18.7,19.6,10.9,19.1,18.3,15.5,19.7,25.2,21.8,14.7,19.1,17.5,18.7,18.9,18.3,19
2008-03-01,17,19.9,17.5,20.2,18.7,21.7,18.6,17.6,11.5,19.2,18.4,15.4,18,25.3,21.9,16.2,19.1,17.2,17.3,18.8,18.2,18.9
2008-04-01,18.1,19.5,16.6,20.7,19.5,23.1,19.4,17.6,11.6,17.2,19.8,15,17.7,26.7,23.1,16.5,18.4,18.2,17.3,18,19,18.5
2008-05-01,17.7,17.1,14.1,19.2,18.9,21.7,17.5,16.7,11.3,13.5,19.1,12.9,15.9,26,22.5,15.8,15.2,17.5,16.8,14.3,17.1,16.5
2008-06-01,16.1,16.7,14.2,17.4,18.6,21,16.9,16.2,11,13.9,19.2,12.7,12,26.1,22.6,14.9,15,17.1,16.4,14,16.6,16.1
2008-07-01,16.4,17,14.5,18.8,19.1,21.8,17.1,16.3,10.6,14.4,19.5,12.7,14.5,26.4,22.9,13.8,14.9,17.7,16.5,13.8,16.8,16.4
2008-08-01,17.8,17.7,14.5,19.1,19.8,22.3,18.3,18.2,11,14.6,19.7,13.8,14.1,26.6,23,15,16.6,18.5,17.7,15.9,17.9,17
2008-09-01,17.2,20.2,17.2,20,20.1,23.9,20.2,20.5,11.2,16.9,19.4,14.1,14.7,26.3,22.8,15.6,17,18.8,19.3,16.4,19.7,19.1
2008-10-01,17.5,20.8,18.5,20.6,19.8,23.8,20.3,22.5,10.7,18.7,19.6,14,15.3,26.5,23,14.2,16.9,18.5,20.6,16.3,19.8,19.6
2008-11-01,20.8,22.4,19.9,23.1,20.7,21.1,22.4,23.9,12.4,22.5,20,14.2,22.2,26.9,23.3,18.7,17.3,19.5,21.5,16.7,21.8,21
2008-12-01,19.7,20.1,18.9,20.1,19.2,24.9,19.4,19.6,11.2,20.4,19.6,14.5,14.5,26.5,23,15.5,17.7,17.8,18.7,17.2,19,19
2009-01-01,17.8,19.8,18.4,20.1,18.8,20.8,19.1,21.2,11.7,19.7,16.8,14.3,18.3,23.8,20.4,16.7,17.4,17.4,19.7,16.8,18.7,18.8
2009-02-01,20.5,19.5,17.6,21.4,18.4,20.7,18.6,22.2,11,17.7,18,14.3,20.6,24.9,21.5,15,17.4,16.9,20.4,16.8,18.2,18.5
2009-03-01,17.6,18.8,16.4,20.5,18.7,20.3,18.5,19.3,11.3,17.5,16.6,14.4,20.7,23.6,20.2,15.7,17.5,17.2,18.5,17,18.1,17.9
2009-04-01,17.4,19,16.1,20.3,19,21.4,18.2,16.5,11.3,17.4,18.3,14.2,19.3,25.2,21.8,15.7,17.2,17.6,16.6,16.6,17.8,18.1
2009-05-01,17.1,18,15.8,17.5,18.8,22.6,17.7,17,11.6,15,18.9,13.5,11.1,25.8,22.3,16.5,16.1,17.4,16.9,15.3,17.3,17.3
2009-06-01,16.3,16.1,16,16.5,18,20.8,16.6,13.4,11.3,15.1,18.9,13.8,11.2,25.8,22.3,15.8,16.6,16.5,14.6,15.9,16.3,15.6
2009-07-01,19,16.5,15.7,15.5,17.2,19.4,16.8,13.9,10,14.4,17.1,12.9,10.5,24.1,20.7,12.4,15.2,15.6,14.9,14.2,16.5,16
2009-08-01,19.3,17.7,17.4,17,18.8,21.4,18,16,10.8,15.8,18.5,14,11.5,25.4,21.9,14.3,16.9,17.4,16.3,16.3,17.6,17
2009-09-01,19.8,20.5,19.7,18.8,20.2,23.7,20.6,17.6,13.1,17.6,20.9,13.9,11.9,27.8,24.1,20.5,16.7,18.9,17.3,16,20.1,19.4
2009-10-01,21.3,22.1,21.2,22.8,21.5,24.7,22.4,18.6,12.8,18.2,21.5,15.4,20.4,28.3,24.7,19.7,19,20.4,18,18.8,21.8,20.7
2009-11-01,21.1,21.8,22.6,20.3,21.4,25.3,22.5,21.1,12.4,21.1,21.5,16,13.1,28.3,24.7,18.7,19.9,20.3,19.7,19.8,21.9,20.5
2009-12-01,19.7,20.4,21.1,18.7,20.1,23.2,21,19,12,19.6,19.9,15.9,12.3,26.8,23.2,17.6,19.8,18.8,18.3,19.7,20.5,19.3
2010-01-01,18.6,20.1,21,17.3,19.1,22.2,20,17.6,11.2,18.4,17.7,16.7,11.4,24.7,21.2,15.4,21,17.7,17.4,21.1,19.5,19
2010-02-01,18.6,20.5,19.5,21.3,19.6,23.3,20.1,18.5,11.2,20.1,18.7,14.4,19.6,25.6,22.1,15.4,17.5,18.3,17.9,16.9,19.6,19.4
2010-03-01,18.7,21,21.6,20.2,20.2,23.8,20.3,19.8,10.8,17.8,16.8,14.3,17.5,23.8,20.4,14.4,17.3,18.9,18.8,16.7,19.8,19.8
2010-04-01,18.7,20.8,19.9,20.5,20.7,24.1,19.8,18.8,10.9,17.7,20.4,14.1,15.7,27.3,23.7,14.8,17,19.5,18.1,16.4,19.3,19.6
2010-05-01,17,17.7,16.5,18.3,18.5,21.5,17.8,14.8,11.3,15.6,18.9,13.4,14.7,25.8,22.3,15.7,16,17,15.5,15.2,17.4,17
2010-06-01,19.1,18.3,17.3,18.7,18.8,22.5,17.2,15,11.9,15.9,19.4,13.8,14.4,26.3,22.8,17.3,16.7,17.4,15.6,16,16.8,17.5
2010-07-01,17.5,17.6,15.2,17.6,18.3,21.7,17.3,15,12.1,15.2,19.5,13.6,12.2,26.4,22.9,17.8,16.3,16.8,15.6,15.5,16.9,16.9
2010-08-01,19,19.5,17.9,19.2,19.8,23.2,19.4,17.8,12.9,17,20.7,14.7,13.6,27.6,24,20.1,18,18.5,17.5,17.5,19,18.5
2010-09-01,20,19.9,20.8,20.4,19.8,23.1,20.2,18.7,12.3,17.6,20.7,14.8,16.6,27.6,24,18.3,18.2,18.5,18.1,17.8,19.7,18.9
2010-10-01,21.3,20.6,20.2,19.4,19.9,23.7,20.6,19,12.1,19.4,20,14.9,13.7,26.9,23.3,17.9,18.3,18.6,18.2,17.9,20.1,19.5
2010-11-01,21.9,22.4,21.8,19.9,21.5,23.8,22.4,19.8,13.1,21.2,20,16,14.2,26.9,23.3,20.5,19.9,20.4,18.8,19.8,21.8,21
2010-12-01,22.2,21.9,22.4,20.2,20.5,23.1,21.9,20,12.7,23,20.2,16,14.5,27.1,23.5,19.6,20,19.3,19,19.9,21.3,20.6
2011-01-01,22.1,21.5,21,19.3,19.6,23,20.5,18.4,12.8,18.1,19.2,16.5,14.7,26.1,22.6,19.7,20.7,18.3,17.9,20.7,20,20.2
2011-02-01,17.5,17.7,17.5,15.6,16.2,20.3,18.2,14.6,13,16.5,14.8,14.7,11.1,21.8,18.5,20.2,18,14.4,15.4,17.5,17.8,17
2011-03-01,17.8,19.1,18.6,17.1,17.7,21.2,17.8,16.3,11.5,17.9,17.2,15.3,11.9,24.2,20.7,16.4,18.9,16.1,16.5,18.6,17.4,18.2
2011-04-01,18.4,20.1,19.3,20,19.6,23.4,19.5,18.7,12,19.1,20.5,15.2,14.9,27.4,23.8,17.6,18.7,18.3,18,18.4,19.1,19
2011-05-01,16.7,18.4,17.1,18.1,18.3,22.6,17.8,17.4,13,17.8,20.3,14.1,11.4,27.2,23.6,20.2,17.1,16.8,17.2,16.5,17.4,17.6
2011-06-01,16.7,17.6,15.3,16.5,17.7,20.9,17.2,12.9,9.9,16.3,19.5,13.2,10.9,26.4,22.9,11.9,15.8,16.1,14.2,14.9,16.8,16.9
2011-07-01,16.3,15.4,12.3,16.2,17.2,20.1,16.3,13.8,9.4,14.3,18.9,12.4,10.3,25.8,22.3,10.6,14.4,15.6,14.8,13.3,16,15.1
2011-08-01,18.3,18.7,17.6,18.8,18.9,22.3,18.8,16,10.1,15.3,20.8,13.6,13.5,27.7,24.1,12.6,16.3,17.5,16.3,15.6,18.4,17.8
2011-09-01,18.5,19.4,18.2,20.2,18.5,23.2,19.3,17.1,12.6,19.1,20.5,14.4,16.1,27.4,23.8,19.2,17.5,17,17,17,18.9,18.4
2011-10-01,20.7,21.2,19.8,20.4,19.9,22.2,20.6,18.7,13.5,16.3,19.6,15.6,17.3,26.5,23,21.6,19.4,18.6,18.1,19.2,20.1,20
2011-11-01,21.5,21.9,21.3,22.9,21.1,22.8,22.5,20.1,13.6,21.9,21,16.2,21.7,27.9,24.2,22,20.3,20,19,20.3,21.9,20.6
2011-12-01,19.5,19,19.9,21.7,18.7,20.7,19.4,19.7,13,16.1,19.9,15.2,20.9,26.8,23.2,20.3,18.7,17.2,18.7,18.4,19,18.1
2012-01-01,18.5,18.2,17.7,20,17.2,20.4,17.3,16.6,12.4,17.3,17.8,13.9,19.6,24.8,21.3,18.7,16.8,15.6,16.7,16.1,16.9,17.4
2012-02-01,17.5,17.6,17,18.8,16.6,19.8,17.7,16.3,12.1,16.4,18.1,13.5,16.8,25,21.6,17.9,16.1,14.9,16.5,15.3,17.3,16.9
2012-03-01,17.9,18.3,18.8,19.9,17.5,20.7,17.6,17,12.7,17.5,18.2,14.2,18.7,25.1,21.7,19.5,17.2,15.9,16.9,16.6,17.2,17.5
2012-04-01,17.5,18.6,18.9,19.8,17.7,21.9,17.7,16.5,12.8,17.6,19.3,14.4,17.1,26.2,22.7,19.7,17.5,16.1,16.6,16.9,17.3,17.8
2012-05-01,17.5,17.7,17,18.8,18.3,22.2,17.7,15.1,11.6,16.9,20.4,13.6,14.1,27.3,23.7,16.6,16.3,16.8,15.7,15.5,17.3,17
2012-06-01,16.8,16.6,16,16.8,17.5,21.1,16.5,13.5,12.6,14.2,19,13.6,11.5,25.9,22.4,19.2,16.3,15.9,14.6,15.5,16.2,16.1
2012-07-01,16.4,17.1,13.8,17.6,17.1,21.6,17.8,14.2,12.8,14.8,19.5,13.9,12.5,26.4,22.9,19.7,16.7,15.4,15.1,16,17.4,16.5
2012-08-01,17.9,18.9,17.3,19,18.2,22.8,18.2,15.9,12.7,15.1,20.5,14.7,14,27.4,23.8,19.4,18,16.7,16.2,17.5,17.8,18
2012-09-01,19.8,20.7,19.6,20.9,19.7,23.6,20.5,17.9,13.2,17.2,20.7,15.9,17.3,27.6,24,20.7,19.8,18.4,17.5,19.7,20,19.5
2012-10-01,21.1,22.2,21.6,22.4,20.9,23.8,21.5,20.1,13.2,20.7,21.9,16,19.1,28.7,25.1,20.7,19.9,19.7,19,19.8,21,20.8
2012-11-01,21.9,22.3,22.8,22.5,21.8,22.8,22.3,19.4,13,22.9,19.1,17.7,21.4,26,22.5,20.2,22.5,20.7,18.5,22.9,21.7,20.9
2012-12-01,19.9,19.8,20.9,22,18.7,20.9,19.1,17.6,12.5,20.9,19.7,16.8,21.5,26.6,23,18.9,21.2,17.2,17.3,21.3,18.7,18.8
2013-01-01,19.1,19,19.7,20.4,17.8,20.1,18.6,17,11.8,20.4,18.8,14.9,18.9,25.7,22.2,17.2,18.3,16.2,17,17.9,18.2,18.1
2013-02-01,19,18.3,19,19.9,17.8,19.7,18.2,16.1,11.9,19.7,17.5,15,19,24.5,21,17.3,18.4,16.2,16.4,18,17.8,17.5
2013-03-01,20.3,20.6,20.8,22,19.7,23.7,19.7,19,13,18.6,20.3,16.6,20.2,27.2,23.6,20.3,20.9,18.4,18.3,21,19.2,19.5
2013-04-01,21.3,20.1,19.6,21.2,20.1,24.2,19.5,18.9,12.8,17.5,20.8,15.9,17.9,27.7,24.1,19.8,19.7,18.8,18.2,19.6,19.1,19
2013-05-01,19.1,18,17.7,19.3,18.3,22.3,17.9,17,12.9,16.6,19.8,15.1,15.2,26.7,23.1,19.9,18.6,16.8,17,18.3,17.5,17.3
2013-06-01,18.9,14.9,14.1,16.5,16.2,19.6,15.6,14,10.9,15.4,17.8,14.5,11.9,24.8,21.3,14.6,17.7,14.4,15,17.2,15.3,14.6
2013-07-01,20.3,17.2,16.8,18.1,16.8,21.5,17.2,15.8,12.3,15.3,18.5,13.4,14.1,25.4,21.9,18.3,15.9,15.1,16.1,15.1,16.8,16.6
2013-08-01,17.9,17.3,17,18.5,17.5,21.8,18.7,16.5,12.4,15.6,20.2,14.9,13.8,27.1,23.5,18.6,18.2,15.9,16.6,17.8,18.3,16.7
2013-09-01,18.5,19.5,18.7,20.1,19.4,22,19.6,17.5,13,17.5,20.3,13.7,16.7,27.2,23.6,20.2,16.5,18,17.3,15.8,19.1,18.5
2013-10-01,20.6,20.8,19.8,21.8,19.7,22.8,21,18.8,13.2,17.7,22,15.2,19.2,28.8,25.2,20.7,18.7,18.4,18.2,18.4,20.5,19.6
2013-11-01,21.1,22.1,21.6,23.3,20.8,23.2,22.5,20,13.9,21.1,21.7,16.4,21.9,28.5,24.9,22.6,20.6,19.6,18.9,20.6,21.9,20.7
2013-12-01,19,19.2,20.3,21.6,18.7,21.1,19.8,17.3,13.1,21,18.7,14.9,21.2,25.6,22.1,20.6,18.3,17.2,17.1,17.9,19.3,18.3
2014-01-01,18.7,18,19.1,19.5,17.2,20,18.9,15.8,12.3,18.9,16.4,14.7,19,23.4,20,18.4,18,15.6,16.2,17.6,18.5,17.3
2014-02-01,20.5,19.3,20.8,19.3,18.6,20.8,19.5,16.7,11.8,19.1,16.5,14.5,17.8,23.5,20.1,17.2,17.7,17.1,16.8,17.2,19.1,18.4
2014-03-01,20,21.1,21,21.6,19.3,23.3,21,19,12.8,18.5,20.8,16,19,27.7,24.1,19.8,19.9,17.9,18.3,19.8,20.5,19.9
2014-04-01,19,20.2,19.9,20.8,19.4,24.7,20,19,12.9,17,20.4,15.4,17,27.3,23.7,20.1,19.1,18,18.3,18.8,19.5,19.1
2014-05-01,18.3,18,18,18.6,18.5,22.8,18.5,16.9,13,15.8,18.7,14.1,14.3,25.6,22.1,20.3,17.1,17,16.9,16.5,18.1,17.3
2014-06-01,18.3,18,16.6,18.5,19,22.6,18.7,16.7,12.7,16.1,19.6,14.2,13.4,26.5,23,19.4,17.3,17.6,16.8,16.7,18.3,17.3
2014-07-01,18.1,17.1,16.1,18.5,17.4,21.3,17.8,16,11.1,16.1,19.8,14.9,14.2,26.7,23.1,15.1,18.2,15.8,16.3,17.8,17.4,16.5
2014-08-01,18.3,17.6,16.1,18.3,17.8,21.8,18.5,16.2,12.3,17,19.1,14.8,13.5,26,22.5,18.5,18.1,16.2,16.4,17.7,18.1,16.9
2014-09-01,19,18.2,18.2,20.1,17.7,22.6,20.2,17.3,12.6,17.6,19.1,14,17.2,26,22.5,19.1,16.9,16.1,17.1,16.3,19.7,17.4
2014-10-01,20.5,20.2,20.3,20.3,19,22.8,22.2,18.9,13.8,19.8,20.9,14.9,15.5,27.8,24.1,22.5,18.3,17.6,18.2,17.9,21.6,19.1
2014-11-01,21.8,22,21.1,22.9,21.3,22.3,22.6,19.3,13.2,20.8,21.7,16,21.5,28.5,24.9,20.7,20,20.2,18.5,19.9,22,20.6
2014-12-01,21.7,21.2,22.2,23.3,20.5,22.8,23.1,19.5,12,22.2,19.6,15.1,23.3,26.5,23,17.5,18.6,19.3,18.6,18.2,22.5,20
2015-01-01,18.7,17.7,22.5,20.6,17.3,20.4,19.2,17.1,13,18.3,17.4,14.5,20.8,24.4,20.9,20.3,17.7,15.7,17,17.2,18.8,17
2015-02-01,19.4,19.1,20.2,21.6,18.5,23,19.3,17.8,12,17.5,18.2,14.6,21.4,25.1,21.7,17.5,17.9,17,17.5,17.4,18.9,18.2
2015-03-01,20,19.7,20.3,21.6,18.6,22.8,19.2,17.9,12.5,17.9,18.7,13.5,21.1,25.6,22.1,18.9,16.2,17.1,17.6,15.4,18.8,18.7
2015-04-01,18.3,18.6,19.2,21.3,17.6,23,19.3,18.1,13.2,18.9,19.6,13.2,19.2,26.5,23,20.8,15.8,16,17.7,14.9,18.9,17.8
2015-05-01,18.3,17.3,17.3,18.7,18.6,22.5,19.1,16.4,12.1,14.3,19.1,13.9,15,26,22.5,17.9,16.7,17.1,16.5,16,18.7,16.7
2015-06-01,21.3,17.9,17.8,19.3,19.2,23.9,18.8,17.5,11.7,16.4,19,14.1,14.9,25.9,22.4,16.8,17.1,17.8,17.3,16.5,18.4,17.2
2015-07-01,17.8,17.5,16.5,17.5,18.2,21.3,17.4,15.7,11.8,15.2,18.9,13.5,12.6,25.8,22.3,17,16.1,16.7,16.1,15.3,17,16.8
2015-08-01,18.6,18.3,17.7,19.7,17.8,21.8,19.5,16.9,11.7,17.9,19.3,13.8,16.5,26.2,22.7,16.9,16.6,16.2,16.9,15.9,19.1,17.5
2015-09-01,19.2,19,20.6,20.1,19.2,23.8,20.7,18.5,12.4,17.4,19.1,14.2,16.6,26,22.5,18.6,17.3,17.8,17.9,16.7,20.2,18.1
2015-10-01,21.3,20.8,20.3,21.5,19.7,23.6,22.1,18.8,12.6,19.9,19.2,13.7,19.4,26.1,22.6,19.3,16.4,18.4,18.1,15.7,21.5,19.6
2015-11-01,21.3,21.7,21.9,22.5,20.4,24.5,23.6,20,12.4,21,19.8,13.3,20.4,26.7,23.1,18.6,15.8,19.2,19,15,23,20.4
2015-12-01,21.1,21.5,22.1,23.6,20.9,23.2,22.9,20.2,13,20.9,22.5,13.7,22,29.3,25.6,20.3,16.5,19.7,19.1,15.8,22.3,20.3
2016-01-01,21.4,19.7,22.8,24,20.5,23.8,22.4,21.8,13.7,21.3,21.3,15,22.9,28.2,24.5,22.1,18.4,19.3,20.1,18,21.8,18.7
2016-02-01,19,20.6,20.3,22.2,18.7,22.8,19.9,18.8,13.6,19.2,18.9,16.2,22,25.8,22.3,22,20.3,17.2,18.1,20.3,19.4,19.5
2016-03-01,21.2,23.3,21.9,23.9,21.8,25.7,21.9,21.1,12.6,20.2,21.7,16.1,21.5,28.5,24.9,19.1,20.1,20.7,19.7,20,21.3,21.8
2016-04-01,18.7,20.5,19.5,22.6,19.7,24.8,20.9,18.7,13.2,18.8,22.6,14.6,19,29.4,25.7,20.8,17.9,18.4,18.1,17.4,20.4,19.4
2016-05-01,18.5,19.4,18.2,19.7,20.2,23.7,19.7,15.9,12.8,18.3,20.4,13.4,15.2,27.3,23.7,19.8,16,18.9,16.2,15.2,19.2,18.4
2016-06-01,16.8,17.1,16.6,17,18.6,20.4,18.9,13.6,12,16.9,18.6,13,12.6,25.5,22,17.6,15.3,17.1,14.7,14.4,18.5,16.5
2016-07-01,17.3,18.4,16.7,18,18.8,21.5,18.2,14.7,12,16.6,19.5,14.1,13.5,26.4,22.9,17.5,17.1,17.4,15.4,16.5,17.8,17.6
2016-08-01,18.6,19.5,18.3,19.1,19.4,22.7,20.2,16,12.4,17,19.8,14.2,14.8,26.7,23.1,18.7,17.3,18,16.3,16.7,19.7,18.5
2016-09-01,20.2,21.4,19.2,21.2,20.1,21.6,21.4,18.6,13,17.9,20.8,15.6,18.9,27.7,24.1,20.2,19.3,18.8,18,19.1,20.9,20.1
2016-10-01,20.3,20.7,19.7,21.7,19.8,21.3,21.2,19,13.1,20.5,20.9,14.1,20.1,27.8,24.1,20.6,17.1,18.5,18.3,16.5,20.7,19.5
2016-11-01,21.6,21.8,21.1,22.5,21.1,23.2,22.2,20.3,13.1,19.9,20.8,15.9,20.4,27.7,24.1,20.5,19.7,20,19.1,19.6,21.6,20.5
2016-12-01,21.3,22.3,20.9,23.2,20.7,22.1,21.9,20.9,13.3,21.2,21.1,16.2,22.4,28,24.3,21.2,20.3,19.5,19.5,20.3,21.3,20.9
2017-01-01,20.5,18.5,20.1,21.8,17.9,21.8,18.5,17.8,13.1,18.2,20.9,15.5,20.5,27.8,24.1,20.5,19.2,16.3,17.5,19,18.1,17.7
2017-02-01,20.8,21,19.2,21.8,20.1,21.9,20.4,19.4,13.3,19.1,18.7,15.8,21.3,25.6,22.1,21,19.7,18.8,18.5,19.5,19.9,19.8
2017-03-01,18,18.9,19.5,21.2,17.4,22.8,18.2,17.4,12.9,16.9,17.9,15.5,20.7,24.9,21.4,20,19.1,15.8,17.2,18.9,17.8,18
2017-04-01,19.1,19.7,18.8,20.7,18.7,23.8,19.3,17.5,13,17,19.6,14.9,17.5,26.5,23,20.4,18.3,17.2,17.3,17.9,18.9,18.7
2017-05-01,18.5,17.6,17,18.7,18.2,22.3,17.9,16.4,12.7,16.6,18.8,13.7,14.9,25.7,22.2,19.4,16.5,16.7,16.5,15.8,17.5,16.9
2017-06-01,17.5,16,15.8,18.1,18.1,22.9,17.2,13.7,12.2,15.9,19.2,14.4,13.4,26.1,22.6,18.2,17.5,16.6,14.8,17,16.8,15.6
2017-07-01,17.5,17.1,16.9,18.8,18.9,23.4,17.6,14.2,12.3,15.8,19.6,14,14.4,26.5,23,18.4,16.9,17.5,15.1,16.2,17.2,16.5
2017-08-01,19.4,18.8,17.8,19.3,20.1,23,19.3,15.9,12.7,16.5,19.7,14.5,15.1,26.6,23,19.4,17.6,18.8,16.2,17.1,18.9,17.9
2017-09-01,18.6,18.5,18.2,20,18,21.3,19.3,17.1,12.9,17.9,20.6,13.6,16.9,27.5,23.9,20,16.3,16.5,17,15.6,18.9,17.7
2017-10-01,20.1,21.1,20.5,22.8,20.6,26.1,21.6,19.2,12.6,20,21.9,15.9,19.1,28.7,25.1,19.1,19.8,19.4,18.4,19.7,21.1,19.9
2017-11-01,21.5,22.5,22.1,24.2,22.3,24.8,23.5,21,13.2,21.6,23.7,16.4,21.2,30.5,26.7,20.8,20.6,21.3,19.6,20.6,22.9,21.1
2017-12-01,20.1,20.4,20.9,22.7,20.4,22,21.1,19.3,13,20.4,20.8,15.6,22.1,27.7,24.1,20.2,19.4,19.2,18.5,19.2,20.6,19.3
2018-01-01,17.4,19.2,18.6,21.4,18.3,21.5,18.8,17.5,13,18.5,19.2,16.8,21.1,26.1,22.6,20.2,21.2,16.8,17.3,21.3,18.4,18.3
2018-02-01,17.3,17.4,17.7,19.8,17.6,21.4,18.2,16.4,11.1,16.4,17,14.7,19.2,24,20.6,15.2,18,16,16.6,17.5,17.8,16.7
2018-03-01,18.1,18.8,19.3,21.3,19,22.5,18.9,17.5,12.7,17.2,19.6,12.9,19.8,26.5,23,19.6,15.2,17.6,17.3,14.3,18.5,17.9
2018-04-01,18.9,19.7,20.1,22,20,24.4,20,19.1,12.7,16.9,21.2,14.2,19.5,28.1,24.4,19.5,17.2,18.7,18.3,16.6,19.5,18.7
2018-05-01,17.3,17.4,17.4,19.5,19.8,23.7,18.3,17.6,12.8,17.2,19.5,12.6,15,26.4,22.9,19.7,14.8,18.5,17.3,13.7,17.9,16.7
2018-06-01,15,14.9,14.4,16.8,16.6,20.7,15.8,14.4,11,13.9,18.3,11.6,12,25.2,21.8,15,13.3,14.9,15.2,12,15.5,14.6
2018-07-01,14.9,16.4,18.1,18.2,17.1,21.1,15.4,15.9,11.7,16.9,19.3,17,13.6,26.2,22.7,16.7,21.5,15.4,16.2,21.6,15.1,15.9
2018-08-01,16.1,16.1,18.8,18.5,17.7,21.1,17.2,16.6,11.9,20.4,19.4,16,13.2,26.3,22.8,17.3,20,16.1,16.7,19.9,16.8,15.6
2018-09-01,18.7,19.9,20.5,21,19.9,24.5,20.2,19.3,12.4,18.6,20.8,17.9,16.7,27.7,24.1,18.7,22.8,18.6,18.5,23.3,19.7,18.9
2018-10-01,19.6,20.5,22.4,22.7,19.2,24.3,21.4,19.1,13.8,22.1,19.4,17.8,20.6,26.3,22.8,22.4,22.7,17.8,18.4,23.1,20.9,19.4
2018-11-01,21.3,22.3,23.3,24.7,21.8,24.9,22.6,21.3,13.5,23.5,22.7,18.2,22.3,29.5,25.8,21.6,23.3,20.7,19.8,23.8,22,20.9
2018-12-01,19.7,20.3,21.4,23.2,20.2,23,21.7,19.3,12.9,20.8,21.4,17.4,22,28.2,24.6,20,22.1,18.9,18.4,22.4,21.2,19.2
2019-01-01,18.6,19.6,19,22.3,19.3,23.4,19.3,18.3,11.2,18.8,19.7,14.4,21.4,26.6,23,15.5,17.5,17.9,17.8,17,18.9,18.6
2019-02-01,17.4,18.8,17.8,21.5,18.3,22.1,18.4,17.3,9.5,18.9,19.4,13.1,20.4,26.3,22.8,11,15.5,16.8,17.1,14.6,18,17.9
2019-03-01,19.5,20.4,19.3,22.1,19.7,24.5,20,18.7,10.3,19,18.8,13.2,20.7,25.7,22.2,13.1,15.7,18.4,18.1,14.8,19.5,19.3
2019-04-01,18.4,19.3,18.5,21.3,19.5,22.7,19.4,18,11.1,17.3,21.3,13.1,18.8,28.2,24.5,15.2,15.5,18.2,17.6,14.6,19,18.4
2019-05-01,18.3,19.6,17.9,20,19.7,24,19.1,18.2,12,17.2,20.4,13,15.3,27.3,23.7,17.6,15.4,18.4,17.7,14.5,18.7,18.6
2019-06-01,17.5,21,19.8,19.9,19.8,23.9,18,18.4,14.5,16.6,21.6,14.6,14.5,28.4,24.8,24.3,17.8,18.5,17.9,17.3,17.6,19.8
2019-07-01,17.5,18.1,16.3,18.7,18.3,23.1,17,16.7,12.4,15.8,19.2,14.3,14.1,26.1,22.6,18.7,17.4,16.8,16.7,16.8,16.7,17.3
2019-08-01,19,20,18.1,20,20,24.8,18.8,18.6,13.6,17,20.6,13.9,14.9,27.5,23.9,21.9,16.8,18.7,18,16.1,18.4,18.9
2019-09-01,18.3,19.5,18.8,21.7,18.4,23.7,19.5,18.8,13.4,18.5,21.4,13.9,18.5,28.2,24.6,21.3,16.8,16.9,18.1,16.1,19.1,18.5
2019-10-01,19.1,20.7,20.6,23,19.2,24.5,20.8,20,10.8,19.7,21.8,13.7,20.6,28.6,25,14.4,16.5,17.8,18.9,15.7,20.3,19.5
2019-11-01,20.1,21.3,22.4,23.4,20.2,23.3,21.4,19.9,12.2,20.5,21,14.5,22.6,27.9,24.2,18.2,17.7,18.9,18.8,17.2,20.9,20.1
2019-12-01,20.6,22.3,22.2,24.6,20.3,24.7,22.9,21.1,14.1,21.6,22.1,15.4,23.5,28.9,25.3,23.2,19,19.1,19.6,18.8,22.3,20.9
2020-01-01,18.3,20.6,20.5,22.7,19.5,24.4,20.3,19.7,12.3,18.9,21.6,15.7,20.3,28.4,24.8,18.4,19.5,18.2,18.7,19.3,19.8,19.5
2020-02-01,17.6,21.1,23.9,22.1,18.8,24.1,18.8,19.6,13.8,17.6,19.3,15,21.1,26.2,22.7,22.4,18.4,17.4,18.7,18.1,18.4,19.9
2020-03-01,17.5,20.2,20.9,22.6,18.8,23.5,19.5,19.2,12.6,18.8,20.8,14.9,21.2,27.7,24.1,19.2,18.3,17.4,18.4,17.9,19.1,19.1
2020-04-01,17.9,20.4,20.1,22.3,19.4,25.2,19.7,19.6,12.5,16.8,21.9,13.9,19.3,28.7,25.1,19,16.8,18,18.7,16.1,19.2,19.3
2020-05-01,17.8,19.6,18.8,20.1,19.4,24.5,18.6,18.3,12.7,15.3,20.7,13.8,15.6,27.6,24,19.5,16.6,18,17.8,15.9,18.2,18.6
2020-06-01,16.9,19.3,18.4,19.1,19,23.4,17.6,18.1,9.1,17.4,20.5,13.9,13.3,27.4,23.8,9.9,16.8,17.6,17.7,16.1,17.2,18.4
2020-07-01,17.4,19.1,18.4,18.3,19.8,22.1,18.1,17.3,11.3,16.5,20.6,14.4,12.4,27.5,23.9,15.8,17.5,18.5,17.2,17,17.7,18.2
2020-08-01,18.5,19.9,18.6,19.9,19.8,23.8,19.5,18.4,11.2,18.4,20.2,14.2,15,27.1,23.5,15.5,17.2,18.5,17.9,16.6,19.1,18.9
2020-09-01,18.5,20.6,21.7,21.6,18.9,24.2,19.4,19.8,14.5,18.2,21.6,13.9,18,28.4,24.8,24.3,16.8,17.5,18.8,16.1,19,19.5
2020-10-01,18.4,20.7,20.8,22.5,19,24.4,19.7,19.5,13.5,19.8,19.8,14.8,20.8,26.7,23.1,21.6,18.1,17.6,18.6,17.7,19.2,19.5
2020-11-01,21.4,22.6,21.9,23.3,21.5,25.4,23.6,20.4,14,19.5,21.4,17.7,21.3,28.2,24.6,23,22.5,20.4,19.2,22.9,23,21.2
2020-12-01,19.8,21.3,21.9,23.9,20,23.8,21,20.2,13.1,22.1,21.3,16.6,22.8,28.2,24.5,20.6,20.9,18.7,19.1,20.9,20.5,20
