anio,mes,dia,pp,tmax,tmin,tmed,hmed,hmax,hmin
2014,3,1,,,,,,,
2014,3,2,,,,,,,
2014,3,3,,,,,,,
2014,3,4,,,,,,,
2014,3,5,,,,,,,
2014,3,6,,,,,,,
2014,3,7,,,,,,,
2014,3,8,,,,,,,
2014,3,9,,,,,,,
2014,3,10,,,,,,,
2014,3,11,,,,,,,
2014,3,12,,,,,,,
2014,3,13,,,,,,,
2014,3,14,,,,,,,
2014,3,15,,,,,,,
2014,3,16,,,,,,,
2014,3,17,,,,,,,
2014,3,18,,,,,,,
2014,3,19,,,,,,,
2014,3,20,,,,,,,
2014,3,21,0,17.5,-0.3,,27.8,58.7,8.5
2014,3,22,0,18.6,2.3,,34.7,74.3,14.7
2014,3,23,0,18.1,4.2,,51.6,80.3,16.5
2014,3,24,0,19.6,6.7,,48.4,82.3,12.9
2014,3,25,0,19.6,0.9,,25.7,61.6,9.3
2014,3,26,1.1,16.7,5.7,,59.6,78.6,35.1
2014,3,27,0,16.7,3.9,,55.3,91.1,22.8
2014,3,28,0,15,3.3,,36.5,50.2,23.1
2014,3,29,0,15,-2,,28.9,57.1,8.9
2014,3,30,0,14.2,-4.7,,26.1,55.2,7
2014,3,31,0,15.8,-3.8,,31.2,57.2,13.5
2014,4,1,0,14.7,2.6,,52.2,74.8,28.6
2014,4,2,1.2,17.3,3,,60.8,85.9,31.6
2014,4,3,10.6,18.5,4.7,,66,95.4,26.9
2014,4,4,0,17.8,4.9,,62.7,90.3,30.1
2014,4,5,0,17.9,6.9,,55.7,84.1,30.2
2014,4,6,0,18.6,4.5,,52.5,78.5,28.1
2014,4,7,0,18.9,4.3,,49.5,77.6,25
2014,4,8,0,19.6,4.9,,45,61.4,25.1
2014,4,9,0.2,19.2,5,,55.2,83.6,24.4
2014,4,10,5.2,16.4,5.8,,54.7,86.6,33.4
2014,4,11,0,18,3.7,,49.8,92.2,12.8
2014,4,12,0,17.2,-0.6,,29.2,58.5,7.2
2014,4,13,0,18.6,3.2,,48.4,86.4,20.4
2014,4,14,0,18.6,4.5,,46.4,86.4,14.9
2014,4,15,0,18,2.5,,22.2,57.9,7.6
2014,4,16,0,16.8,2.6,,35,77.4,16.3
2014,4,17,0,17.7,0.9,,21.3,35.6,12.9
2014,4,18,0,19.1,0.7,,34.2,53,15.6
2014,4,19,0,18.6,4.2,,45.8,66.8,17
2014,4,20,0,17.6,4.3,,49.2,76.6,22.6
2014,4,21,0,18,4,,45.1,70.2,15.7
2014,4,22,0,16.8,1.4,,46,84.4,17.5
2014,4,23,0,15.5,3.2,,53.2,83.8,20.4
2014,4,24,0,16,3.2,,52,82,26.5
2014,4,25,0,15.9,-0.3,,22,46,8.8
2014,4,26,0,14.2,0.4,,15.3,21.9,8.8
2014,4,27,0,13.5,-4.9,,18.8,31.1,8.2
2014,4,28,0,17.3,-3.5,,22.5,43.4,9.5
2014,4,29,0,16.9,-0.1,,39.3,76.9,12.5
2014,4,30,0,16.1,0.6,,27.9,44.4,6.8
2014,5,1,0,14.9,-3.5,,24.2,40.5,6.8
2014,5,2,0,15.4,-3,,19.9,47.5,7.1
2014,5,3,0,17.1,-2.2,,22.3,57.1,9.2
2014,5,4,0,16.4,-0.4,,17.1,29.8,6.4
2014,5,5,0,16.1,-0.8,,18.3,27.3,11
2014,5,6,0,14.3,-2.8,,21.8,38.7,7.9
2014,5,7,0,16.6,-2.8,,19.8,42.5,8.7
2014,5,8,0,16.4,-0.5,,29.3,54.3,10.3
2014,5,9,0,16.1,1.9,,38.7,74.3,9.6
2014,5,10,0,14.9,-0.1,,28.8,71.9,13.2
2014,5,11,0,14.4,0.3,,22.7,31.7,15.2
2014,5,12,0,13.4,0.8,,26.7,37.3,19.6
2014,5,13,0,12.5,0.8,,31.9,43.8,25
2014,5,14,0,15.1,-4.3,,33.9,64.8,9.3
2014,5,15,0,14.1,-3.2,,24,53.4,11.8
2014,5,16,0,15.9,-2.2,,15.6,23.3,10.1
2014,5,17,0,13.7,-4.3,,18.2,38.9,7.2
2014,5,18,0,14.1,-2.9,,27.5,46.8,16.2
2014,5,19,0,16.1,-0.2,,34.4,65.5,10.7
2014,5,20,0,16.4,-1.4,,17,28.8,8.6
2014,5,21,0,14.3,-5.1,,24,40.7,12.1
2014,5,22,0,13.9,-0.3,,33.4,59.8,23
2014,5,23,0,12.1,0.1,,39.7,54.3,24
2014,5,24,0,12.9,-2.8,,34.3,67.4,9
2014,5,25,0,13.9,-6.1,,25.3,58.1,4.5
2014,5,26,0,14.9,-6.3,,18.5,38.1,6.7
2014,5,27,0,15.5,-4.2,,17.7,54.5,6.4
2014,5,28,0,15.1,-3.2,,14.7,35.7,7.4
2014,5,29,,,,,,,
2014,5,30,,,,,,,
2014,5,31,,,,,,,
2014,6,1,0,15.8,-3.7,,13,22.7,4.6
2014,6,2,0,14.6,-5,,14.3,24.8,4.5
2014,6,3,0,15.1,-5.7,,9.6,36,4
2014,6,4,0,15.3,-3.9,,11.7,24.7,6
2014,6,5,0,15.2,-2.5,,19,30.2,10.8
2014,6,6,0,16.7,-4.6,,15.9,31.6,6.1
2014,6,7,0,16.5,-4.4,,14.8,32.3,4.4
2014,6,8,0,11.8,-5.6,,10,21.9,3.9
2014,6,9,0,11.8,-6.9,,6.9,12.8,4.5
2014,6,10,0,15.9,-4,,21,52.2,5.9
2014,6,11,0,16.2,-1.9,,36,96.9,8.4
2014,6,12,0,15.7,-3.5,,29.2,61.9,6.1
2014,6,13,0,14.5,-3.1,,19.1,57.7,7.3
2014,6,14,0,14.4,-5.9,,19.6,48.7,8
2014,6,15,0,14.9,-6.7,,23,85.2,6.6
2014,6,16,0,14.5,-4.4,,23.1,55.5,5.5
2014,6,17,0,15.4,-1.6,,47.5,79.2,12.9
2014,6,18,0,14.6,-2.2,,24.4,43.3,12.6
2014,6,19,0,14.9,-1.3,,39.4,72.1,16.9
2014,6,20,0,14,-2.7,,33.7,58.6,19.7
2014,6,21,0,16.3,-2.8,,20.7,35,12
2014,6,22,0,15.1,-1.8,,22.5,46.8,7.8
2014,6,23,0,15.4,-2.6,,21.2,35.9,12.1
2014,6,24,0,15.1,-1.1,,27.3,41.4,17.7
2014,6,25,0,15.4,-0.9,,28.2,35.9,17.8
2014,6,26,0,14.6,-2.4,,31.6,50.7,12.7
2014,6,27,0,15.3,-2.9,,26.9,51.5,6
2014,6,28,0,15,-6.2,,20.1,57.5,3.2
2014,6,29,0,14,-5.8,,13.9,36,6
2014,6,30,0,13,-6.9,,16.4,24.7,10
2014,7,1,0,14.6,-5.8,,21.1,42.5,7.9
2014,7,2,0,14.8,-2.7,,22.1,46,8.8
2014,7,3,0,13.5,-3.8,,25.7,41.8,12.3
2014,7,4,0,13.6,-3.4,,31.3,43.8,19.9
2014,7,5,0,13.7,-4.2,,26.8,62.9,3.8
2014,7,6,0,13.4,-8.4,,12.2,25.1,4.9
2014,7,7,0,12.3,-4.7,,18.5,54.3,6.5
2014,7,8,0,15.9,-5,,22.6,47.5,9
2014,7,9,0,13.7,-3,,22.4,53.5,8.9
2014,7,10,0,15.6,-4.4,,19.4,64.7,7.4
2014,7,11,0,15.3,-2.3,,20.9,29.2,13.4
2014,7,12,0,14.4,-0.6,,28,37.4,18.1
2014,7,13,0,15.3,-1.7,,29.7,44.5,16.3
2014,7,14,0,15.1,-0.7,,29.3,43.8,14.6
2014,7,15,0,14.9,-3.3,,14.1,32.2,4.6
2014,7,16,0,15.5,-3.9,,17.2,38.4,7.3
2014,7,17,0,13.5,-6.4,,19.9,50.9,5.9
2014,7,18,0,13.3,-2.3,,41.4,67.3,13.3
2014,7,19,0,12.9,-1.3,,51.9,88.7,13.6
2014,7,20,0,13.1,-3.5,,31.2,59.9,14.6
2014,7,21,0,11.6,-4.2,,19.2,33.1,12.3
2014,7,22,0,13.1,-5.9,,23.4,37.3,7.6
2014,7,23,0,12.8,-7.3,,25.2,62.1,6.2
2014,7,24,0,12.4,-7.9,,10.9,26.1,2.2
2014,7,25,0,11.9,-6.3,,10.6,33,4.6
2014,7,26,0,10.6,-7.3,,12.9,31.2,4.6
2014,7,27,0,10.7,-8.3,,13.7,26.9,3.8
2014,7,28,0,12.4,-8.4,,10.8,24.6,3.9
2014,7,29,0,13.9,-6.7,,16.2,44.7,5.7
2014,7,30,0,13.2,-6.7,,20.4,37.9,9.5
2014,7,31,0,14.4,-3.5,,18,37.7,7.2
2014,8,1,0,14.6,-3,,15.1,30.5,6.7
2014,8,2,0,16.8,-3.6,,16.9,46.3,5.4
2014,8,3,0,16.9,-3.5,,18.1,67.8,4
2014,8,4,0,17.2,-4.1,,11.4,42,4.8
2014,8,5,0,16.2,-0.2,,45.7,84.5,14.1
2014,8,6,0,16.3,-1.4,,25.6,44.5,9
2014,8,7,0,13.8,-2.3,,25.5,60.7,9.2
2014,8,8,2.8,13.1,2.4,,68,93.4,39.2
2014,8,9,0.1,8.6,1.4,,78.9,95.8,52.6
2014,8,10,0,13.4,-2.3,,47.4,83.1,12.9
2014,8,11,0,14.9,-1,,26.3,47.7,16.2
2014,8,12,0,15,-2.9,,27.3,48.1,6.7
2014,8,13,0,16.4,-0.8,,39.6,86.3,11.1
2014,8,14,0,14.8,-0.1,,45.4,90.4,10.4
2014,8,15,0,13.8,-2.5,,31.9,56.6,13.3
2014,8,16,0,15,2.8,,44.8,69.3,16.7
2014,8,17,0,14.1,-1.5,,21.9,59.3,7.3
2014,8,18,0,12.3,-2.3,,53.1,89.7,22.5
2014,8,19,0,12.9,-1.3,,48.4,86,16.9
2014,8,20,0,13.2,-0.2,,48.6,79,19
2014,8,21,0,14.3,-0.9,,29.7,69.4,15.1
2014,8,22,0,15.3,-2.1,,20.1,31.5,10.3
2014,8,23,0,15.6,-2.6,,21.5,37.7,8.5
2014,8,24,0,14.2,-3.2,,15.6,35.2,3.3
2014,8,25,0,14.4,-7.2,,7.5,15.5,3
2014,8,26,0,14.1,-4.2,,10.7,21.9,5.2
2014,8,27,0,14.4,-2,,17,28.8,8.7
2014,8,28,0,12.9,-4.7,,16.3,27.9,8.9
2014,8,29,0,14.8,0.6,,49.8,84.3,9.2
2014,8,30,0.4,13.1,1.6,,57.1,93.1,33.4
2014,8,31,0,14.1,0.1,,50.3,73.2,29.9
2014,9,1,0,15.7,1.6,,50.9,93.7,11.1
2014,9,2,0,16.1,-3.6,,24.5,55.9,5
2014,9,3,0,16.7,3.4,,52.2,78.2,15.2
2014,9,4,0,15.2,-1.6,,47.2,84.3,19.7
2014,9,5,0,14.3,-0.6,,28.3,41.5,18.2
2014,9,6,0,15.7,-2.2,,19.6,37.9,9
2014,9,7,0,17.1,3.3,,47.4,81,16
2014,9,8,0,17.4,4.8,,48.7,72.4,20.7
2014,9,9,0,17.4,0.7,,26.3,82.4,6.8
2014,9,10,0,17.9,-1.2,,12,18.6,7.7
2014,9,11,1.4,15.8,1.1,,43.8,79.4,13.8
2014,9,12,4,16.3,1.4,,68.9,92.3,27
2014,9,13,0.1,13.8,4.3,,64.1,92.5,26.9
2014,9,14,0,16.1,-2.6,,38.1,69.9,9.5
2014,9,15,0,18.1,-2.4,,32.2,56.5,16.1
2014,9,16,0,19.2,0.6,,27.4,63.5,9.6
2014,9,17,0,18.2,4.6,,27.5,50.8,9.1
2014,9,18,0,12.4,2.3,,39.9,54.5,17.9
2014,9,19,0,14.8,-2.8,,18.2,42.1,6.3
2014,9,20,0,15.3,-3.9,,17.4,36.2,6.2
2014,9,21,0,14.8,2.9,,54,84.4,25.7
2014,9,22,0,15.4,-0.1,,51.3,94.1,20.6
2014,9,23,0,15,1,,25.5,41.7,18.1
2014,9,24,0,15.4,4.2,,26.1,29.6,18.4
2014,9,25,0,17.8,-1.8,,23.8,45.3,9.9
2014,9,26,0,17.9,0.2,,20.7,26.8,16.2
2014,9,27,0,19.3,2.9,,25.7,52.3,17.4
2014,9,28,0,15.2,5.3,,66.2,84.5,32.2
2014,9,29,0,14.7,2.1,,66.1,95.8,30.2
2014,9,30,0,18,2.8,,42.9,90.1,9.6
2014,10,1,7.8,17.2,2.6,,41.7,82.7,15.6
2014,10,2,15.8,15.5,3.7,,73.6,96,36.4
2014,10,3,1.6,13.2,4.4,,76.9,91.7,51
2014,10,4,0,16.4,3.6,,55.5,92.1,18.9
2014,10,5,0,18.2,3,,27.9,49,15.2
2014,10,6,0,17.7,7.8,,55.6,73,31.1
2014,10,7,0,19.1,4.9,,56.9,85.4,24.8
2014,10,8,0,19.7,4.7,,46.5,84.6,14.9
2014,10,9,0,19.6,3.6,,29.1,66.4,10.1
2014,10,10,0,20.7,3.4,,26,62.7,8.2
2014,10,11,0,19.7,5,,47.6,66.9,19.5
2014,10,12,0,19.7,5.7,,45.2,77.8,17.4
2014,10,13,0,20.4,5,,39,67,18.8
2014,10,14,0,19.9,3.4,,41.1,80.5,11.7
2014,10,15,0,19.2,3.9,,39,79.1,10
2014,10,16,0,20.1,3.2,,30,54.7,8
2014,10,17,0,20.5,3.2,,28.8,53.6,9.1
2014,10,18,0,19.7,2.9,,27.9,57.2,10
2014,10,19,0,18.1,2.2,,28.4,70.3,13.2
2014,10,20,1.4,15.3,3.8,,61.4,91.6,34.4
2014,10,21,0.4,15.4,3.4,,72.5,91.2,34.4
2014,10,22,0,16,4.4,,61.3,91.4,27.4
2014,10,23,0,17,0.7,,35.7,74.9,16.3
2014,10,24,0,18.2,0.9,,15.9,60.5,5.6
2014,10,25,0,18.9,4,,39.1,80.9,11.8
2014,10,26,0,19.3,0.4,,27.5,67.6,6.5
2014,10,27,0,20.3,3.1,,24.2,49.6,8.2
2014,10,28,0,20.5,5.3,,39.3,75.1,8.4
2014,10,29,0,19.7,4.7,,11.7,25.3,4.1
2014,10,30,0,20.3,0.5,,13.4,26.1,5.3
2014,10,31,0,21.1,3.1,,21.1,45.6,7.4
2014,11,1,0.1,20.5,5.6,,39.9,65.6,17.2
2014,11,2,0,17.5,6.1,,54.4,79.1,27.8
2014,11,3,0,20.5,2.6,,11.6,62.2,3.4
2014,11,4,0,21,1.3,,6.5,15.4,2.6
2014,11,5,0,22,1.6,,7.6,26.6,3.6
2014,11,6,0,22,5.7,,18.4,40.7,8
2014,11,7,0,23.2,4.1,,16.4,50,5.3
2014,11,8,0,22.9,4.2,,19,60.6,5.3
2014,11,9,0,23.3,4.8,,31.5,68.5,7.9
2014,11,10,0,20.7,5.5,,25.6,62.4,9
2014,11,11,0,21.4,6,,27.9,67.7,8.7
2014,11,12,0,19.7,3.2,,17,31.5,7.6
2014,11,13,0,17.8,0.1,,13.2,24.6,4.5
2014,11,14,0,17.2,0.2,,15.9,60.1,6.8
2014,11,15,1.9,17.6,1.7,,52.9,90.9,21.4
2014,11,16,0.7,17.2,6.2,,58.7,85.1,23.9
2014,11,17,0.1,15.1,5,,69.2,91.5,35.8
2014,11,18,0,17.9,2.5,,39.2,91.9,9.7
2014,11,19,0,16.6,-2.3,,14.5,32.8,4.4
2014,11,20,0,19.1,-1.3,,23.4,41.2,12.6
2014,11,21,0,19.3,1.4,,19.1,30.9,10.2
2014,11,22,0,19,3.2,,23.9,65.1,10.5
2014,11,23,0,18.9,4.4,,27.6,64,12.8
2014,11,24,0,20.3,4.1,,15.5,40.2,3.7
2014,11,25,0,19.6,-0.1,,10.4,25.9,2
2014,11,26,0,19.8,0.4,,11.4,32.5,3
2014,11,27,0,19.8,3,,18.9,61.8,5.8
2014,11,28,0,19.6,4.4,,46,76.4,16.7
2014,11,29,0,21.4,4.6,,33.8,77.6,4.1
2014,11,30,3.4,20.8,4.7,,27.9,85.9,7
2014,12,1,0,21,6,,44.9,89,5.9
2014,12,2,0,20.9,3.3,,13.9,31.3,8.3
2014,12,3,0,20.3,4.1,,25.3,62.8,10.6
2014,12,4,0,20.7,4.2,,38,76.7,13.8
2014,12,5,0,21.1,4.2,,22.5,43.1,11.1
2014,12,6,0,22.3,5.2,,22.2,41.7,8.5
2014,12,7,0,21.7,5.8,,30,55,12.4
2014,12,8,0,20.5,6.5,,43.6,66.3,16.6
2014,12,9,0,21.1,5,,40.8,80.2,9.5
2014,12,10,0,21.9,3.6,,17.5,38.9,8.3
2014,12,11,0,19.7,5.7,,31.4,50.1,19.8
2014,12,12,0,22.1,6.6,,39.5,70.9,7.6
2014,12,13,0,21.2,5.7,,28.2,71,7.9
2014,12,14,0,18,5.7,,44.4,68.3,28.1
2014,12,15,11.8,19.5,4.8,,48.8,79.6,23.5
2014,12,16,0.3,20.3,6.8,,61.8,94.2,27.7
2014,12,17,0,20.2,6.8,,50.9,86.1,24.3
2014,12,18,2.1,17.5,6.2,,61.3,80,31.4
2014,12,19,0,20.2,3.1,,50.1,88.9,20.3
2014,12,20,0,20.9,5.8,,24.5,51.4,7.9
2014,12,21,0,18.8,1.7,,14.1,32.2,4.8
2014,12,22,0,20.8,3.2,,11.2,18.7,6.1
2014,12,23,0,18.2,3.7,,33.3,59.6,14.8
2014,12,24,0,21.3,5.4,,39.6,85,9.9
2014,12,25,0,21.5,5.7,,22.6,36.2,15.9
2014,12,26,5.1,20.8,7.2,,49.9,86.4,20.7
2014,12,27,2.2,20.1,5.6,,64.5,93.7,24.6
2014,12,28,1.5,17.7,7.1,,70.6,93.8,36.5
2014,12,29,0.2,18.6,6.1,,66,92.3,30.8
2014,12,30,0,18.5,5.3,,58.5,89.9,25.8
2014,12,31,0,19.4,6.4,,24.9,81.4,4.2
2015,1,1,0,20.3,4.5,,17.9,45.8,7
2015,1,2,0.3,17.2,5.5,,49.7,73.1,29.1
2015,1,3,0,19.9,6.2,,44.2,76.8,15.3
2015,1,4,13.3,17.9,6.5,,57.5,87.9,26.8
2015,1,5,4.3,14.8,4.2,,80,96.4,48.7
2015,1,6,2.7,17,5.7,,70,92,40.7
2015,1,7,16.5,18.3,4.6,,63.1,91.4,27.4
2015,1,8,0,14.7,6.2,,76.6,91.7,52.8
2015,1,9,8.4,15.6,5,,71.6,94.5,44.8
2015,1,10,0.2,12.2,6.4,,78.9,96.6,61
2015,1,11,1.6,14.8,6.2,,75.7,91.5,50
2015,1,12,2.8,13.6,6,,80.1,93.1,51.1
2015,1,13,5.8,15.2,4.9,,72.3,92.3,42.3
2015,1,14,0,17.8,5.5,,56,88.8,22.3
2015,1,15,0.6,16.1,4.3,,44.3,89.8,21.8
2015,1,16,0,17.5,5,,69.2,97.8,29.3
2015,1,17,1.3,16.7,3.7,,57.2,81.2,34.8
2015,1,18,24.7,13.8,5.1,,80.5,94.1,53
2015,1,19,4.8,13.7,5.6,,83.3,92.6,55.1
2015,1,20,0,15.4,6.1,,72.6,95.4,44.9
2015,1,21,0.7,15.3,6.5,,68.5,85.3,41.3
2015,1,22,0,16.6,6.7,,67.5,91.2,39.8
2015,1,23,0.1,17.1,6.7,,60.1,92.6,33.3
2015,1,24,0,17.2,7,,58.9,85.6,34.5
2015,1,25,0,17.2,5,,55.5,90.5,25.1
2015,1,26,0,18,3.7,,46.3,88.5,13.5
2015,1,27,0,19.1,4.2,,50.3,78,25
2015,1,28,4.8,16.5,6,,66.1,83.9,37.2
2015,1,29,7.6,14.7,6.3,,74.1,92.9,49.7
2015,1,30,0,16.4,5.8,,62.9,91.5,39.6
2015,1,31,6.8,16.3,5.3,,68.8,90.4,39.5
2015,2,1,0,18,7.1,,66.3,93.5,34.4
2015,2,2,0,18.1,6,,54.6,89,27.6
2015,2,3,5.8,18.9,6.2,,58,92.2,30.6
2015,2,4,0,18,6.7,,67.4,93,36.2
2015,2,5,0.4,18.8,6.2,,64.8,91.4,28.9
2015,2,6,0.1,17.3,7.6,,65.9,89.9,39.9
2015,2,7,0,18.4,4.6,,58.3,95.3,22.7
2015,2,8,0,20.4,6,,53.4,79.8,24.1
2015,2,9,11.9,17.5,6.6,,68.6,94.9,35.4
2015,2,10,1.6,14.8,6,,81.1,96.2,53.9
2015,2,11,7.4,16.3,7,,75.4,93.9,46.7
2015,2,12,1.1,17.3,6.4,,77,96.5,42.4
2015,2,13,4.1,17.8,7.3,,69.9,92.3,39.9
2015,2,14,9.1,14.5,6.8,,86.2,95.7,56.4
2015,2,15,0.2,18.6,6,,73.4,96.7,40.2
2015,2,16,0,19.6,5.5,,63.1,94.2,29.4
2015,2,17,1.2,17.6,6.6,,62.2,86,39.4
2015,2,18,0,19.3,5.3,,38.7,84.7,8.8
2015,2,19,0,16.2,0.6,,41.1,71.1,19.1
2015,2,20,0,17.4,1.8,,37.1,60.2,19
2015,2,21,0,17.1,4.1,,52.8,71.2,34.1
2015,2,22,7,18.9,6,,57.7,90.8,26.5
2015,2,23,0,17,5.8,,64.7,90.4,42.6
2015,2,24,0,18.4,5.5,,56.9,88.8,26.2
2015,2,25,0,19.9,5.8,,45.8,72.4,19.8
2015,2,26,0,19.7,6.4,,48.6,75.5,17.3
2015,2,27,7.8,17.2,6.3,,61.6,86.7,38.1
2015,2,28,0,15.8,4.8,,68.9,93.2,35.9
2015,3,1,0,18.2,6.5,,60.4,81.7,34.8
2015,3,2,0.1,19,5.6,,57.1,80.7,29
2015,3,3,4.5,19,5.8,,62.6,82.3,32
2015,3,4,0.4,16.9,6.3,,68.1,95.8,40.2
2015,3,5,0,17.8,5.4,,72.9,95.2,36.3
2015,3,6,1.4,17.2,7.3,,66.4,94.4,36
2015,3,7,0.6,18.4,7.3,,67.5,94.4,34.3
2015,3,8,0.3,17.6,7.4,,69.8,93.4,35
2015,3,9,0,18.8,5.5,,64.8,95.4,31.4
2015,3,10,0,19.4,6.6,,57.1,86,30.5
2015,3,11,17.6,19,5.5,,63.1,87.6,30.3
2015,3,12,1.5,20.4,5.3,,63,87.4,27.4
2015,3,13,3.2,20.8,5.3,,57.5,85.5,24.8
2015,3,14,0,19.3,6,,54.4,80.4,31.4
2015,3,15,35.9,18.9,4.6,,65.4,86.8,32.6
2015,3,16,1.9,17.8,5.3,,72.5,88,39.6
2015,3,17,2.4,17.1,6.4,,70.5,96,37.6
2015,3,18,0,16.5,4.7,,62.1,90.4,32.5
2015,3,19,0.1,17.1,5.3,,62.8,83.7,35.9
2015,3,20,0,16.9,6.3,,64.6,88.2,40.9
2015,3,21,0,15.8,3.8,,63.3,90.4,36.3
2015,3,22,0,17.9,3.1,,56.1,88,29
2015,3,23,1,17.2,5.2,,60.1,90.5,30.1
2015,3,24,0,16.4,2.8,,62.9,96.8,23.8
2015,3,25,2.2,14.8,6,,71.8,92.8,42.6
2015,3,26,0,13.9,5.2,,65.3,94.7,41.4
2015,3,27,0,14.9,4.1,,49.4,68.9,27.7
2015,3,28,0,16.5,-0.1,,34.9,65.8,7.2
2015,3,29,0,17.5,1.1,,28.1,59.7,12.4
2015,3,30,0,16.8,2.8,,18,31.6,8.8
2015,3,31,0,17.1,3.7,,29.1,62.7,13.7
2015,4,1,0.7,15.8,6,,62.7,79.7,35.7
2015,4,2,11.9,17.7,5.4,,63.2,90.8,35.8
2015,4,3,0,18.3,4.5,,53.2,90.8,17.5
2015,4,4,0,20.6,1.8,,27.1,44.2,10.5
2015,4,5,0,19.1,3.9,,33.5,68.9,13.1
2015,4,6,0,18.2,4.9,,51,78.2,20.3
2015,4,7,8.9,17.2,5.6,,59.2,92.6,25.3
2015,4,8,0.4,14.7,5.4,,78.1,91.8,50.9
2015,4,9,0,14,4.9,,74.4,92.7,42.7
2015,4,10,0.4,13.8,3.6,,71.5,92.3,43.7
2015,4,11,3.3,14.1,5.6,,73.8,94,46.4
2015,4,12,0.1,13.3,4.8,,73.9,95.2,48.1
2015,4,13,0,16.9,4.3,,47.8,84.1,17.5
2015,4,14,0,16.7,3.3,,36.5,66.4,17.4
2015,4,15,0,16.2,2.2,,44,80.2,19.3
2015,4,16,0,15.8,1.9,,32.4,50.2,21.6
2015,4,17,0,16.2,1.5,,31.3,44.1,22.4
2015,4,18,1.4,16.6,4.3,,53.6,82,31.2
2015,4,19,0,16.6,3.6,,39,58.2,16.4
2015,4,20,0,16.1,2.1,,41.7,67,22.7
2015,4,21,0,15.2,2.4,,66.7,94.4,41.8
2015,4,22,0,15.8,3.7,,63.3,91,33
2015,4,23,0,16.8,5.1,,62.5,86.9,33.4
2015,4,24,7.8,15.4,5.7,,68.8,92,45
2015,4,25,0,15.5,5.6,,71.2,93.6,46.4
2015,4,26,5.8,16.2,5.9,,68.1,85.5,40.5
2015,4,27,0,16.9,5,,65.2,89.3,29.6
2015,4,28,0,15.9,2.3,,64.5,94.1,34.5
2015,4,29,0,15.7,4.5,,56.4,86.8,24.1
2015,4,30,0,16.7,1.4,,47.7,83.5,16.9
2015,5,1,0,16.7,4.3,,46.7,84.6,19.9
2015,5,2,0,14.7,-2.9,,22.7,43.8,5
2015,5,3,0,13,-4.5,,22.3,49.8,7.2
2015,5,4,0,14.7,-2.7,,22.1,41.7,8.4
2015,5,5,0,14,-3.9,,20.1,38.6,8.6
2015,5,6,0,16.6,0.1,,30.3,49.8,17.2
2015,5,7,0,13.8,2.7,,46.5,72,33.5
2015,5,8,0,15.1,-1.2,,35.1,60.3,15.1
2015,5,9,0,15.5,-0.8,,31.8,55.5,12.3
2015,5,10,0,15.2,-2,,28.6,50.7,12.1
2015,5,11,0,15.7,-1.6,,25,34.8,10.9
2015,5,12,0,16.7,-1,,28.9,59.2,10.4
2015,5,13,0,14.7,-1.3,,25.3,41.5,11.1
2015,5,14,0,14.2,-1.7,,23.3,46.2,9.2
2015,5,15,0,12.3,-2.9,,28.8,46.5,15.8
2015,5,16,0,9.3,0.5,,33.5,63.2,16.6
2015,5,17,0,13.8,-0.9,,46.1,75.2,26.9
2015,5,18,0,12.6,-3.8,,29.6,49.6,16.1
2015,5,19,0,14.3,-2.2,,24.7,46.6,7.5
2015,5,20,0,14.5,-2.4,,16.7,34.4,5.1
2015,5,21,0,15.1,-4.6,,13.7,25.6,5
2015,5,22,0,14.1,-2.6,,20.1,39.4,11.3
2015,5,23,0,13.6,-4.9,,23.4,47,8.9
2015,5,24,0,15,-4.4,,20,33.7,12.1
2015,5,25,0,14.8,-2.1,,22.2,53.5,14.8
2015,5,26,0,11.2,-1.8,,53,92.1,25
2015,5,27,0.1,11.8,-3.8,,60,96.6,23.8
2015,5,28,0,13.7,-5.7,,34.8,67.8,7.2
2015,5,29,0,15.2,-3.9,,19.7,55.4,4.5
2015,5,30,0,16,-4.7,,12.4,25.6,3.8
2016,4,1,,,,,,,
2016,4,2,,,,,,,
2016,4,3,,,,,,,
2016,4,4,,,,,,,
2016,4,5,,,,,,,
2016,4,6,,,,,,,
2016,4,7,,,,,,,
2016,4,8,,,,,,,
2016,4,9,,,,,,,
2016,4,10,,,,,,,
2016,4,11,,,,,,,
2016,4,12,,,,,,,
2016,4,13,,,,,,,
2016,4,14,,,,,,,
2016,4,15,,,,,,,
2016,4,16,,,,,,,
2016,4,17,,,,,,,
2016,4,18,,,,,,,
2016,4,19,7.6,,,,,,
2016,4,20,0,16.7,4.5,,59.9,96,17.7
2016,4,21,0,14.4,-0.1,,43.2,68.9,19.2
2016,4,22,0,17.4,4.5,,40.2,76.8,8.1
2016,4,23,0,16.1,-0.9,,25.2,52.6,8.7
2016,4,24,0,15.8,-0.6,,26.1,50.8,10.7
2016,4,25,0,15.7,-1.7,,30.6,53.1,12.4
2016,4,26,0,16.1,-1.2,,29.6,55.4,11
2016,4,27,0,16.7,0.3,,27.7,51.1,11.6
2016,4,28,0,17.3,-0.8,,24,46.8,9.2
2016,4,29,0,18.6,0.1,,22.1,37.7,11.6
2016,4,30,0,19.5,2.3,,25.4,53.7,8.2
2016,5,1,0,18.4,1.7,,20.7,35.1,9.5
2016,5,2,0,17.8,1.2,,21.2,40.2,10.6
2016,5,3,0,18.1,1,,24.4,49.5,11.3
2016,5,4,0,17.4,0.5,,30.8,55.5,10.6
2016,5,5,0,15.7,2,,24.1,49.5,16.7
2016,5,6,0,16,-1.6,,33,62.8,14.6
2016,5,7,0,16.9,-0.4,,34.2,56.9,11.1
2016,5,8,0,15.5,-1.8,,31.7,59.2,9.4
2016,5,9,0,14.8,-1.4,,29.9,51,12.3
2016,5,10,0,15.3,-1.3,,30.1,48.1,13
2016,5,11,0,15.1,-2.4,,28.7,46.6,12.3
2016,5,12,0,15.6,-1.9,,29.4,51.2,11.6
2016,5,13,0,16.9,-1.4,,24.5,40.5,13.4
2016,5,14,0,17,2.7,,28.9,45.4,16.6
2016,5,15,0,17.2,-1.4,,29.6,54.9,8.6
2016,5,16,0,17.1,-3.1,,17.6,33.3,6.3
2016,5,17,0,15.4,-3.7,,17.3,34.4,7.5
2016,5,18,0,14.8,-4.5,,18.8,38.1,6.7
2016,5,19,0,15,-4.7,,16.4,36.8,5.8
2016,5,20,0,15.6,-4,,11,20.8,6.2
2016,5,21,0,15.6,-3.1,,11,18.8,5.6
2016,5,22,0,16.6,-4.2,,14.8,24.9,6.7
2016,5,23,0,17,-3.2,,20.8,43,7.8
2016,5,24,0,16.6,-1.6,,12.4,20.7,7.6
2016,5,25,0,14.8,0.9,,18,27.7,11.6
2016,5,26,0,12.7,-2.6,,25.2,44,12
2016,5,27,0,14.2,-3.9,,25.2,42.7,6.3
2016,5,28,0,14.4,-3.9,,20.4,36.8,7.9
2016,5,29,0,14.4,-4,,20.8,35.3,10.5
2016,5,30,0,13.5,-3.5,,21.3,38.4,9.2
2016,5,31,0,14.3,-5.6,,19.9,34.8,7.3
2016,6,1,0,14.2,-4.5,,16.8,36.3,5.9
2016,6,2,0,14.3,-4.9,,12.8,23.4,5.6
2016,6,3,0,14.3,-4.6,,12.7,22.4,6
2016,6,4,0,13.9,-6.5,,10.2,21.5,5.1
2016,6,5,0,15.4,-4.2,,12,19.2,6.9
2016,6,6,0,13.6,-3.1,,16,24.3,11.5
2016,6,7,0,13.5,-4.2,,20.8,32.9,10.1
2016,6,8,0,12.8,-6.1,,22.5,49.9,7.4
2016,6,9,0,13.4,-5.5,,14.5,33.5,4.4
2016,6,10,0,13.6,-2.5,,12.4,22.8,8
2016,6,11,0,12.9,-3.2,,27.1,43.4,17.7
2016,6,12,0,15.6,-2.8,,27.7,43.8,17.1
2016,6,13,0,15.5,-0.2,,34.5,51.8,20.6
2016,6,14,0,14.6,-1.4,,33,53.6,15.6
2016,6,15,0,16.1,-2.1,,23.8,37.2,9.4
2016,6,16,0,15.4,-3.5,,18.3,44.9,6.8
2016,6,17,0,15.7,-2,,21.5,71.1,5.4
2016,6,18,0,13.2,-4.9,,9.8,20.5,5.2
2016,6,19,0,13.8,-4.6,,11.7,18.9,6
2016,6,20,0,12.1,-6.5,,13.3,21.3,5.9
2016,6,21,0,12.9,-6.2,,12,20.6,5.1
2016,6,22,0,13,-7.4,,14,27,5.9
2016,6,23,0,13.3,-6.1,,12.8,23,6.7
2016,6,24,0,14.9,-5.5,,14.5,22.5,7.7
2016,6,25,0,14.8,-1,,19.4,35.3,6.9
2016,6,26,0,14.2,-4.8,,22.4,56.4,8.4
2016,6,27,0,13.8,-3.4,,30.5,79.2,14.2
2016,6,28,0,8.3,-0.1,,44.1,97.5,23
2016,6,29,3.8,9.8,-2.5,,78.4,100,32.2
2016,6,30,0,13,-4.4,,44.9,77.5,19.6
2016,7,1,0,14.3,-3,,33,56.8,17.7
2016,7,2,0,13.9,-2.1,,34.7,49.9,19.6
2016,7,3,0,13.9,0.4,,49.7,80,16.9
2016,7,4,0,13,-0.1,,47,86.2,17.9
2016,7,5,0,13.5,-3.4,,23.2,50.5,5.6
2016,7,6,0,12.4,-5,,14.8,26.9,7.7
2016,7,7,1.2,12,-3.3,,28.8,58.4,11.2
2016,7,8,2.8,10.2,-2.2,,74,96.6,39.4
2016,7,9,0,13.3,-4.8,,46,76.4,15.8
2016,7,10,0,14,-4.7,,33.5,65.6,7.2
2016,7,11,0,14,-5,,31.3,66,9.5
2016,7,12,0,15.6,-3.9,,18.8,41.6,4.1
2016,7,13,0,15.1,-3.8,,13,23.7,5.2
2016,7,14,0,15,-4,,9.4,17.8,5
2016,7,15,0,14.7,-3.4,,9.3,13,6.1
2016,7,16,0,14.4,-6.2,,8.9,13.7,4.9
2016,7,17,0,15,-4.3,,30,80.8,6.9
2016,7,18,0,15.3,-2.9,,14.9,21.2,9.8
2016,7,19,0,14.8,-0.1,,21,29.5,15.8
2016,7,20,0,14.4,-1,,22.2,37.4,13.8
2016,7,21,0,15.2,-1.7,,20.3,34.5,11.4
2016,7,22,0,15.4,-3,,16.6,25.7,8.8
2016,7,23,0,14.9,-3.3,,11.9,22.6,6.7
2016,7,24,0,16.4,-2.8,,11.9,21.9,6.8
2016,7,25,0,14.8,-2.3,,9,16.5,2.8
2016,7,26,0,14.8,-4,,5.9,9.5,3.8
2016,7,27,0,15.8,-3.7,,30.6,69.8,5.9
2016,7,28,0,16.5,-3.7,,14.3,29.5,5.3
2016,7,29,0,16.8,-4.3,,11.2,23.7,5.8
2016,7,30,0,17.4,-0.4,,17.4,39.1,4.6
2016,7,31,0,16.6,-3.8,,10.9,21,5.6
2016,8,1,0,15.9,-2.6,,14.6,23.5,9.1
2016,8,2,0,15.7,-4,,17,33.2,9.1
2016,8,3,0,16.6,-2.3,,17.4,32.2,9.1
2016,8,4,0,16.5,1.4,,18.3,26.8,10.5
2016,8,5,0,16.9,-0.1,,18.8,32.1,9.1
2016,8,6,0,18.6,-3.3,,25.8,46.6,9.8
2016,8,7,0,17,0.8,,38.5,81.5,12.9
2016,8,8,0,15.8,-4.2,,18.9,36.6,3.8
2016,8,9,0,16.4,-2.9,,16.1,36.1,7.4
2016,8,10,0,14.2,-2.3,,18.7,30,7.9
2016,8,11,0,13.7,-4.1,,17.6,29.5,7.9
2016,8,12,0,14.7,-4.7,,18.7,36.9,5.2
2016,8,13,0,15.9,-7.8,,15.7,32.1,5.2
2016,8,14,0,15.2,-4.7,,8.2,17.7,3.5
2016,8,15,0,14.8,-3.1,,6.4,11.6,2.8
2016,8,16,0,16.6,-4.3,,9,18,4
2016,8,17,0,17.7,-4.5,,6.2,15.6,3.2
2016,8,18,0,16.3,-2.7,,31.5,76,7.7
2016,8,19,0,14.4,-1.5,,8.5,14.5,4.7
2016,8,20,0,12.9,-6.5,,7.9,15.8,2.8
2016,8,21,0,15.5,-5.9,,14.1,40.3,5.5
2016,8,22,0,16.1,-2.3,,22,50.3,5
2016,8,23,0,17,-1.4,,16.7,39.2,9.4
2016,8,24,0,16.9,-0.4,,19.5,32.7,9.6
2016,8,25,0,16.6,-1.5,,21,37.3,10.1
2016,8,26,0,17.1,-1.7,,17.1,35.3,8.2
2016,8,27,0,16,-0.2,,21.5,32,13.4
2016,8,28,0,14.5,-1.2,,25.5,48.9,9.9
2016,8,29,0,11.5,-5.9,,15.1,38.1,3.7
2016,8,30,0,12.5,-8.3,,7.3,14.6,2.1
2016,8,31,0,16,-6.3,,8.3,23.6,3.5
2016,9,1,0,17.3,-3.3,,13,28.2,6
2016,9,2,0,13,0.6,,32.2,64.6,20.1
2016,9,3,0,13.7,-5.3,,19.6,50.4,7.9
2016,9,4,0,14.1,-5.6,,21.3,36.7,5.8
2016,9,5,0,12.6,-4.6,,23.3,52.4,6.5
2016,9,6,0,16.1,-5.7,,15.6,34,5.5
2016,9,7,0,17.1,-2.8,,10.5,17.2,3.7
2016,9,8,0,15.8,-4.7,,8,15.1,3.7
2016,9,9,0,18.1,-3.1,,18.4,48.2,6.4
2016,9,10,0,19.6,0.7,,21.1,51.3,8.5
2016,9,11,0,20.5,1.2,,23.8,52.1,6.8
2016,9,12,0,21.9,0.1,,7.4,14.9,2.4
2016,9,13,0,22.2,2.5,,9.7,56.3,2.7
2016,9,14,0,20.8,3.4,,30.1,69.3,3.7
2016,9,15,0,20.1,-0.4,,7.2,13.5,3.8
2016,9,16,0,19.5,-0.8,,8.3,20,4.6
2016,9,17,0,20.2,-0.6,,22.2,58.3,6.8
2016,9,18,0,19.4,2.4,,34.3,64.7,9.4
2016,9,19,0,16.1,0.8,,54.7,78.4,21
2016,9,20,0,14.1,1.2,,60.3,93.3,25.4
2016,9,21,0,16.5,-0.1,,50,88.4,14.5
2016,9,22,0,18.2,-0.2,,42.2,80.9,13
2016,9,23,18.4,17.4,2.8,,50.2,89.8,23.3
2016,9,24,0,18,3.4,,59.1,94.4,17.1
2016,9,25,0,18.1,0.9,,28.7,71.9,6.2
2016,9,26,0,19.2,0.1,,24.3,56,7.3
2016,9,27,0,18.8,3.1,,31.6,57.4,9.8
2016,9,28,0,19.9,5,,29.4,52.3,9.9
2016,9,29,0,19.8,4.8,,21.9,36.9,11
2016,9,30,0,18.4,2.6,,9.6,20.3,4.2
2016,10,1,0,19.1,4.3,,36.5,83.1,7.3
2016,10,2,0,17.9,5.2,,50.1,88.3,24.9
2016,10,3,2.6,17.2,6.2,,47.5,75.9,15.4
2016,10,4,0,17.1,-0.5,,10.3,32,2.8
2016,10,5,0,17.4,-2.2,,8.9,18,2.7
2016,10,6,0,17.4,-2,,10.5,22.3,2.5
2016,10,7,0,17.3,-2.2,,10.1,20.5,4
2016,10,8,0,18.1,-0.5,,20.4,51.2,6.3
2016,10,9,0,19,2.8,,39.3,73.7,8.6
2016,10,10,0,17.9,0.7,,39.1,68.5,12.1
2016,10,11,0,17.7,0.3,,33.2,83.5,9.1
2016,10,12,0,18.4,0.3,,21.7,46.7,4.4
2016,10,13,0,18.3,-2.9,,7.3,11.5,3.3
2016,10,14,0,19.7,-2.9,,10.3,16.5,4.9
2016,10,15,0,18.9,0.5,,8.8,15.8,4.5
2016,10,16,0,18.1,0.9,,6.4,11.6,3.6
2016,10,17,0,17.5,3.5,,23.3,63,7.1
2016,10,18,0,18.5,0.2,,18.8,56.8,6.8
2016,10,19,0,18.9,-2.2,,16.2,49.8,5
2016,10,20,0,16.7,3.9,,54.9,77.2,25.3
2016,10,21,0,18.2,3.7,,42.3,83.6,9
2016,10,22,0,18.4,0.2,,19.6,33.6,9.3
2016,10,23,0,19.4,2.4,,20.8,43.6,8.4
2016,10,24,0,19.9,2.3,,19,43.3,6.8
2016,10,25,0,19.5,1.1,,10.6,24.6,5.8
2016,10,26,0,17.7,0.4,,10.2,21.3,2.9
2016,10,27,0,17.6,1.2,,30.2,54.1,14.5
2016,10,28,17.8,18,2.6,,52.5,94.6,22.8
2016,10,29,1.8,15.5,3.1,,74.9,96.1,39
2016,10,30,0,18.1,2.7,,44.4,91.9,7.2
2016,10,31,0,18.1,-0.9,,14.3,30.1,4.1
2016,11,1,0,18.4,0.2,,15.4,39,4.1
2016,11,2,0,18.5,-1.4,,12.6,26.5,4.5
2016,11,3,0,18.2,-0.8,,16.6,46.5,3.6
2016,11,4,0,18.6,2.7,,27.6,54,6.6
2016,11,5,0,19.7,2.4,,24.2,52.6,5.2
2016,11,6,0,20.4,3.2,,26.6,49.6,12.4
2016,11,7,0,20.1,3.4,,20,47.9,9
2016,11,8,0,20.3,3.8,,39.6,74.8,7.5
2016,11,9,0,20.1,2.6,,29.7,64.6,5.9
2016,11,10,0,19.1,5.2,,33.3,65.6,13.2
2016,11,11,0,18.7,4.6,,18.1,30.6,6.7
2016,11,12,0,17.6,0.6,,14.9,31.3,3.9
2016,11,13,0,17.1,-1.3,,12.2,25.9,2.1
2016,11,14,0,18.4,-0.3,,11.9,26.2,2.8
2016,11,15,0,18.2,-1.2,,11.9,23,3.2
2016,11,16,0,17,-1.8,,15,36.2,4.2
2016,11,17,0,19,0.3,,11.6,44.2,3.4
2016,11,18,0,20.6,5.4,,43.4,76,15.6
2016,11,19,0,20.4,2.6,,14.7,27,6.7
2016,11,20,0,18.4,3.3,,9.5,20,5
2016,11,21,0,17.9,-0.3,,13.7,27.9,6.8
2016,11,22,0,19.7,0.9,,17.1,36.2,5.2
2016,11,23,0,19.9,-0.8,,12.7,23.8,4.5
2016,11,24,0,20.1,-0.4,,11.6,21.3,6.8
2016,11,25,0,20.6,4.6,,11.4,19.2,7.8
2016,11,26,0,19.8,4.2,,12.8,19.2,6.9
2016,11,27,0,20.3,4.1,,28.5,62.6,13
2016,11,28,0,18.8,5.3,,31.9,59.3,20.9
2016,11,29,7,18.2,4,,59.5,91.6,27.5
2016,11,30,0,17.1,4.6,,61.1,83.2,27.6
2016,12,1,1.8,19.7,2.8,,59.8,86.3,20
2016,12,2,0,20.1,2.7,,41.2,91.4,8.1
2016,12,3,0,19,2.6,,36.4,65.8,20.8
2016,12,4,0,19.6,3.6,,49.9,81.1,19.2
2016,12,5,0,21.2,3.9,,54.9,92.5,18.9
2016,12,6,0,21.3,5.2,,45.2,75.9,18.2
2016,12,7,0,20.1,6.9,,44.9,72.6,21.1
2016,12,8,0,19.5,3.7,,49.3,85.1,18.2
2016,12,9,0,19.5,1.6,,18.7,38.6,8.9
2016,12,10,0,18.1,0.9,,14.6,28.4,4.9
2016,12,11,0,18.6,0.2,,14.2,29.7,7.3
2016,12,12,0,19.7,3.7,,31.7,91.2,4.2
2016,12,13,0,20.6,1.1,,15.1,51.9,7.7
2016,12,14,7.8,17.8,6.1,,58.1,94.6,26.3
2016,12,15,0,20.1,4.9,,53.8,94.1,18.8
2016,12,16,0,21.6,6.9,,38.5,59.8,16.7
2016,12,17,0,22.2,7,,34.9,57.8,17.4
2016,12,18,0,23.3,7.4,,39.2,64.1,13.3
2016,12,19,0,22.6,6.4,,38.3,65.3,6.2
2016,12,20,0,20.5,6.7,,42.9,69.2,19.2
2016,12,21,0,21.3,5.8,,49.2,70.6,16.6
2016,12,22,0,21.1,4,,39,73.6,10.7
2016,12,23,0,21.3,5.5,,34,69.1,12.3
2016,12,24,1.8,22,6.7,,44,77.3,15.5
2016,12,25,5.4,22.5,6.5,,46.7,77.5,17.4
2016,12,26,0,20.7,5.3,,44.3,88.9,15.5
2016,12,27,0,20.8,7.2,,31.4,69.5,10.6
2016,12,28,13.6,18.8,7.1,,63.8,94.2,31.7
2016,12,29,14.8,18.4,7.4,,68.2,94.2,34.5
2016,12,30,2,14.3,6.9,,80.6,96.3,60.7
2016,12,31,17.6,15.2,7,,79.8,95.5,52.4
2017,1,1,0,18.4,5.6,,71.7,99.5,34.3
2017,1,2,0,18.7,4.8,,57.1,93.4,26.4
2017,1,3,0,18,7.9,,56,82,31.6
2017,1,4,0,20.4,6.8,,56.4,84.1,23.2
2017,1,5,24.6,18,6.6,,70.1,93.4,32.4
2017,1,6,14.8,13.3,6,,88.2,96.1,70.5
2017,1,7,32.6,12.2,6.2,,88.2,97,71.9
2017,1,8,6.2,13.2,6.2,,89.1,98.5,65.9
2017,1,9,0,14.9,6.3,,79.5,98,54.7
2017,1,10,3,16.6,4.7,,74.6,96.5,42
2017,1,11,0,15.2,7.1,,78,96.1,49.8
2017,1,12,2.8,16.5,5.6,,77,98.9,42.3
2017,1,13,0,18,6.9,,67.2,95.4,36.3
2017,1,14,0,17.7,6.1,,55.9,86.7,27.6
2017,1,15,3,18.8,5.9,,62.7,85,33.3
2017,1,16,4.8,14.1,6.4,,78.2,94.8,54.6
2017,1,17,0,18.2,7.3,,59,87.6,27.8
2017,1,18,0,19.9,7.1,,52.2,83.8,20.1
2017,1,19,0,19.6,7.2,,44.9,81.1,19.8
2017,1,20,0,19.3,3.8,,34.3,62.5,12.3
2017,1,21,0,19.3,4.2,,37.3,62.6,17
2017,1,22,0,19.1,4.9,,45.5,70.9,22
2017,1,23,0,19,7.5,,54.6,86.5,17.2
2017,1,24,0.2,18.3,4.3,,53.6,85.8,25.1
2017,1,25,35.8,14.7,5.9,,75.7,95.8,40.1
2017,1,26,2,15.8,4.4,,70.8,98.8,36
2017,1,27,9.8,16.2,6.8,,72,89.6,36.9
2017,1,28,0,17.1,4.8,,64.8,94.8,27
2017,1,29,0,18.1,3.2,,43.1,83.6,13.6
2017,1,30,0,20,5.8,,37,65.5,16.2
2017,1,31,0,19.7,5.6,,37.1,55.4,14.4
2017,2,1,0,18.7,5.4,,34.7,59,12.3
2017,2,2,0,19.6,5,,39.5,67.1,11.4
2017,2,3,0,20.7,3.9,,44,77.6,14.1
2017,2,4,0,20.8,4.3,,29.4,63,5.1
2017,2,5,0,20.7,4.8,,33.6,63.9,8.4
2017,2,6,0,20.8,6,,50.5,82.3,10.5
2017,2,7,0,22.3,6.5,,45.3,82.9,11.4
2017,2,8,0,22.8,4.4,,31.2,68.3,14.1
2017,2,9,0,21.7,7,,39.3,73.6,14.9
2017,2,10,0,22.6,6.2,,38.2,67,17.1
2017,2,11,0,19.7,4.5,,20,39.4,6
2017,2,12,0,20.5,2.8,,31.2,64,11.4
2017,2,13,0,20.2,4.7,,50.4,81.4,16.4
2017,2,14,0,21.3,5.4,,47.8,76.4,17.9
2017,2,15,0.4,19.2,5.3,,49.5,80.8,23.3
2017,2,16,1.4,20.8,4,,50.9,82.5,21
2017,2,17,*,19.2,5.1,,70.1,99,31.1
2017,2,18,2.2,15.3,4.2,,81.3,99.6,53.6
2017,2,19,15.4,15.1,6,,77.6,98,47.9
2017,2,20,1,16.4,5.9,,76,98.6,48.4
2017,2,21,1.8,16,6.9,,69.7,94.6,39.7
2017,2,22,0,14.8,4.9,,62.6,87.2,40.3
2017,2,23,5,16.7,4.1,,61.3,88.6,34.5
2017,2,24,4.6,17,6.8,,70.4,91.1,35.1
2017,2,25,40.4,13.4,5.7,,83.4,96.9,57.3
2017,2,26,*,15.1,5.3,,83.3,97.9,48.5
2017,2,27,22,14.3,5.4,,85.7,99.6,58.9
2017,2,28,8,12.7,6.3,,90,97.5,67.3
2017,3,1,18.6,13.9,5.7,,83.3,98.6,58.6
2017,3,2,0.2,13.5,6.1,,84.3,97.9,58.4
2017,3,3,0,16,6.6,,70.4,89.5,46.4
2017,3,4,0,17.6,4.8,,63.7,86.1,35.3
2017,3,5,0.2,16.2,6.4,,73.7,94.3,47.7
2017,3,6,0,17.6,7.5,,69.2,91.6,37.8
2017,3,7,0,17.2,5.5,,66.9,90.5,40.2
2017,3,8,0,18.1,5.8,,64,88.6,37.4
2017,3,9,0.8,20.2,6.8,,60.1,88,32.3
2017,3,10,0,18.7,6.5,,64.7,90.4,33.5
2017,3,11,0,18.2,5.2,,62.4,86.8,28.1
2017,3,12,0,19.1,5.5,,58.7,88.8,27
2017,3,13,0,18.2,6.2,,57.8,82.5,29.1
2017,3,14,0,18.5,6.2,,56.7,82.3,29.3
2017,3,15,29.8,18.2,5.8,,65.8,94.3,31.1
2017,3,16,1.8,14.5,6.1,,76.9,93,52.6
2017,3,17,0,16.2,6.6,,63.5,92.4,32.8
2017,3,18,0,17.4,5.2,,60.7,87.8,26.6
2017,3,19,0,17.8,5.2,,54.7,83.8,25.8
2017,3,20,0,18.2,5.2,,54.5,84.3,25.8
2017,3,21,8.2,17.5,4.9,,54.7,84,27.1
2017,3,22,0,17.2,6.5,,62.9,84.5,35.5
2017,3,23,0,14.7,6.8,,71.7,89.7,42.4
2017,3,24,0,16.9,5.4,,71.1,95,39.1
2017,3,25,4.2,18.4,5.7,,64.3,88.8,33.5
2017,3,26,0,18.5,4.5,,63.8,92.2,22.9
2017,3,27,0,16.2,4,,56.3,77.6,36.2
2017,3,28,0.2,17,5.4,,61.4,88.5,32
2017,3,29,18.4,17.5,7.1,,66.9,92.9,36.1
2017,3,30,9.4,16.5,6.2,,77,93.3,47.9
2017,3,31,8.8,14.5,7.6,,81.6,92.9,57.4
2017,4,1,1.4,14.3,6.4,,80.9,92.4,62.1
2017,4,2,4,17.9,5.6,,66.3,91.6,33.8
2017,4,3,0,18.6,3.8,,44.9,74.7,27.1
2017,4,4,0,16.6,2.2,,29.5,53.4,8.9
2017,4,5,0,17.6,-0.2,,30.2,62.7,10.1
2017,4,6,0,17.6,3.2,,40.1,67.4,20.5
2017,4,7,0,19.1,2.5,,31.6,54.6,16.8
2017,4,8,0,18,1.8,,35.4,54.2,22
2017,4,9,0,18.5,3.2,,29.5,45.1,19.3
2017,4,10,0,18,1.3,,25.9,56.6,12.9
2017,4,11,0.8,16.9,4.1,,58.7,81.4,25.5
2017,4,12,3.2,17.3,5.6,,66,91.1,36.2
2017,4,13,0,18.2,4.9,,61.8,91.2,28.9
2017,4,14,0,18.1,4.7,,48.6,80.7,24.5
2017,4,15,0,18.9,3,,43.5,66.8,22
2017,4,16,0,18.2,4.2,,41.2,63,18.7
2017,4,17,0.4,16.5,4.5,,57.1,83,35.3
2017,4,18,0,18.5,3.4,,48.7,89.4,9.6
2017,4,19,0,15.4,0.1,,42,74.4,16.1
2017,4,20,0,15.8,-2.4,,35.3,58.8,11.3
2017,4,21,0,17.6,-0.5,,32.4,58.2,11.7
2017,4,22,0,18.5,1.7,,37.1,63.4,15
2017,4,23,0,18.2,3,,44.3,81.3,18.6
2017,4,24,0,18.6,2.4,,33.1,71.8,17
2017,4,25,0,14.9,1.5,,21,37.1,9.9
2017,4,26,0,16.9,-3.6,,26.9,52.7,11.2
2017,4,27,0,16.2,1.4,,18.7,27,11.3
2017,4,28,0,16.6,0.1,,21.2,28.3,14.4
2017,4,29,0,14.1,3.3,,36.6,75.3,21
2017,4,30,0,16.2,3.1,,56.9,88.7,18.4
2017,5,1,0,15.1,-2.5,,31.2,62,12.5
2017,5,2,0,16.2,-2.4,,18,42.8,5.1
2017,5,3,0,15.6,-1.8,,15,29.8,9.4
2017,5,4,0,17.3,0.7,,33.2,70.1,9.1
2017,5,5,0,15.9,-2.7,,20.4,32,10.9
2017,5,6,0,16.4,-1.5,,22.8,44.9,13.4
2017,5,7,0,16.1,-0.4,,25.9,42.4,15.5
2017,5,8,0,15.6,-2.3,,26.9,45.7,10
2017,5,9,0,16.3,-1.3,,23.9,34.1,15.3
2017,5,10,0,16.1,3.1,,30.8,43,24.1
2017,5,11,0,15,0.2,,35.2,55.9,21
2017,5,12,0,17.2,-2.9,,39.4,64.4,9.9
2017,5,13,0,15.8,-2.8,,31.7,64.7,8.3
2017,5,14,0,16.5,-4.2,,20.1,40.6,5.6
2017,5,15,0,15,-4.9,,15.8,25.5,9
2017,5,16,0,15.2,-2.6,,20.7,35.6,10.3
2017,5,17,0,15.9,-1,,29.4,48.2,14
2017,5,18,0,13.6,-2.1,,29.9,53.8,11.2
2017,5,19,0,14.7,-5.4,,26.7,48.8,8.8
2017,5,20,0,14.6,-3.4,,26.3,50.5,7.8
2017,5,21,0,13.9,-2.9,,19.4,33.4,9.1
2017,5,22,6.2,13.7,1,,39.1,95.1,11.5
2017,5,23,0.8,10.7,2,,71.9,89.1,42.5
2017,5,24,0.6,12.4,2.6,,77.7,94.7,51.8
2017,5,25,10.8,14.5,3.6,,71.6,93.6,28.6
2017,5,26,0,10.9,1.6,,80.5,97.9,57.9
2017,5,27,0,14.1,2.4,,66.1,95.2,36.6
2017,5,28,0,12.3,-0.5,,53.4,72.2,38.7
2017,5,29,0,12.9,2.4,,68,85.8,39.5
2017,5,30,0,10.3,1.2,,70.1,95.4,26.9
2017,5,31,0,13.2,-4.9,,43.6,74,5.9
2017,6,1,0,13.6,-4.6,,28.4,54.3,5.8
2017,6,2,0,13.8,-5.1,,28.1,53.6,8.6
2017,6,3,0,14.8,-2.2,,20.5,42.5,13.1
2017,6,4,0,16.5,-0.3,,30.6,43.8,17.1
2017,6,5,0,15,1.6,,40.2,59.5,25.7
2017,6,6,0,13.7,0.9,,57.3,85.1,31
2017,6,7,0,15.1,2.8,,60.3,87.6,26.9
2017,6,8,0,10.7,-2.6,,45.2,73.5,20
2017,6,9,0,9,-6.1,,37,68.6,11.5
2017,6,10,0,12.4,-3.9,,29.2,47.1,18.4
2017,6,11,0,13.2,-4.8,,24,49.6,8.5
2017,6,12,0,14.4,-5,,19.8,40.6,5.7
2017,6,13,0,11.6,-7.4,,19.2,32.7,8.8
2017,6,14,0,14,-4.7,,16.3,25.5,8
2017,6,15,0,14.4,-4.3,,11.3,19.5,6.2
2017,6,16,0,15.1,-5.8,,18.5,37.5,7.1
2017,6,17,0,15.5,-4.1,,14,22.1,5.8
2017,6,18,0,16.2,-4.4,,12.1,19.4,4.6
2017,6,19,0,15.1,-5,,13.9,31,5.4
2017,6,20,0,14.1,-5.7,,28.4,56.6,4.2
2017,6,21,0,13.4,-5.2,,15.5,36.5,6.3
2017,6,22,0,13.9,-6.1,,13.5,21.7,5.7
2017,6,23,0,13.6,-5,,15.3,22,8.8
2017,6,24,0,14,-2.7,,20.1,30.1,13.5
2017,6,25,0,13.6,-2.5,,24.3,35.2,16.6
2017,6,26,0,14.5,-2.3,,30.5,49.5,13.4
2017,6,27,0,13.1,-4,,28.7,53.2,12.7
2017,6,28,0,14.5,-3.1,,24.2,38.1,14.4
2017,6,29,0,13.6,-1.4,,26.2,33.8,18.7
2017,6,30,0,14,-0.7,,35.7,51,24.1
2017,7,1,0.6,13.3,1.7,,64.9,94.3,40.7
2017,7,2,0,12.9,1.3,,70.9,95.2,22.1
2017,7,3,0,11.6,-3.6,,55.8,93.4,14.2
2017,7,4,0,13.1,-7.1,,26.2,58.4,4.4
2017,7,5,0,14.5,-6,,12.2,22.4,5.5
2017,7,6,0,14.3,-6.8,,12,18.8,6.1
2017,7,7,0,13.2,-4.9,,15.5,23.1,9.2
2017,7,8,0,12,-3,,22.2,37.3,7.4
2017,7,9,0,14,-5.9,,21.2,41.3,6
2017,7,10,0,14.7,-5,,26.9,62.5,9.3
2017,7,11,0,14.7,-4.1,,31.9,61.9,10.6
2017,7,12,0,14.7,-2.7,,29,64.4,8
2017,7,13,0,15.6,-2.8,,14.5,25.2,5.4
2017,7,14,0,15.5,-2.8,,21.9,36.7,9.5
2017,7,15,0,14.4,-4.4,,21.2,32.7,10.6
2017,7,16,0,13.5,-4.2,,23.4,40.5,11.3
2017,7,17,0,16.9,-2.4,,30,81.6,12.1
2017,7,18,0,13.5,-2,,22.3,35.2,13.3
2017,7,19,0,14.4,-3.9,,16.3,28.3,6.5
2017,7,20,0,15,-5.1,,16.1,27.6,8.5
2017,7,21,0,16.5,-4.9,,17.6,46.2,5.4
2017,7,22,0,17.1,-2.1,,25.5,57.4,10.4
2017,7,23,0,14,-4.3,,23.8,36.7,13.1
2017,7,24,0,15.5,-6.8,,23.7,46.5,9.9
2017,7,25,0,15.9,-4.4,,15.2,28.4,6
2017,7,26,0,17,-1.4,,12.5,20.3,5.9
2017,7,27,0,16.5,-2,,20.3,34,10.2
2017,7,28,0,16,-3.6,,19.5,40.1,7.8
2017,7,29,0,16.4,-2.3,,12.7,21.1,5.8
2017,7,30,0,17.2,-3.8,,13,22.5,6.8
2017,7,31,0,15.9,-2.8,,15.5,24.7,9.5
2017,8,1,0,16.1,-0.8,,20.9,37.3,8.2
2017,8,2,0,14.8,-4.9,,18.4,32.4,9
2017,8,3,0,17.5,0,,36.6,87.3,6.1
2017,8,4,0,17,-1.6,,8.5,18.3,3.6
2017,8,5,0,16.5,-2.9,,6.6,12.8,4.2
2017,8,6,0,17.5,-4.2,,8.5,13.7,5.5
2017,8,7,0,17.3,-1.4,,9.7,14.8,6.7
2017,8,8,0,16.8,-2.2,,9.2,14.3,5.7
2017,8,9,0,17,0.6,,34.5,73.4,7.4
2017,8,10,0,16,-4,,19.9,43.8,6.9
2017,8,11,0,14.9,-4.6,,21.6,50,5.6
2017,8,12,0,13.2,-4.8,,14.3,25,5
2017,8,13,0,14.4,-7.2,,13.3,27.1,3.8
2017,8,14,0,14.7,-4.2,,9.7,15.6,4.9
2017,8,15,0,15.3,-6.4,,14.7,28.4,8.7
2017,8,16,0,14.9,-3.5,,23.4,37.3,10.1
2017,8,17,0,13.3,-3.2,,17.8,38.6,4.6
2017,8,18,0,12.6,-8.6,,15.3,36.7,3.6
2017,8,19,0,13.3,-6.6,,10.9,21,3.9
2017,8,20,0,14.6,-6.8,,8.5,13.1,4.1
2017,8,21,0,16.5,-2,,31.4,80.8,2.9
2017,8,22,0,16.3,-4.7,,12.6,38.2,3
2017,8,23,0,16.6,-4.9,,9.4,17.8,2.7
2017,8,24,0,18.1,-3.8,,19.6,57.1,4.8
2017,8,25,0,16.7,-3.5,,17.6,52,6.7
2017,8,26,0,16.5,-0.1,,16.1,26,5.1
2017,8,27,0,16.4,-3.1,,9.9,16.3,6.3
2017,8,28,0,17.5,-1.5,,17.9,42.5,7.4
2017,8,29,0,19.2,1.2,,21.4,51.5,10.1
2017,8,30,0,17.8,1.2,,26.2,49.6,7.7
2017,8,31,0,19.3,1.8,,35.7,69.1,8.8
2017,9,1,0,19.5,1.6,,29.4,60,10.8
2017,9,2,0,19.5,1.8,,38.3,71.9,9.6
2017,9,3,0,18.5,1.2,,38.1,64.6,17.2
2017,9,4,1.8,17.9,1.5,,53.2,92.4,19.7
2017,9,5,0,14.3,0.2,,66.1,94.8,34.4
2017,9,6,0,18.3,1.6,,50.6,86.7,15.6
2017,9,7,0,14.9,0.5,,51.7,83.8,25.3
2017,9,8,0,14,2.7,,48.2,85.5,13.3
2017,9,9,0,16.5,-4.6,,27.5,58.5,9.8
2017,9,10,0,16.9,-2.6,,21.7,39.6,6
2017,9,11,0,17,-2.9,,22.9,45.4,11.5
2017,9,12,6,15.6,3.7,,42.5,86.7,20.6
2017,9,13,0,15,4.6,,53.9,91.6,18.6
2017,9,14,0,17.3,0.1,,25.6,48.2,11.5
2017,9,15,3.2,11.3,4.5,,61.7,89.1,15.9
2017,9,16,0,9.3,2.9,,72.9,85.6,56.5
2017,9,17,0,17.2,2.6,,52.4,94.1,14.2
2017,9,18,0,17.4,-0.1,,26.5,67.8,5.4
2017,9,19,0,18.7,0.7,,10.3,19.9,5.9
2017,9,20,0,20.1,-0.3,,16.1,35.3,10
2017,9,21,0,20.2,3.4,,25.8,66.1,12.9
2017,9,22,0,20,4.4,,54.3,78.9,14.4
2017,9,23,0,18.1,0.9,,53.8,90,8.3
2017,9,24,0,16,-2.1,,26.3,75.6,2.3
2017,9,25,0,17.5,-2.2,,12.3,46.7,3.9
2017,9,26,0,16.3,0.1,,45.8,78.8,17.6
2017,9,27,0,16.4,2.3,,54.4,82.9,22.4
2017,9,28,0,15,0.7,,33.4,87.3,8.7
2017,9,29,0,16.5,-4.2,,13.9,29.4,5.3
2017,9,30,0,18.3,-1.4,,10.4,18.6,4.5
2017,10,1,0,14.9,-4.1,,12.6,26.4,5.5
2017,10,2,0,13.3,-6.1,,14.3,38.6,2.9
2017,10,3,0,16.1,-6.4,,11.5,26.8,4.2
2017,10,4,0,19.1,-1.9,,8.9,18.6,3.4
2017,10,5,0,19.7,-1.6,,8.3,21.4,2.3
2017,10,6,0,20.1,-1.1,,10.5,39.1,3.3
2017,10,7,0,20.3,2,,31.1,72.5,4.6
2017,10,8,0,20.3,-1,,8.9,25.8,3.4
2017,10,9,0,21,0.9,,24.4,60.6,7.2
2017,10,10,0,20.4,3.5,,39.9,74.2,11
2017,10,11,0,19,3.6,,41.4,77.1,13.2
2017,10,12,0,19.7,5.2,,26.6,67.5,11.1
2017,10,13,0,19.5,1.9,,19.7,30.1,13.6
2017,10,14,0,20.2,3.9,,30.9,64.6,13.8
2017,10,15,33.8,19.3,3.2,,67.4,96.7,25.2
2017,10,16,7.2,14.7,3.3,,80.1,95.3,40.7
2017,10,17,0,17.6,3.2,,62.2,96.4,21.4
2017,10,18,0,19.8,4.1,,43.8,81.6,10.7
2017,10,19,0,20,2.5,,42.3,80.7,10.6
2017,10,20,0,19,2.3,,27.6,77.4,5.6
2017,10,21,0,18.9,-0.3,,11.5,27.5,4.8
2017,10,22,0,19.4,4.2,,34.8,75.4,4.6
2017,10,23,0,19.5,3.3,,11.6,22.2,3.6
2017,10,24,0,19.1,2.7,,9.6,21.7,2.9
2017,10,25,0,19.6,1.7,,10.2,20.7,3.9
2017,10,26,0,19.7,1.7,,6.6,11.5,2.5
2017,10,27,0,19.9,1.9,,8.8,20.2,3.5
2017,10,28,0,18.5,2.1,,10.9,17.1,4.8
2017,10,29,0,18,-1.2,,10.9,21.2,4.7
2017,10,30,0,18.2,-0.4,,12.4,24.9,4.8
2017,10,31,0,17.1,-0.7,,19.2,34.9,4.9
2017,11,1,0,17,-1.3,,14.9,31.3,5.1
2017,11,2,0,20.3,0.1,,11.2,22.1,4.8
2017,11,3,0,19,3.6,,8.6,15.5,5.8
2017,11,4,0,19.9,3.3,,7.7,17.4,3.6
2017,11,5,0,19.9,-0.4,,7.8,16.5,3.5
2017,11,6,0,20.7,0.4,,18.6,60.9,5.2
2017,11,7,0,20.5,1.7,,24.8,73.4,4.3
2017,11,8,0,20.2,2.2,,10.6,22.5,3.9
2017,11,9,0,21.1,2.1,,23.7,53.1,5.9
2017,11,10,0,21.6,5.3,,39.7,70.8,9.5
2017,11,11,0,20.6,6.6,,48.4,77,16.7
2017,11,12,6,21.2,2.8,,50.3,81.9,10.4
2017,11,13,4,19.9,4.1,,54.9,90.2,19.9
2017,11,14,0,20.2,6.5,,55.3,85.8,22.9
2017,11,15,0,21,5.4,,32,67.5,16.9
2017,11,16,0,21.8,3.6,,21.3,37.1,8.7
2017,11,17,0,20.2,4.5,,16.4,48.9,2.9
2017,11,18,0,20.2,0.3,,12.1,22.3,3.2
2017,11,19,0,19.2,0.8,,12.1,31.3,3.4
2017,11,20,0,18.3,-1.9,,12.5,35.7,3.1
2017,11,21,0,19.6,-1.5,,11.3,31,2.4
2017,11,22,0,19.9,-1.2,,12.8,43.5,2.8
2017,11,23,0,20.4,-0.6,,5.4,10.9,2.2
2017,11,24,0,21.3,0.4,,5,8.9,2.9
2017,11,25,0,22.7,2.3,,7.8,15,4.4
2017,11,26,0,22.4,7.1,,33.2,75,3.8
2017,11,27,0,22.3,4.4,,17.1,55.7,6
2017,11,28,7.6,20.5,6,,56.8,95,25
2017,11,29,0,17.9,5,,66.3,94.8,34.3
2017,11,30,0,22.1,5,,14.5,35.6,4.8
2017,12,1,0,19.4,2.3,,8.8,18.3,4.5
2017,12,2,0,19.5,2.3,,13.6,27.5,5.2
2017,12,3,0,18.9,4.5,,22,57.4,8.5
2017,12,4,26.8,17,5.9,,57.6,94.8,32
2017,12,5,0,13,3.3,,73.4,96.3,39.1
2017,12,6,0,18.7,4.2,,31.3,56.9,18.2
2017,12,7,1,19.4,6,,26.4,74.5,11.2
2017,12,8,0,20,7.4,,41.8,82.7,18.7
2017,12,9,0,21.4,7.6,,29.6,61,9.2
2017,12,10,0,20.3,2.5,,29.9,69.2,4.6
2017,12,11,0,19.2,5.1,,45.3,71.8,15
2017,12,12,0,20.8,4.3,,47.5,83.6,14.7
2017,12,13,0,22.4,5.2,,37.1,76.1,8.8
2017,12,14,0,21.2,4.8,,36.9,67.8,12.8
2017,12,15,0,20.8,3.8,,39.2,72.2,14.4
2017,12,16,0,21.9,4.1,,34.7,72.8,11
2017,12,17,0,23.5,7.8,,35.5,68.9,12
2017,12,18,0,17.2,7.2,,50,67.4,33.2
2017,12,19,14.8,19.4,4.9,,60,84.8,27.7
2017,12,20,17,16.1,5.2,,81.9,99.3,48.5
2017,12,21,1,14.1,7,,83.9,96.6,52.9
2017,12,22,0,18,6.5,,66.6,96.6,33.9
2017,12,23,0,18.8,5.1,,32.8,52.8,18.1
2017,12,24,0,20.5,4.3,,31,55.3,13.7
2017,12,25,0,19,2.9,,27.7,46.6,10.5
2017,12,26,0,20.4,5.6,,28.9,62.3,13.3
2017,12,27,8.6,19.7,6.7,,54.5,89.8,23.3
2017,12,28,22.4,16.5,5.9,,80.8,94.8,48.8
2017,12,29,0.4,16.4,6.2,,76.2,96.2,47.1
2017,12,30,0,20.6,7.3,,57.7,91.8,25.6
2017,12,31,0.8,20.9,7.2,,50.5,79,21.2
2018,1,1,0,20.4,5.9,,57.7,83.9,25.5
2018,1,2,0,17.8,2.8,,29.8,78.8,6.7
2018,1,3,0,18.4,2.3,,30,64.6,8.4
2018,1,4,0,19,4.1,,46,82.8,16.1
2018,1,5,0,20.3,5.7,,35.3,70.6,14.9
2018,1,6,4.8,20.2,4.6,,33.1,60.5,17.6
2018,1,7,3.6,15.9,5.1,,67.3,93.8,38.3
2018,1,8,2.4,15.8,5.8,,74.7,94.4,36.7
2018,1,9,18.6,15.6,6.5,,78.6,92.4,42.1
2018,1,10,0.4,16.1,6.3,,69.6,92.2,40.7
2018,1,11,0,16.8,5.9,,66.7,94.9,36
2018,1,12,29.4,18.3,4.6,,61.5,93.3,29.3
2018,1,13,7,14.7,4.6,,77.3,97.8,49.6
2018,1,14,0,15.8,2.6,,48.2,72.9,32.8
2018,1,15,0,17.3,4,,46.8,74.6,31.3
2018,1,16,24,19.2,4.2,,58.3,95,22.2
2018,1,17,0,17.6,6.2,,70.6,94.6,42.3
2018,1,18,1.6,18.4,7.2,,65.2,85.6,35.7
2018,1,19,55.4,18.4,5.6,,74,96,32.9
2018,1,20,0,15.1,5.4,,81.8,98.4,56.9
2018,1,21,0,18.1,5.1,,66.7,94.5,33.4
2018,1,22,0,20.7,5.1,,54.7,89.9,22.6
2018,1,23,0.4,18.1,5.8,,60.3,82.5,30.6
2018,1,24,7,18.5,4.8,,63.8,95.4,31.8
2018,1,25,11.4,13.7,5.9,,85.5,93.6,49.1
2018,1,26,0,18.4,4.8,,64.4,96.3,23.8
2018,1,27,0.8,16.5,6.3,,52.8,82.6,36.2
2018,1,28,28.4,15.6,6.8,,74.4,95.3,45.6
2018,1,29,44.8,13.4,6.3,,89.7,99.2,68.8
2018,1,30,5.6,15,6.1,,85.7,100,56.2
2018,1,31,8,16.2,8.2,,79.2,94.2,53.9
2018,2,1,20,14.4,6.8,,85,97.1,60.2
2018,2,2,17.2,13.3,7,,89.9,97.9,68.3
2018,2,3,12,16.7,6.8,,83.9,98.2,51.5
2018,2,4,11,18.1,8.3,,76.4,97,44
2018,2,5,11,19.1,6.5,,69.6,95.8,32.6
2018,2,6,34,17,6.5,,77.4,94.9,49.9
2018,2,7,42,16.4,6.2,,84.4,98.1,53.7
2018,2,8,12.4,14.3,6,,82.5,97.9,63.5
2018,2,9,24.8,14.5,5.9,,86.8,98.9,60.3
2018,2,10,4.8,14.1,5.8,,84.7,97.8,60.9
2018,2,11,6,12.2,7,,87.6,97.3,74.4
2018,2,12,24,14.2,6.5,,87.2,98.6,63.7
2018,2,13,0,15.2,6,,79.1,99.5,51.6
2018,2,14,51.8,16.2,6.2,,72,97.1,43.3
2018,2,15,12.4,12.7,4.4,,90.2,100,66.4
2018,2,16,40.6,13.5,5.5,,84.8,99.2,59.8
2018,2,17,0,16.5,4.5,,71.2,98.1,32.2
2018,2,18,0,16.9,5.3,,49.4,86.3,14.7
2018,2,19,0,16.3,0.4,,45.1,86.1,12.4
2018,2,20,0,17.2,2.3,,47.8,85,13.6
2018,2,21,0,17.2,4.1,,52.2,78.6,25.3
2018,2,22,13.6,16.3,5,,68.9,93.2,33.7
2018,2,23,0.4,16.3,4.7,,69.9,92,34.7
2018,2,24,0,15.6,6.1,,69.3,93.3,39.6
2018,2,25,0,16.9,6.3,,68.2,93.6,39
2018,2,26,0.2,17.6,7.3,,66.6,86.3,39.3
2018,2,27,12.4,18.3,5,,72.4,93.2,37.4
2018,2,28,1.2,18,4.5,,68.4,91.3,35.8
2018,3,1,0,16.2,5.7,10.9,72,93.2,50.9
2018,3,2,1,17.2,6.4,11.1,70.7,91.1,43.8
2018,3,3,0.2,17.1,7.8,11.1,71.2,92.7,41.6
2018,3,4,0,15.4,6.7,10.1,76.2,91.7,54.4
2018,3,5,0,15.9,5.5,9.4,78.4,97,48.9
2018,3,6,36.2,15.2,5.8,9.3,81.7,95.3,52.9
2018,3,7,6.2,13.3,6.8,9,86.5,99.3,65.8
2018,3,8,0,16.7,6.8,11.1,68.4,95.2,39.6
2018,3,9,1.8,16.6,3.2,9.9,53.5,82.4,28.2
2018,3,10,0,18.3,3.3,11.3,37.1,70.1,19.8
2018,3,11,0,19,4.4,12.7,42,80.3,16.7
2018,3,12,0,19.2,5.9,12.4,55.7,85.1,26.7
2018,3,13,2.4,19.9,5.7,11.8,58.4,86.7,27.6
2018,3,14,0,15.3,7.3,10.6,72.2,90.7,50.8
2018,3,15,11.8,18.3,5.1,10.9,70,93.2,35.7
2018,3,16,0.8,14.7,7.4,10.5,82,96.6,57.8
2018,3,17,8.2,18.6,6.9,11.6,75.4,96.5,37.2
2018,3,18,0,18.8,5.8,11.6,72.4,97.7,39.4
2018,3,19,0,17,6.7,11.5,64.1,89.5,35.2
2018,3,20,0,18.3,5.6,11.7,66.6,92.4,32.4
2018,3,21,0,18.9,6,12.2,60.9,89.4,20.2
2018,3,22,0,20,6.2,13.2,55.7,85.7,28
2018,3,23,0,20.3,7.1,13,46,65.9,22.9
2018,3,24,0,20.2,4.6,12.4,52.4,82.7,21.4
2018,3,25,4.8,16.4,3.9,9.8,62.8,93.4,38.5
2018,3,26,0,16.5,3,8.7,69.2,96.4,27.7
2018,3,27,0.8,17.2,2,10.1,49,79.3,27.1
2018,3,28,0,16.5,3.3,9.1,39.6,67,14.1
2018,3,29,0,14.9,-0.8,8.2,34.7,65.5,22.4
2018,3,30,0,16.9,2.7,9.2,47.1,85.6,12.7
2018,3,31,0,15.8,-0.8,8.1,30.7,54.7,13.7
2018,4,1,0,15.4,1,8.4,35.9,53.9,17.9
2018,4,2,0,17.6,1.1,8.9,34,57.8,7.8
2018,4,3,0,15.8,-1.1,8,29.8,44.1,16.8
2018,4,4,0,16.7,-1.2,7.9,23.2,46,7.1
2018,4,5,0,15.9,-2.7,7.2,21,38.8,5.6
2018,4,6,0,17.3,-2.1,8.1,24.7,47.7,9.5
2018,4,7,0,19.3,1.7,10.4,40.8,67.9,7.7
2018,4,8,0,18.7,4.3,11.9,50.5,84.1,16.2
2018,4,9,0,18.7,3.2,11.2,50.4,86.3,18.7
2018,4,10,0,18.8,3.4,10.7,45,86.3,8.8
2018,4,11,0,20.2,0.3,11.6,29.8,57.1,10.8
2018,4,12,0,21.3,2.1,12.1,27.5,52.3,6.9
2018,4,13,0,16.4,2.9,9.4,55.8,80.7,28.6
2018,4,14,0,19,2.4,10.5,51.2,83.8,17.9
2018,4,15,0,18.7,2.8,11.2,41.7,80.3,11.6
2018,4,16,0,18.1,2.9,10.4,33.7,56.8,14.6
2018,4,17,0,18.4,3.2,10.8,41.3,76.7,11.6
2018,4,18,0,16.3,1.1,9,46.5,85.9,19.6
2018,4,19,0,17.4,2.5,9.6,42,81.8,14.4
2018,4,20,0,18.9,1.9,10.7,32.8,67.2,15.2
2018,4,21,0,18.8,3.5,10.9,37.9,68.8,13.4
2018,4,22,0,18.3,4.3,11,40.8,63.6,8.6
2018,4,23,0,17.8,5.2,10.7,44.8,69.7,14.7
2018,4,24,0,17,3.1,9.8,55.9,82.8,16.4
2018,4,25,0,16.7,3.4,10,58.1,85.7,28.5
2018,4,26,0,15.8,2.8,9.5,61.2,86.8,32.6
2018,4,27,0,17,2.3,10.3,52.4,90.7,19.9
2018,4,28,26.6,18.3,2.5,9.9,57.8,92.5,23.1
2018,4,29,0,16.6,2.9,9.8,63.3,93.9,27.2
2018,4,30,0,18.4,3,11.1,50.1,89.4,17.7
2018,5,1,0,19,4.7,10.9,54.4,82.5,17.3
2018,5,2,0,18.5,5.3,11.3,45.9,76.2,20.2
2018,5,3,0,17.3,3.1,10,24.7,43.1,14.3
2018,5,4,0,14.7,0.5,8.1,14.5,30.9,5
2018,5,5,0,15.9,-2.5,8.1,27.8,52.1,9.9
2018,5,6,0,15.5,3.8,8.9,57.6,80.4,24.2
2018,5,7,0,15.3,-0.7,7.7,54.3,89.7,19.7
2018,5,8,0,15.8,-0.4,8.6,42.6,75.3,22.8
2018,5,9,0,15.5,2.6,8.9,29.5,55.2,17.2
2018,5,10,0,15.3,0.1,8.1,39.5,78.6,11.7
2018,5,11,0,14.7,-2.4,7.9,25.4,47,12.5
2018,5,12,,,,,,,
2018,5,13,,,,,,,
2018,5,14,,,,,,,
2018,5,15,,,,,,,
2018,5,16,,,,,,,
2018,5,17,,,,,,,
2018,5,18,,,,,,,
2018,5,19,,,,,,,
2018,5,20,,,,,,,
2018,5,21,,,,,,,
2018,5,22,,,,,,,
2018,5,23,,,,,,,
2018,5,24,,,,,,,
2018,5,25,,,,,,,
2018,5,26,,,,,,,
2018,5,27,,,,,,,
2018,5,28,,,,,,,
2018,5,29,0,12.3,0.2,9.1,18.4,31.9,7.9
2018,5,30,0,13.4,-5.9,4.7,21.7,45.5,5.8
2018,5,31,0,12.7,-5.5,4.5,16.1,33.1,6.7
2018,6,1,0,13.9,-4.5,4.9,12.8,22.4,4.1
2018,6,2,0,14,-4.5,5,18.2,39.7,6.7
2018,6,3,0.4,9.8,-2.5,4.5,47,82.5,20.7
2018,6,4,5.4,6.2,0.2,2,90.5,99.5,62.9
2018,6,5,1.2,12.1,-0.1,4.5,77.4,100,36.5
2018,6,6,0,11.5,-0.1,5.6,55.2,85.1,25
2018,6,7,0,12.5,-2.5,6.2,41.4,68.9,20.8
2018,6,8,0,8.8,1.6,4.8,59.3,90.2,40.1
2018,6,9,0,11.1,-1.4,4.4,63.4,98.5,21.8
2018,6,10,0,11.9,-3.7,4.2,52.8,88.6,18.7
2018,6,11,0,10.8,-4.1,3,50.4,81.2,20
2018,6,12,0,11.9,-6.3,2.5,44.2,77,16.1
2018,6,13,0,10.7,-3.3,4.1,44.7,61.6,32.2
2018,6,14,0.6,11.4,-0.4,4.1,70.7,96.1,45.5
2018,6,15,0.2,9.9,-0.2,3.2,74.3,96.3,39
2018,6,16,0,13,-2.2,5.2,45.1,69.1,21.3
2018,6,17,0,13.2,-4.2,5.2,33.3,56.4,15.2
2018,6,18,0,13.4,-1.1,5.7,29.9,48,18.5
2018,6,19,0,13.8,-2.4,6.4,27.6,44,15.4
2018,6,20,0,14.6,-2.4,5.8,30.9,51.1,17.7
2018,6,21,0,16.1,-1.3,6.9,23.3,39.3,11.7
2018,6,22,0,15.6,-2.4,6.3,31.4,57.8,15.6
2018,6,23,0,14.2,-1.5,6.2,31.5,42.9,19.2
2018,6,24,0,14.5,-3.2,5.7,30.1,53.8,11.4
2018,6,25,0,13.2,-3.6,5.3,30.8,47.2,16.6
2018,6,26,0,11.8,-3.8,4.5,40.5,63.4,20.7
2018,6,27,0,12.7,-0.7,5.7,38.1,58.1,21.4
2018,6,28,0,12.8,-3.7,4.6,39.1,61.6,17.2
2018,6,29,0,13.4,-2.8,5.5,39.5,70.6,19.4
2018,6,30,0,13,-2.3,5.3,29.2,43.6,20
2018,7,1,0,14.8,-2.5,5.9,33.7,50.6,18.6
2018,7,2,0,14.7,-2.5,6.2,33.9,51.7,17
2018,7,3,0,16.2,0.7,7.6,35.8,64.1,13.4
2018,7,4,0,15.9,-0.1,7.4,34.1,68.7,11.3
2018,7,5,0,14.2,-1.9,7,22.2,30.8,13.9
2018,7,6,0,16.3,-0.8,8,28.6,41.3,16.6
2018,7,7,0,16.6,-1.5,7.9,26.3,44.8,13.1
2018,7,8,0,16.7,0.1,7.6,19.6,59.3,7.9
2018,7,9,0,15.2,-2.4,7.5,17.5,37.4,6.2
2018,7,10,0,13.8,-2.7,5.8,29.7,73.4,7.1
2018,7,11,0,12.4,-2,6.2,17.8,30.5,11.7
2018,7,12,0,11.4,1.9,6.5,37.2,54.2,26.2
2018,7,13,0,12.5,1.3,7.3,48.7,71.7,33.6
2018,7,14,0,12.3,0.8,5.8,56.3,80.2,25.6
2018,7,15,0,11.5,-2.7,4.2,60.8,92.8,23.8
2018,7,16,0,13.6,-4,5.9,38.4,65.9,18.5
2018,7,17,0,12.5,-3,5.6,45,85.7,26.8
2018,7,18,3.2,13.5,-1.3,5.8,50.5,88.7,27.7
2018,7,19,5.8,10,0.3,3.7,75.2,90.9,52.2
2018,7,20,0,10,-1.3,2.7,82.6,96.9,54.8
2018,7,21,12.8,4.8,0,2.2,89.9,99.2,72.5
2018,7,22,5.2,8.7,-1.1,2.4,87.6,100,44.9
2018,7,23,0,12.1,-0.8,5.1,58.8,86.1,36
2018,7,24,0,12.7,-1.7,5.8,55,74.7,40
2018,7,25,0,13.3,-0.6,6.6,53.7,80.1,31.5
2018,7,26,0,13,-1.2,6.1,56.5,85,33.4
2018,7,27,0,13.7,0.3,6.8,42.3,73.2,19
2018,7,28,0,13.3,-3,5.1,36.5,67,11.8
2018,7,29,0,13.9,-4.7,4.6,26.7,42.7,11.9
2018,7,30,0,14.6,-2.4,5.5,25.7,51.5,6
2018,7,31,0,15.7,-3.9,6.3,21.5,42.2,8.5
2018,8,1,0,13.5,-1.9,6.3,18.9,29.4,10.9
2018,8,2,0,15,1,7,31.8,46.1,23.1
2018,8,3,0,11.3,-2.5,5.5,40.5,61.8,27
2018,8,4,15,3.3,-0.7,0.8,87.3,99.2,53.8
2018,8,5,3.6,6.2,-4.7,0.4,66.5,100,22.5
2018,8,6,0,8.3,-7.2,1.1,49.8,81.7,21.6
2018,8,7,0,12.3,-3.6,3.9,41.4,73.8,11.6
2018,8,8,0,12.3,-3,5,38.3,60.2,14.6
2018,8,9,0,14,1.1,6.3,57.1,88.5,17.8
2018,8,10,0,13.5,-0.6,6.6,38,68,12.1
2018,8,11,0,14.7,0.2,7.1,44.2,79.5,15.9
2018,8,12,0,15,-0.9,7.1,30.8,72.1,9.4
2018,8,13,0,13.6,-2.7,6.1,20.3,33.3,11.7
2018,8,14,0,13,-2.4,5.1,24.5,41.8,12.7
2018,8,15,0,12.4,-4.4,4.1,17.6,33.2,4.2
2018,8,16,0,13.3,-4.9,4.6,32.3,76.1,11.1
2018,8,17,0,13.9,-2.4,5.8,40.4,88.1,5.4
2018,8,18,0,13.8,-5.7,5.3,15.1,26.1,7.6
2018,8,19,0,14.8,-4.3,6.1,20.8,47,11
2018,8,20,0,14.8,2.3,7.6,34.6,74.6,16.8
2018,8,21,0,14.1,-2.6,5.9,30.4,53.6,11.9
2018,8,22,0,13.7,-4.5,5,26.5,48.2,7.9
2018,8,23,0,14.2,-5.6,5.5,22.7,53.4,6.3
2018,8,24,0,13.7,-5.2,5.2,22.3,43.6,7.8
2018,8,25,0,16.8,0.4,7.1,35.2,70.1,4.5
2018,8,26,0,15.2,-4.4,5.5,20.5,52.2,4.9
2018,8,27,0,13.7,-1.7,6.1,42.8,92.5,11.9
2018,8,28,0,14.1,-3,6.5,17.4,42.1,9.7
2018,8,29,0,15.5,-1.3,8,30.3,60.6,21.5
2018,8,30,0,14.7,0.3,7.6,24.8,37.6,16.8
2018,8,31,0,15.2,-1.3,7.4,22.1,36.2,10.6
2018,9,1,0,14.5,-1.8,6.3,17.8,32.3,7.2
2018,9,2,0,14.6,-7.6,4.6,14.5,41,2.7
2018,9,3,0,15.2,-3.6,6.5,21,57.9,5.9
2018,9,4,0,15.6,-1.8,7,29.3,50.8,10.3
2018,9,5,0,16.5,-1,8.4,25.4,54.2,9
2018,9,6,0,17.4,1.1,8.9,28.7,55.5,9.7
2018,9,7,0,18.2,0.8,9.8,28.4,63,7.4
2018,9,8,0,17.9,1.5,9.9,30.8,58.5,11.3
2018,9,9,0,17.4,2.2,9.7,36.5,67.5,9.3
2018,9,10,0,17.4,0.3,9.3,35.9,68.8,11.7
2018,9,11,0,17.1,3.2,9.4,39.7,80.5,5.7
2018,9,12,0,16.3,-1.6,8.1,13.5,24.3,7.3
2018,9,13,0,16.9,-2.8,7.1,13.3,27,5
2018,9,14,0,16.7,-3.7,6,12.5,22.3,4
2018,9,15,0,18.4,-3.2,7.1,16,25.8,7.9
2018,9,16,0,15.9,-2,6.6,17.8,34.5,5.9
2018,9,17,0,14.3,-6.6,5.2,17.9,46.4,2.8
2018,9,18,0,14.7,-4.4,6,12.8,22.5,4.1
2018,9,19,0,16.8,-4.2,7.7,13.2,29.3,2.9
2018,9,20,0,17.4,-2.5,8.6,15.1,46.3,5.4
2018,9,21,0,18.8,-4.3,9.3,19.5,53,5.5
2018,9,22,0,19.3,1.8,10.5,45.9,81.7,10.8
2018,9,23,0,17.8,2.6,9.8,51.4,82.1,17.3
2018,9,24,0,15.7,2.3,8.2,59.7,83.2,32.1
2018,9,25,0,16.6,-2.4,8.2,44.9,90.2,10.5
2018,9,26,0,15.8,-2.7,7.4,12.1,22.8,3.8
2018,9,27,0,15.8,-1.2,7.9,11.1,21.4,5.6
2018,9,28,0,17.3,-0.4,9.6,22.6,50.6,7.5
2018,9,29,0,18.1,-3.1,8.7,17.7,66.2,3.9
2018,9,30,0,18.5,-1.5,8.8,8.9,16.2,4.2
2018,10,1,0,20.5,1.4,10.4,8.4,15.3,4.1
2018,10,2,0,20.9,2.3,12,29.8,68,8.5
2018,10,3,0,19,3.4,11.1,32.2,58.3,10.3
2018,10,4,2,19.6,4.7,11.8,47.7,76.3,15.1
2018,10,5,24,18.1,5.7,10.2,63,90.9,28.8
2018,10,6,3.2,15.8,3.5,9.1,76.7,96.4,40.6
2018,10,7,0,16.2,2.8,9.4,41.2,70.5,22.9
2018,10,8,0,16.2,0,8.6,36.8,70.4,16.4
2018,10,9,0,17.4,1.5,9.5,31.5,53.1,15.7
2018,10,10,0,19.6,1.5,11.2,27.3,47.7,14.8
2018,10,11,0,17.9,4.4,11.4,35.1,70,15.3
2018,10,12,0,19,1.9,11,29.9,64.6,13
2018,10,13,14.8,17.4,5.2,10.5,51.2,89.5,27.3
2018,10,14,0,18.7,4.8,11.5,57.9,90,24
2018,10,15,0,19.4,3.5,11.2,26.4,67.6,8.8
2018,10,16,0,18.7,1.3,10.5,19.9,36.6,9
2018,10,17,0,19.4,2.7,11.3,26.8,46.2,18.5
2018,10,18,0,20.5,3.1,12.1,28.3,58.7,13.7
2018,10,19,0,19.3,6.6,12.6,44.7,70.2,22.2
2018,10,20,0,20.5,5.1,11.9,51.9,83.5,21.2
2018,10,21,0,21.5,5.4,13.2,46.9,81.9,17.7
2018,10,22,0,20.3,6.3,13.3,46.7,72.8,19.5
2018,10,23,0,18.7,6.9,12,52.5,84.9,13.4
2018,10,24,0,19.6,2,12,12.5,21,6.8
2018,10,25,0,18.6,4,11.7,24.3,68.5,12.8
2018,10,26,0,17.8,2.7,11.6,35.4,71.5,13.3
2018,10,27,0,20,4.3,12.1,38,82.1,7
2018,10,28,0,20.5,-0.4,11.4,10.9,20.4,4.3
2018,10,29,0,20.9,2.6,12.3,14.5,26.8,5
2018,10,30,0,21.3,3.9,13.6,27.4,61.8,11.1
2018,10,31,0,21.4,7.2,13.9,36.8,67.1,15.7
2018,11,1,0,21.7,6.2,13,38.6,62.1,10.5
2018,11,2,0,21.2,4.6,12.8,36.8,77.5,9
2018,11,3,0,21.8,2.8,12.6,17.6,31.6,9.5
2018,11,4,0,20.8,3.2,12.4,24.2,60.5,11.4
2018,11,5,0,19.5,5.6,12.3,48.6,79.4,18.9
2018,11,6,1.6,19.1,7,12.8,35.7,74.4,21.1
2018,11,7,2.4,15,5.2,9.6,71.6,89.9,43.9
2018,11,8,0,18.9,3.7,11.4,54.2,95.1,20.8
2018,11,9,0,21.9,3.5,13.2,24.8,59.9,4.4
2018,11,10,0,22.1,3.1,14,18.9,35.7,9.7
2018,11,11,0,22.5,6.5,15.1,29.9,66,8.3
2018,11,12,0,21.7,5.5,13.5,28.2,61,9.8
2018,11,13,0,20.5,2.8,12,9,17.8,3.4
2018,11,14,0,21,2.2,11.6,7.8,14.7,3.6
2018,11,15,0,22.3,3.2,13.1,18.1,53.4,5.1
2018,11,16,0.2,21.7,4.8,13.7,25.1,79.3,9.9
2018,11,17,0,21.2,4.5,13.2,28.7,77.7,9.4
2018,11,18,1.8,21,3.2,12.5,28.7,87.8,10.4
2018,11,19,0,18.4,6.4,11.7,61.1,92.3,28.2
2018,11,20,0.2,21.1,3.4,12.5,54,92,21.2
2018,11,21,0,22,4.3,13,41.4,66.5,16.7
2018,11,22,0,21.6,6.3,13.3,18,64.2,3.3
2018,11,23,0,20.4,0.7,11.3,12,27.9,3.4
2018,11,24,0,19.3,-0.5,10.3,17.5,64.8,4.9
2018,11,25,0,21.4,5.9,13.9,41.7,76.4,13.6
2018,11,26,0,21.3,5.2,13.2,33.7,76.6,6.2
2018,11,27,0,20.8,6.4,12.4,29.8,67,8.6
2018,11,28,0,20.2,4.8,11.7,38.1,83.8,12
2018,11,29,0,18.9,4.3,11.5,13.9,22.8,4.8
2018,11,30,0,17.6,1.2,9.4,10.3,18,4.3
2018,12,1,0,16.9,-1.7,8.6,12.9,32.1,5.4
2018,12,2,0,18.3,0.3,9.5,14.2,31.8,6.9
2018,12,3,0,19.2,1.1,9.6,17.1,28.6,4.3
2018,12,4,0,17.6,-1.3,8,16.6,38.5,4.5
2018,12,5,0,18.4,-1.5,9,13.8,30.2,5.3
2018,12,6,0,20.2,2.1,11.9,14.7,23.3,6.6
2018,12,7,0,20.7,6,12.3,45.8,78.1,12.1
2018,12,8,0,21.6,3.2,12.8,42.5,72,11.5
2018,12,9,0,22,7.1,14.9,32.9,61.2,14.8
2018,12,10,0,22.3,6.9,14.4,33.8,60.3,12.5
2018,12,11,0,22.5,3.6,13.4,41.1,76.7,12.2
2018,12,12,0,22.7,3.4,13.5,40,67.4,13.4
2018,12,13,0,22.1,4.6,13.2,42.8,77.4,8.8
2018,12,14,6.8,23.2,3.8,15,31.9,69.9,11.7
2018,12,15,0,20.3,6.8,12.7,52,83.2,18.4
2018,12,16,0.2,18.8,6.4,11.3,62.8,90.7,29.5
2018,12,17,0.6,16.7,6,9.7,73.3,92.3,37.1
2018,12,18,12.2,16.1,5.3,9.8,73.2,96.4,44.9
2018,12,19,0,17.4,4.7,10.4,67.4,97.3,33
2018,12,20,0,17.9,4.9,11.5,36.5,55.1,21.7
2018,12,21,0,19.1,4.4,12.5,38.7,58.5,24.9
2018,12,22,0,19.6,3.5,11.7,37,76.9,9
2018,12,23,0,20.2,2,12.1,32.4,60.4,17.1
2018,12,24,1.2,18.6,6.2,11.5,58.8,83.7,25.1
2018,12,25,0,19.7,4.9,11.5,58.7,87.2,21.9
2018,12,26,39.8,18.6,4.8,11.5,63.8,95.3,31.3
2018,12,27,5.4,17.3,6.2,9.9,79.8,95.7,48.1
2018,12,28,17.4,15,6.3,10.1,76.1,92.7,53.8
2018,12,29,8.6,13.3,7,9,83.2,94.3,59.2
2018,12,30,17.2,13.7,6.4,9,83.5,98,58.5
2018,12,31,4.6,14.4,7,10.2,80.1,97.7,55.9
2019,1,1,0,17,6.3,11.7,68.2,93.6,39.2
2019,1,2,0.4,16.2,6.8,10.9,72.6,93.3,49
2019,1,3,20,17.9,7.4,11.3,71.4,94.4,39.9
2019,1,4,12.8,14.3,6.9,9.5,83.6,97.3,59.9
2019,1,5,15.4,12.6,6.8,8.8,89.5,98.6,67.5
2019,1,6,0,18,5,11.3,56.8,96.1,22
2019,1,7,0,18.6,2.7,11.1,32.7,60.3,9.9
2019,1,8,0,20.5,3.5,12.7,30.6,67.9,9.3
2019,1,9,0,21.3,4,13.2,24.8,50.5,6.7
2019,1,10,0,20.1,2.4,12.6,26.5,64.9,9.4
2019,1,11,0,16.9,7.3,11.7,58.9,82,36.3
2019,1,12,0.4,19.5,3.7,11.4,61.4,89.7,26.1
2019,1,13,0.2,18.3,6.7,11,70,94.7,34.9
2019,1,14,17.8,17.8,5.2,11.3,69,94.6,35.3
2019,1,15,8.2,15.5,6.9,10.3,76.8,95.3,52.3
2019,1,16,9,17.3,6,10.6,75.6,97.5,38.6
2019,1,17,2.8,17.4,6.9,11.3,74.7,96.8,40
2019,1,18,19,16.3,7,10.3,77.4,95.1,45.7
2019,1,19,1,15.7,6.9,10.1,79.8,97.2,51.4
2019,1,20,0,19.5,6.9,12.6,62.3,93.3,25.4
2019,1,21,0,20.7,7.2,14,53,84.5,27.8
2019,1,22,0,20.1,6,13.7,48.8,83.2,24.3
2019,1,23,0,20.2,6.4,13.2,55.9,82.3,26
2019,1,24,0,20.1,6.5,13.4,47.7,80.6,20.8
2019,1,25,0,20.2,6.6,12.9,49.9,75.3,22.5
2019,1,26,0,19,6.8,12.5,51.9,75.5,29.4
2019,1,27,16.4,13.3,8.3,10.9,64.2,78.2,52.9
2019,1,28,5.4,15.5,6.7,9.9,82.7,94.7,55.7
2019,1,29,8.4,17.5,7.9,11.4,72.2,94.9,41.1
2019,1,30,25.2,17.1,6.5,10.7,75.7,96.3,43.1
2019,1,31,41.8,14.3,5.6,8,91.3,97.9,62.6
2019,2,1,32.4,14.8,5.3,8.7,86.2,97.9,58.2
2019,2,2,12.6,13,5.1,8,91.7,99,68.6
2019,2,3,27,15.4,5.6,9,85.7,98,55.1
2019,2,4,37.8,14.7,6.4,9.1,85.9,98.6,59.7
2019,2,5,44,15,5.2,7.9,90.6,99.2,58.1
2019,2,6,15.2,15.9,5.7,9.8,73,99.2,43.4
2019,2,7,0,17.3,6.2,11.6,62.7,93.4,30.7
2019,2,8,0,17.7,6.2,11.9,53.4,76,25.8
2019,2,9,18.6,17.2,6.4,10.5,74.6,98.6,45.2
2019,2,10,6.6,14.6,5.7,9.4,81.6,98.6,51.1
2019,2,11,9.8,15.8,6.3,10.3,78.3,98.5,52.7
2019,2,12,0,14.2,5.8,9.2,86.1,96.8,64.5
2019,2,13,21,14.9,4.6,9.4,82,96.1,60.9
2019,2,14,50.2,17.3,5.9,10.4,80.1,95.4,47.2
2019,2,15,52.8,17.5,5.7,10.7,78.6,97.2,48.2
2019,2,16,3.4,18,7.1,11,79.4,98.1,43.8
2019,2,17,2.4,17.7,5.2,11.7,75.4,95.7,54.4
2019,2,18,0,19,6.2,12.1,69.5,93.8,29.9
2019,2,19,1.6,18.2,6.7,11.8,64.3,91.4,44.4
2019,2,20,15.2,16.3,5.9,10.2,72.9,92.5,43.4
2019,2,21,0,18.1,6,11.4,69.5,91.5,42.6
2019,2,22,0,20.7,5,13,57.4,94.8,24.9
2019,2,23,0,20.5,6.4,13.4,53.7,89.3,18
2019,2,24,0,21.1,6.6,13.3,51.2,87.4,20.4
2019,2,25,0,19.5,5.8,11.7,59.6,87,27.9
2019,2,26,0,18.9,5.1,11.2,53.3,70.5,25.1
2019,2,27,0,17.9,6.5,11.9,56.5,85.2,16.8
2019,2,28,0,17.9,4.9,11.4,58.7,89.6,29.4
2019,3,1,0,19.2,5.9,12.1,51.8,87,13.1
2019,3,2,0,19.1,1.9,12.3,35.9,61.3,15.5
2019,3,3,15.6,17.5,5.5,10.4,64.3,83,37.6
2019,3,4,0,19.6,4,11.7,60,90.5,29.1
2019,3,5,0,19.7,6.5,12.6,53.3,80.3,26.7
2019,3,6,0,20,5.8,12.5,56.5,82.9,25.2
2019,3,7,0,21.1,6,13.3,51,83,17.6
2019,3,8,5.6,21.2,6.1,13.2,50.7,75,19.2
2019,3,9,8,17.4,6.5,11.5,65.9,87,36.7
2019,3,10,0.4,18.7,5.3,11.2,67.2,91.6,36.1
2019,3,11,0,19.6,5.1,12.8,52,92.3,17.9
2019,3,12,0,18.1,4.1,11.7,43.7,76.8,25.4
2019,3,13,0,18.9,4.5,11.6,61.8,92.9,20.8
2019,3,14,0,18.7,4,11.3,49.8,84.1,15.9
2019,3,15,0,18,2.8,10.8,49.6,72,34.6
2019,3,16,0,16.2,3.5,10.5,48.9,74.9,28.4
2019,3,17,0,18,2.1,10,35,74.9,7.7
2019,3,18,0,18.9,1.5,9.7,35.9,58.2,11.7
2019,3,19,0,19.3,2.3,11.5,28.1,46.3,15.4
2019,3,20,0,18.8,3.4,11,48.8,92.2,12.9
2019,3,21,0,19.2,3.4,11.5,37.3,94,11.6
2019,3,22,0,20.1,2.1,12.2,33.6,74.6,9.9
2019,3,23,0,19.6,2.2,14.9,28.7,85.3,14.2
2019,3,24,0,19.7,2.5,12.1,43.4,75.2,15.7
2019,3,25,0,15.9,4.4,10.3,61.8,85.2,35.4
2019,3,26,12.4,16.1,5.3,9.9,68.6,93.5,38.4
2019,3,27,4.8,14.9,6.5,9.7,75.4,93.6,48.8
2019,3,28,0,15.2,6.3,9.8,74.6,95.2,49.7
2019,3,29,0,17.4,3.9,10.8,63,91.9,35.7
2019,3,30,0,18.5,5.2,11.8,61.2,85.2,32.3
2019,3,31,0.2,19.3,7.1,12.7,62.5,88.8,32.1
2019,4,1,7.8,17.9,6.5,11.6,62.5,91.3,36.1
2019,4,2,2.6,15.9,5.4,10.1,76.9,97.6,48.4
2019,4,3,15.8,14.1,5.3,8.6,74.9,92.7,51.7
2019,4,4,0,14.8,2,8.1,52.5,82,25
2019,4,5,0,14.1,-0.4,7,45.9,73.2,18.4
2019,4,6,0,13.3,-2.4,6.2,41.8,62.6,18.4
2019,4,7,0,15.5,-0.8,8,48.3,87.8,15.4
2019,4,8,0,18,2.2,10.1,48,81,16
2019,4,9,0,18.2,3.4,10.9,42.1,71.2,18.7
2019,4,10,0,17.8,3.2,11,25.1,39.8,17.3
2019,4,11,0.4,16.4,4.8,9.8,44.7,81.1,16.7
2019,4,12,0,17.4,2.4,9.1,45.9,88.8,12.6
2019,4,13,0,14.9,-1.7,7.6,28.2,47,9.1
2019,4,14,0,16,-0.5,8.7,28.7,52.2,11.7
2019,4,15,0,17.4,3,10.6,37.7,65.8,20.5
2019,4,16,0,17.6,4.2,10.8,52.3,85.9,22.7
2019,4,17,0,16.9,5.5,11.4,53.4,85.6,24.5
2019,4,18,0,20.1,5.6,12.7,43.3,63.2,22.4
2019,4,19,2.4,19.7,4.8,11.6,55.7,82,25.4
2019,4,20,0,19.4,2.7,11.4,56.8,91,26.9
2019,4,21,0,18.7,2.4,10.8,23,41.4,11.3
2019,4,22,0,18.6,-0.6,9.6,21.5,50.7,8.7
2019,4,23,4.8,15.2,2.9,9.1,67.8,93.8,39.8
2019,4,24,0,14.5,5.9,9.1,77.9,96.4,47.3
2019,4,25,5.6,16.2,5.1,9.3,75.3,90.3,48.2
2019,4,26,0,16.6,5.2,10.3,59.3,83.6,37.4
2019,4,27,0,16.5,1,8.7,47.1,82.6,11
2019,4,28,0,17.3,0.6,9.1,35.9,68.3,12.5
2019,4,29,0,18.6,1.3,9.8,25.1,51.7,9.2
2019,4,30,0,17.1,1.2,9.6,27,50.2,13.7
2019,5,1,0,17.3,0.9,9.1,31.2,77.3,15.5
2019,5,2,0,15.7,1.2,8,41.5,82.3,11.6
2019,5,3,0,17.1,-4.2,7.4,24.9,42.4,8.5
2019,5,4,0,17.8,-2.6,8.4,31,67,12
2019,5,5,0,17.2,0.4,9.3,26.2,53.6,15.1
2019,5,6,0,18.6,2.6,10.2,57.5,87.7,24.5
2019,5,7,0.2,16.9,4.2,9.9,61.3,88.3,32.4
2019,5,8,0,17.7,1.3,10.2,51.5,83.9,26.3
2019,5,9,0,17.2,2.1,10.3,45.8,77.5,25.1
2019,5,10,0,16.9,-0.5,8.4,39.3,62.6,19.4
2019,5,11,0,18.2,0.1,7.8,34.1,58.1,6.9
2019,5,12,0,15.2,-2.6,6,28.7,54.1,7.2
2019,5,13,0,14.4,-3.2,7.4,22.1,45.3,12.9
2019,5,14,0,13.9,-1.5,6.5,25.1,37.7,15.1
2019,5,15,0,14.2,-2.6,5.8,25.6,42.2,9.9
2019,5,16,0,14.1,-3.1,5.6,20.4,39.1,7.3
2019,5,17,0,15.4,-4.4,6.3,22.5,52.8,5.2
2019,5,18,0,16,-3,6.5,18.4,31.8,7.2
2019,5,19,0,16.4,-4,7,19.1,36.9,7.2
2019,5,20,0,16,-2.7,6.5,17,37.9,9
2019,5,21,0,14.4,-3.6,5.5,33,63.7,10.6
2019,5,22,0,15,-1.8,6.2,28.6,45.7,13.4
2019,5,23,0,13.7,-1.8,6.1,30.1,53.9,13.2
2019,5,24,0,12.1,-5.4,3.4,31.2,58.4,12
2019,5,25,0,14.1,-5.2,4.7,24.3,39.8,13.3
2019,5,26,0,15,-2.5,5.7,30.6,57.7,13.8
2019,5,27,0,14.3,-3.6,5.3,34.6,56.6,13.7
2019,5,28,0,15.3,-5.3,5.2,34.1,61.9,12.4
2019,5,29,0,16.9,-3.8,7,24.8,51.4,8
2019,5,30,0,16.7,-3.8,7,21,38,9.4
2019,5,31,0,15.7,-4.4,5.9,23.8,41.8,9.6
2019,6,1,0,15,-4.2,5.4,16,26.1,8.1
2019,6,2,0,13.4,-4.7,4.8,16,26.9,6.1
2019,6,3,0,13.7,-7.6,4.4,18.2,58,6.9
2019,6,4,0,14.1,-1.8,5.9,45.2,77.2,20.1
2019,6,5,0,15.6,-2.7,6.1,31.1,61,9.6
2019,6,6,0,15.4,-3.3,6.3,19.7,37,9.7
2019,6,7,0,17.6,-2.8,6.5,23.7,49.2,7.3
2019,6,8,0,15.8,-3.5,6.7,26.6,66.4,7.7
2019,6,9,0,15.5,-4.2,6,20.3,41.1,10.9
2019,6,10,0,15.4,-3.2,7.1,20.2,30.5,9.4
2019,6,11,0,14.6,-4,6.4,19.5,35.8,10.5
2019,6,12,0,15.9,-2.1,7.2,20.9,28.3,15.5
2019,6,13,0,15.9,-0.2,8.5,23.8,34.9,18.1
2019,6,14,0,16.3,3.5,9.3,24,40.3,18.4
2019,6,15,0,13.4,3,7.8,56.7,89.8,29.6
2019,6,16,6.6,13.1,2,5.9,77.9,96.5,40.5
2019,6,17,0,15.7,2.2,7.6,51.5,91.8,10.5
2019,6,18,0,14.9,-2.2,5.8,31.8,69.1,10.1
2019,6,19,0,14.4,-4.2,6.6,22.8,38,13.8
2019,6,20,0,16.7,-3.1,7.1,37.6,67.1,11.5
2019,6,21,0,16.7,-2.4,7.5,34.1,67.6,12.4
2019,6,22,0,16.7,-2.5,6.6,21.4,39.4,7.7
2019,6,23,0,16.2,-3.2,5.7,14.5,23,6.3
2019,6,24,0.2,15.5,-5.3,5.2,16.3,34.8,5.4
2019,6,25,,,,,,,
2019,6,26,,,,,,,
2019,6,27,,,,,,,
2019,6,28,,,,,,,
2019,6,29,,,,,,,
2019,6,30,,,,,,,
2019,7,1,,,,,,,
2019,7,2,,,,,,,
2019,7,3,,,,,,,
2019,7,4,,,,,,,
2019,7,5,,,,,,,
2019,7,6,,,,,,,
2019,7,7,,,,,,,
2019,7,8,,,,,,,
2019,7,9,,,,,,,
2019,7,10,,,,,,,
2019,7,11,,,,,,,
2019,7,12,,,,,,,
2019,7,13,,,,,,,
2019,7,14,,,,,,,
2019,7,15,,,,,,,
2019,7,16,,,,,,,
2019,7,17,,,,,,,
2019,7,18,,,,,,,
2019,7,19,7,14,-0.6,5,48.6,83.7,14.9
2019,7,20,17.2,10.6,-1.1,2.7,86.2,100,41.3
2019,7,21,,,,,,,
2019,7,22,,,,,,,
2019,7,23,,,,,,,
2019,7,24,0,7,0.9,5.9,42,44.5,37
2019,7,25,0,10.6,-4.7,2.7,25.8,53.3,9.3
2019,7,26,0,9.9,-7.2,1.9,27,47.5,9.7
2019,7,27,0,12.2,-5.1,3.7,38.9,62.8,12.7
2019,7,28,0,14.1,-3.1,5.2,30.6,66,6.6
2019,7,29,0,12.6,-2.2,5.2,14.9,37.7,5.3
2019,7,30,0,14.7,-5,5.1,28.4,65.6,6.5
2019,7,31,0,15.6,-4.1,6.1,27.3,53.8,9
2019,8,1,0,14.8,-3.1,6.4,21.8,52.5,9.4
2019,8,2,0,13.9,-4.5,5,15.6,33.9,5.4
2019,8,3,0,11,-6.4,1.8,8.1,16.5,4.1
2019,8,4,0,14.5,-6.8,3,21.9,46.7,6
2019,8,5,0,7.2,-5.5,4.1,39.7,91.4,12
2019,8,6,,,,,,,
2019,8,7,0,17.7,3.3,12.2,14.4,26,4.8
2019,8,8,0,17.3,-2.9,7.8,18.3,47.8,8
2019,8,9,0,15,-2.3,6,14.3,25,8.4
2019,8,10,0,13.6,-5.4,5,19.9,33.2,12.9
2019,8,11,0,15.8,-2.6,6.3,26.2,43.6,14.2
2019,8,12,0,15.5,-2.1,6.9,32.2,52.7,16.8
2019,8,13,0,16.5,-0.4,7.6,42.7,69.8,23.6
2019,8,14,0,12.1,-1.2,5.8,44.4,85.1,19
2019,8,15,0,17.7,2.4,11.1,18,26.5,10.1
2019,8,16,0,17.5,0,9.3,16.9,29.3,8.3
2019,8,17,0,17.6,-0.9,8.6,9.1,16,5.2
2019,8,18,0,16.3,-1.9,7.6,12.7,20.1,6.5
2019,8,19,0,14.9,-1.9,7.1,10.6,23.2,4.9
2019,8,20,0,16.1,-2.9,7.5,14.3,69.5,4.4
2019,8,21,0,16,0.5,8.1,35,71.7,11.7
2019,8,22,0,16.9,0.8,8.6,30.2,74.5,3.5
2019,8,23,0,16,1,7.8,53.9,84.3,16.5
2019,8,24,0,16.7,-1.2,8.1,35.9,83.8,11
2019,8,25,0,14.1,-3.1,5.9,12.9,29.2,5.3
2019,8,26,0,14.5,-4.5,5.8,12.4,28.5,5.4
2019,8,27,0,15,-0.7,7.4,41.4,69.1,14.2
2019,8,28,0,15.9,-3.5,7.4,29.4,69,8.3
2019,8,29,0,17.7,-1.5,8.4,13.7,31.6,6.8
2019,8,30,0,17,-1.1,9,11,25.3,3.8
2019,8,31,0,16.5,-3,6.7,8.5,26.8,2.8
2019,9,1,0,16.4,-6,6.5,13.2,36.3,3
2019,9,2,0,15.6,-5,5.9,11.6,27,3.2
2019,9,3,0,17.5,-0.2,8.5,21.3,39.9,14.2
2019,9,4,34.2,14.4,2.4,7,53.7,99.3,28
2019,9,5,10.6,11.5,3.1,5.9,87.5,99.4,62
2019,9,6,9,10.2,3,5.8,86.5,99.6,58.5
2019,9,7,35.4,9.8,1.8,4.8,87.2,97.1,59.3
2019,9,8,0,13.7,1.1,6.6,70.2,98.6,38.5
2019,9,9,0,15.1,-0.7,6.8,40.5,67.7,11.7
2019,9,10,0,16.4,-1.1,7.1,32.3,48.6,12.7
2019,9,11,0,15.8,2.5,8.4,37.5,64.6,18
2019,9,12,0,13.4,1.8,6.9,56.2,93.5,35.6
2019,9,13,4.6,13.9,2.7,7.6,76.2,95.5,43.3
2019,9,14,3.2,16.4,1,7.7,76.4,98.1,38.5
2019,9,15,0,15.5,2,8.9,68.1,96.9,37.7
2019,9,16,0,18.3,3,11.2,48.2,86.7,19.5
2019,9,17,0,18.5,4.1,12.1,42.7,78.3,22.3
2019,9,18,0,19.8,2.4,10.7,22.5,47.6,6.2
2019,9,19,0,17.3,-1.3,8.1,13.9,30.7,5.4
2019,9,20,0,17.8,-1.9,8.5,15.2,27.2,7
2019,9,21,0,19.1,1.1,10.9,28.3,61.6,9
2019,9,22,0,21.3,6.1,12.8,46.2,76.6,18.9
2019,9,23,0,20.1,5.4,12.4,45.4,83.5,12.1
2019,9,24,0,20.1,2.5,12.5,36.6,64.6,14.7
2019,9,25,0,20.4,4.7,12.2,38,80.3,9.3
2019,9,26,0,18.1,-0.2,10.1,25.2,56.9,13.9
2019,9,27,0,20.2,2.8,11.5,36.8,71.1,10
2019,9,28,0,22.2,3.2,13.4,21.1,51.1,8.3
2019,9,29,0,20.7,1.8,12.6,28.6,58.8,7.2
2019,9,30,0,20.5,3.8,11.9,29.2,52.2,8.7
2019,10,1,0,16.4,3.5,9.8,43.1,60.5,26.9
2019,10,2,31.4,16,3.8,8.8,49.2,92.1,26.3
2019,10,3,0,16,2.3,8.6,53,92.8,21.3
2019,10,4,0,14.7,1.1,8,35.5,54.5,25.4
2019,10,5,0.6,11.2,1.1,5.5,47.1,73.9,31.7
2019,10,6,0,12.9,0.6,6,22.9,50.1,6.1
2019,10,7,0,12.8,-5.4,5.8,18.3,53.9,5.5
2019,10,8,0,16.5,-0.2,8.2,35.7,71,7.8
2019,10,9,0,18,1.3,10.1,35.6,65.1,9.4
2019,10,10,0,19.4,0.2,10.9,30.3,64.5,8.9
2019,10,11,0,19.9,3.9,11.4,34.8,64.2,6.8
2019,10,12,0,20.1,1.8,11.6,36.1,70.5,7.6
2019,10,13,0,19.9,3.3,11.9,35,69.8,13.5
2019,10,14,0,19,5,11.7,26.9,46.4,11.6
2019,10,15,0,19.1,0.5,10,26.4,47,13
2019,10,16,0,19.8,1.6,11.3,18.9,34.2,12.9
2019,10,17,0,18.7,2.8,11.6,20.1,52.6,9.5
2019,10,18,3.2,14.7,5.2,10,51.6,88.1,13.1
2019,10,19,3.6,13.1,4.5,7.5,78.4,92.4,49.3
2019,10,20,0,16.5,1,9.3,40,83.7,8.4
2019,10,21,0,18.4,-0.9,9.3,14.3,34.9,3
2019,10,22,0,18.8,0.5,9.8,12.2,24.8,3.3
2019,10,23,0,19.4,-1.6,9.6,9.3,21.6,3.5
2019,10,24,0,20.2,2,11.6,26.5,55.8,6.1
2019,10,25,0,19.9,1.2,11.8,37.7,74.4,8.9
2019,10,26,0,20.6,2.6,12,34.3,77.5,6.7
2019,10,27,0,21,1.2,11.9,8.1,32.2,2.3
2019,10,28,0,21.9,2.1,13.2,18.8,44.6,4.7
2019,10,29,0,22,4.3,14.5,22.6,51.9,6
2019,10,30,0,21.8,3.6,13.4,23.8,51.6,5.7
2019,10,31,0,19.9,4.2,12.8,35.4,64.6,13.6
2019,11,1,0,20.3,5.8,13.2,39,66.8,13.2
2019,11,2,0,21.5,3.6,13.6,35.5,69,12.9
2019,11,3,0,20.1,5.4,12.8,40.5,75.7,15.3
2019,11,4,0,20.1,5.4,12.7,30.3,50.1,14.1
2019,11,5,1.6,20.8,3.4,11.8,40.3,85.8,19.3
2019,11,6,0,20.5,3.9,11.3,55.7,90.7,13.3
2019,11,7,7.6,20.5,4.6,12,54.2,86.6,16
2019,11,8,0,19.3,5.1,11.7,58,87.6,26.8
2019,11,9,0,20.2,5.4,12.6,34.8,79.2,11.3
2019,11,10,0.4,18.8,5.3,10.9,55.3,86.2,21.6
2019,11,11,10.4,18.1,4.1,10.1,67.2,94.2,32.7
2019,11,12,0,18.3,6,11,66.1,95.1,32.3
2019,11,13,0,19.4,4.7,12,45,92.6,13.6
2019,11,14,0,19.1,2.1,11.2,34.8,68.2,13
2019,11,15,0,19.1,2.5,11.4,48.9,87.1,19.8
2019,11,16,0,19.4,4.3,12,36.6,72,11.8
2019,11,17,0,19.7,5.9,12.9,34,61.1,11.1
2019,11,18,0,19.3,3.3,11.9,41.9,72.2,20.5
2019,11,19,0,18.6,5,11.5,39.6,63,20
2019,11,20,0,18.7,3.3,11.1,48.6,66.7,24.5
2019,11,21,0,20.9,4.1,12.8,43.1,83.2,10.4
2019,11,22,0,18.7,4.6,12,50.8,79.4,21.7
2019,11,23,0,16.9,6.3,10.6,60.3,78.6,35.8
2019,11,24,0,19.7,5.3,11.5,58.3,91,17.3
2019,11,25,1.2,18.5,6.2,11.7,63.5,94.6,31.4
2019,11,26,0,20.6,2.9,12.2,42.4,91.2,7.6
2019,11,27,0,20.9,2.1,12.9,11.7,24.3,4.5
2019,11,28,0,19.9,4,12,12.9,30.2,3.8
2019,11,29,0,20.2,2.3,11.6,11.5,35.1,4
2019,11,30,0,21.2,1.3,12.3,16.3,46.7,8
2019,12,1,0,20.5,5.8,13,34.9,61.1,17.6
2019,12,2,0.2,19.7,6.2,12.4,55.7,78.5,27.1
2019,12,3,0,21.2,3.4,12.8,30.2,82.6,5.6
2019,12,4,0,20,0.3,11.3,14.7,24.8,7.9
2019,12,5,0,20.7,2.2,12.5,17.8,42.3,9.9
2019,12,6,0,20.8,4.7,13.3,21.7,43.3,13.6
2019,12,7,1,20.1,4.3,12.3,34.6,53.1,17.4
2019,12,8,0,20.7,2,11.6,21,40,5.3
2019,12,9,0,21.2,3.2,12.6,23.3,40.7,7.7
2019,12,10,0,22.1,4.9,13.8,26.5,60.3,5.2
2019,12,11,0.6,21.4,7.1,13.5,38.5,69.2,8
2019,12,12,0,21.8,2.3,12.4,27.8,68.4,10.9
2019,12,13,0,18.6,3,11.8,47.9,75.4,25.7
2019,12,14,2.2,20.3,4.9,12,52.4,83.2,18.7
2019,12,15,0,21.8,4.5,13.2,36.6,84,2.7
2019,12,16,0,21.8,3.7,13.8,39.3,80.3,6.4
2019,12,17,0,21.3,3.8,13.1,28.9,64.9,5.4
2019,12,18,0,20.6,4.3,12.8,46.1,79.6,14.5
2019,12,19,0,21,6.4,13.5,45.6,75.6,14.6
2019,12,20,0,21.6,4.9,13.1,50.2,83.7,19.4
2019,12,21,0,22.3,5.3,13.1,47.5,79,5.6
2019,12,22,0,22.2,5.7,13.8,46.9,82.3,13.1
2019,12,23,1,22,6.4,13.1,49.6,80.2,17.3
2019,12,24,0,21.6,6,13.5,43.3,79.5,11.6
2019,12,25,0,20.8,7.6,13.9,39.6,55,19.5
2019,12,26,3.8,20.9,5.9,12.4,58.9,92.3,19.7
2019,12,27,39.8,18.2,4.9,10.1,75.9,98,34.4
2019,12,28,1.4,15,5.7,9.6,79.4,98.7,49
2019,12,29,2.6,12.9,7.4,9.4,80.1,91.9,60
2019,12,30,0,18.2,4.6,10.7,68,95.8,31.7
2019,12,31,4.2,16.2,5.5,11,62,85.7,41.8
2020,1,1,5.2,17,5.9,10.2,78.5,97.6,39.8
2020,1,2,1.6,16.2,6.5,10.6,77.5,97.6,46.5
2020,1,3,5.6,17.6,7.1,11.1,75.3,95.8,41.1
2020,1,4,0.6,18.4,6.5,11.5,75.6,97.6,36.8
2020,1,5,0,18.1,5.5,11.1,54.8,97.4,12.1
2020,1,6,0,17.3,2.7,10,35.7,65.7,9.3
2020,1,7,0,18.7,2.7,11,37,70.7,15.7
2020,1,8,0,19.4,2.6,11.8,31,67.7,5.7
2020,1,9,0,20.4,1.4,12.5,16,35.8,6.6
2020,1,10,4,19.5,5.2,12.3,42.2,77.5,24.2
2020,1,11,0.2,17,6.3,9.8,75.8,94.7,41.2
2020,1,12,0,18.8,7,12.2,65.5,95.4,32
2020,1,13,21.2,17.1,7.7,11.5,70.5,97.2,43.1
2020,1,14,14.6,16.7,7.1,11,78.8,98,48.7
2020,1,15,22,16.8,7.4,11.1,80.6,97.9,52.2
2020,1,16,6.2,14.4,7,9.9,80.7,97.6,58
2020,1,17,0.8,16.5,4.8,10.8,71.3,93.2,43.1
2020,1,18,0.8,19.9,6,12.1,62,86.7,29.1
2020,1,19,21.2,18.8,7.8,12.2,65.6,85.9,34.6
2020,1,20,13.6,17.4,6.8,10.6,81.9,97.5,46.7
2020,1,21,0,16.4,7.7,10.9,81.2,96.5,50.7
2020,1,22,2.2,16.8,7.8,10.8,80.4,98,40.6
2020,1,23,0,18.4,6.2,12.3,62,91.6,35.7
2020,1,24,0,21.5,7.8,14.3,53.9,89,22.7
2020,1,25,0,21.8,7.1,14.4,44.3,80.3,14.7
2020,1,26,1.4,20.2,6.8,12.6,46.4,80.5,24.4
2020,1,27,0,20.3,6.1,13,50.4,83.6,15.5
2020,1,28,0,17.9,5.3,11.8,39.7,66.8,13.8
2020,1,29,0,18.4,3.2,10.8,36.1,58.1,19.7
2020,1,30,17.6,19.8,5.2,11.4,53.3,96.7,25.8
2020,1,31,0,18.2,5.9,11.5,66.1,96.8,29.6
2020,2,1,0,19.9,3.2,12.4,39.8,74.7,17.8
2020,2,2,0,21.6,4.1,13.2,31.6,57.1,14
2020,2,3,2.4,20.4,6.2,12.7,54.8,88.6,22.7
2020,2,4,0,20.6,5.9,13,58,89.7,13.1
2020,2,5,0.4,21.1,4.8,12.9,51.6,83.8,20.6
2020,2,6,3.8,18.3,7.4,12,52.9,90.7,32.4
2020,2,7,29.6,19.2,7.2,11.6,73.7,92.2,39
2020,2,8,19.6,17.8,7.7,10.6,81.4,97.7,46
2020,2,9,10.4,17.1,6.8,10.4,80.9,97.6,45.2
2020,2,10,0,17.5,6.1,11.1,72.8,98.2,44.2
2020,2,11,10.4,17.4,6,11.1,69.6,92.7,41.6
2020,2,12,0,18.6,6.5,12.2,67.9,97.5,35.6
2020,2,13,1.8,19.7,6.8,12.8,64.1,91.9,33
2020,2,14,3.2,19.8,8,12.4,70.7,88.1,36.8
2020,2,15,12.6,19,7.9,11.8,74.4,94.9,41.3
2020,2,16,10.2,16.3,5.9,9.6,83.4,98.3,52
2020,2,17,0.2,18.9,5.2,11.4,71.8,93.4,38.9
2020,2,18,2.2,19.8,7.9,12.5,71.2,92.9,35.1
2020,2,19,5,17.4,7.2,11.9,75.5,95.8,50.6
2020,2,20,6.6,11.7,7.9,9.2,87.1,96.3,67.4
2020,2,21,3.4,17.3,7.7,11.3,75.2,93.5,45.1
2020,2,22,5.8,17.6,7.2,10.9,79,97.7,45.1
2020,2,23,0,17.6,6,11.5,74,90.7,50.8
2020,2,24,0,19.8,7.4,12.3,64.8,84.8,33.5
2020,2,25,0,20.1,6.2,13.1,55.1,89.4,21.4
2020,2,26,19,19.5,6.5,11.5,64.9,93.4,34.9
2020,2,27,4.2,18.9,5.2,11.2,72.5,94.7,41.9
2020,2,28,0,18.4,5.7,12.2,68,94.5,40.6
2020,2,29,0.8,19.5,7,12.4,66.8,94.2,27.2
2020,3,1,4.2,18.1,7.1,11.5,72,93.3,37.1
2020,3,2,0,19.3,6.5,12.3,57.3,92.7,16.2
2020,3,3,0,15.7,5.5,10.9,51.9,79.8,35.3
2020,3,4,0,18.2,4.7,11.2,57.8,90.2,23.5
2020,3,5,0,19.2,5,11.3,54.8,83.6,16.5
2020,3,6,3.4,16.5,4,9.4,66.7,88.1,32.9
2020,3,7,0.2,19.3,3.5,10.8,60.7,89.2,25.6
2020,3,8,0,19.5,5.1,11.9,51.6,75.2,26.6
2020,3,9,0,18.6,7.1,12.3,54.1,77.5,24.6
2020,3,10,0,17,4.4,11,56.8,86.1,30.6
2020,3,11,0,17.1,4.8,10.8,58.4,82,29.3
2020,3,12,0,18.5,4.6,12,56.5,89.8,26.5
2020,3,13,5.6,18.2,6.5,11.2,64.6,89,34.5
2020,3,14,17.2,18.5,7.6,12.1,67.7,95.9,34
2020,3,15,25.8,18,6.8,10.8,76.9,98.9,43.1
2020,3,16,23.2,16.4,5.4,10,81,98.9,49.6
2020,3,17,74.8,17.5,4.8,9.6,82.3,100,45.8
2020,3,18,7,15.8,5.3,9.5,85.1,100,58.4
2020,3,19,1.2,14.7,6.5,10.3,81.4,97.2,59.8
2020,3,20,22.2,15.2,7.2,9.7,83.9,96,58.9
2020,3,21,1.4,15.9,5.8,9.8,76.8,95.9,48.8
2020,3,22,0,16.7,5.1,11.2,68,88,44.8
2020,3,23,0,17.9,6.2,12.1,65.6,91.6,37.9
2020,3,24,0,19.9,6.2,12.8,62,91.7,23.6
2020,3,25,0,19.2,6.2,12.6,61.2,88.9,41.4
2020,3,26,1,17.9,6.2,12,60.1,88.4,42.8
2020,3,27,0,18,4.5,10.8,62,95.3,14
2020,3,28,0,18.3,3.1,11.2,52.1,75.8,35.7
2020,3,29,0,19.2,7,12.6,58.4,82.8,26.4
2020,3,30,0,18.1,3.4,12,54.1,86.9,28.8
2020,3,31,0,18.1,5.1,11.9,60.9,90.7,33.3
2020,4,1,0,19.4,5.4,12.5,55.2,87.5,16.9
2020,4,2,0,19,4.9,12.2,52.9,84.6,25.4
2020,4,3,17.2,19.3,4.6,11.5,62.2,87.1,27
2020,4,4,2.8,17.2,5.6,10.2,71.7,88.3,42.8
2020,4,5,0,18,5.5,11.3,58.5,94.5,21
2020,4,6,0,18.4,3.1,10.7,43.6,67.8,19.1
2020,4,7,0.2,17,6.5,11,60.3,83.3,32.8
2020,4,8,0,16.2,3,10.4,54.6,90.4,29.6
2020,4,9,0,18.1,4.2,10.5,36.8,58.3,15.7
2020,4,10,0,17.6,1.3,9.4,35.2,55,14.6
2020,4,11,0,16.3,-1.3,8.1,32.7,64,10.5
2020,4,12,0,16.4,-1.7,7.8,27.6,52.1,8.7
2020,4,13,0,16.4,-0.5,8.3,22.6,47.1,6.7
2020,4,14,0,16,-1.3,7.6,27.3,47.2,8.7
2020,4,15,0,15.6,-2.3,6.8,25.8,51.6,8.1
2020,4,16,0,15.5,-1.3,7.8,36,79,14.7
2020,4,17,0.8,13.9,1.4,7,63.2,84.4,34.8
2020,4,18,0,13.6,0.3,7.2,54.1,93.3,14.7
2020,4,19,0,15.8,-0.4,8.2,44.5,87.6,14.6
2020,4,20,0,15.3,2.1,9.3,49.9,82.3,28
2020,4,21,0,15.5,1.6,9.2,54.6,88.7,28.7
2020,4,22,0,16,2.2,9.4,33.1,57.4,22.9
2020,4,23,0,16.7,0.4,8.9,27.7,43.5,14.7
2020,4,24,0,17.5,0.1,9.6,27.2,45.1,16.6
2020,4,25,0,18.6,2.4,10.4,31.1,46.6,18.3
2020,4,26,0,17.6,2.4,10.2,36.2,73.1,18
2020,4,27,0,17.3,2.8,9.8,55.2,88.5,26.1
2020,4,28,0,17.8,0.6,9.9,38.6,73.9,19.7
2020,4,29,0,17.1,2.3,10.1,35.6,62.4,23.5
2020,4,30,0,17.8,3.9,10.2,54.3,89.5,22.8
2020,5,1,0,18.3,2.3,10.6,45.6,77.6,23.4
2020,5,2,0,18.7,3.8,11.3,52,88.3,19.7
2020,5,3,0,18.5,4.2,11.4,39.7,66.8,16.9
2020,5,4,0,15.8,1.3,9.1,27.5,64.4,10.2
2020,5,5,0,14.6,1.5,7.8,25.7,35.9,17.3
2020,5,6,0,15.2,-1.9,7.7,26.2,50.7,8.8
2020,5,7,0,16.5,-2,7.3,24.8,45.8,8.2
2020,5,8,0,17.5,-1.7,8,33.1,73.4,9
2020,5,9,0,18.1,1.5,9.5,40.5,70,12.1
2020,5,10,0,18.2,0.8,10.1,27.5,59.9,9.5
2020,5,11,0,15.1,-0.4,7.8,21.1,33.4,11.7
2020,5,12,0,14.4,-3.7,5.5,26.2,41.5,10.8
2020,5,13,0,11.1,-4.8,3.8,31.2,52,14.1
2020,5,14,0,12.2,-4.7,4.2,21.9,44.2,7
2020,5,15,0,12.1,-5.5,3.5,20.7,35.9,11.1
2020,5,16,0,14.5,-4.8,5.7,26.2,54.9,9.2
2020,5,17,0,14.8,-1.3,7.1,36,63.2,18.2
2020,5,18,0,15.1,-0.7,7.4,30,44.1,18.8
2020,5,19,0,15,-1.9,6.5,29.7,44.9,15.9
2020,5,20,0,14.8,-3.9,5.6,30.9,49.6,12.2
2020,5,21,0,15.5,-2.5,6,34.1,49,17.8
2020,5,22,0,14.5,-2.8,5.7,26.8,53.6,6.7
2020,5,23,0,14.7,-5.2,5.6,17.8,36.3,4.4
2020,5,24,0,16.1,-3.8,5.6,19.3,32.3,7.4
2020,5,25,0,16.7,-3.8,6.3,20.6,46.6,7.7
2020,5,26,0,16.2,-3.4,6.9,24.6,48,9.9
2020,5,27,0,16.4,-3.3,7,20.1,37.8,7.8
2020,5,28,0,14.9,-3.5,6.7,19.8,45.7,11.1
2020,5,29,0,15.3,-2.3,6.3,18,25.4,10.6
2020,5,30,0,15.2,-2.2,7.2,25,34.1,17
2020,5,31,0,13.8,-1,6.5,36.2,51.8,19.6
2020,6,1,0,12.7,-2.5,4.9,42.7,67.5,20.3
2020,6,2,0,11.5,-4.5,3.3,36.3,63,22
2020,6,3,0,8.6,0.9,7.1,25,28.9,24
2020,6,4,0,13.3,0.9,8.6,20.2,24.3,11.9
2020,6,5,0,14.6,-3.2,5.7,28,45.3,18.2
2020,6,6,0,14.6,0.8,6.9,41.3,56.2,30.3
2020,6,7,0,14.8,-1.7,6.6,50.3,71.9,30.9
2020,6,8,0,15.2,-2.3,7.5,40.9,69.6,17.6
2020,6,9,0,15.9,-0.8,7.3,36.4,61.1,15
2020,6,10,0,16.8,-0.9,8.1,31.1,55.3,14.4
2020,6,11,0,17.2,-0.5,8.3,28.7,42.2,15.3
2020,6,12,0,15.5,1.8,7.8,36.3,51,19.6
2020,6,13,0,14.6,-0.8,7.1,43.6,76.5,22.2
2020,6,14,0,17,2.6,8.4,56.6,81.4,24.5
2020,6,15,0,16.3,2.3,8.7,35.4,56.7,18
2020,6,16,0,15.7,-0.5,7.9,35.6,50.9,23.9
2020,6,17,0,17.6,0,7.6,32.2,56.4,10.6
2020,6,18,0,14.6,-3.7,5.6,19.8,30,10.3
2020,6,19,0,16.5,-4.4,6.7,17.6,33.2,7.8
2020,6,20,0,17.6,-2.6,7.6,14.7,27.3,7
2020,6,21,0,16.1,-3.6,7.3,14,27.8,6.3
2020,6,22,0,15.8,-3.4,6.8,15.7,26.4,4.7
2020,6,23,0,14,-4.1,4.9,12.8,22.4,5.7
2020,6,24,0,13,-4.6,3.9,12.2,24.7,5.5
2020,6,25,0,12.7,-5.2,4.1,15.6,26.1,9.6
2020,6,26,0,14.1,-4.4,4.3,21.8,35.7,8.4
2020,6,27,0,12.6,-6.4,3.3,21.2,51.5,7.7
2020,6,28,0,14.1,-7.7,4.5,13.4,25.3,5.7
2020,6,29,0,14.8,-4.9,4.4,12.9,33.1,5.4
2020,6,30,0,13.3,-5.4,4.3,14.1,22.4,7.1
2020,7,1,0,14.1,-5.8,4.4,16,35.3,7.1
2020,7,2,0,13.3,-5.5,4.4,14.9,24.6,7
2020,7,3,0,14.1,-6.8,3.6,16.2,42.2,4
2020,7,4,0,14.1,-8.3,3.5,17.9,41.3,5.5
2020,7,5,0,12.6,-5.3,4,8,13.7,4.6
2020,7,6,0,15.5,-3.7,5.9,11.6,21.1,6.7
2020,7,7,0,13.2,-4.5,4.5,18.5,31.5,6.3
2020,7,8,0,10.5,-10.2,1.1,14.5,33.8,3.7
2020,7,9,0,12.5,-8.3,2,9.8,22.8,3.4
2020,7,10,0,13.1,-8.3,1.9,17.5,36.1,4.2
2020,7,11,0,12.5,-8.9,1.7,10.6,21.3,3.5
2020,7,12,0,14.9,-7.9,3.8,10.8,20.6,4.5
2020,7,13,0,15.5,-7.2,4.5,11.8,26,5.3
2020,7,14,0,15,-4.2,5.6,17.9,29.3,11.7
2020,7,15,0,15,-2.6,6.2,16.3,26.8,9.1
2020,7,16,0,15.4,-2.8,5.5,15.9,27.8,7.2
2020,7,17,0,16.8,-5,6.1,18.9,29.5,9.8
2020,7,18,0,16.4,-3.8,7.2,16.5,25.9,8.1
2020,7,19,0,17.7,-0.8,8.6,16.4,38.1,9.1
2020,7,20,0,17.8,-1.9,8.7,18.3,31.3,4.2
2020,7,21,0,18.3,-3.4,8,19.6,45,7.6
2020,7,22,0,16.4,-4.3,7.1,23.7,56.1,9.8
2020,7,23,0,15.2,-2.9,6.1,14.8,27.2,7.6
2020,7,24,0,12.9,-5.9,4,12.7,25.4,3.7
2020,7,25,0,12,-6.9,2.7,13,25.2,5.1
2020,7,26,0,13.3,-6,4,15.5,28,7.4
2020,7,27,0,13.6,-6,4.4,8.5,14.3,4
2020,7,28,0,14.6,-8.4,3.9,10.6,20.6,4.3
2020,7,29,0,15.9,-5.7,5,25.4,74.6,7.9
2020,7,30,0,16.3,-4.5,6.2,13.5,35.7,3.3
2020,7,31,0,16.9,-2.8,7.9,14.3,22.9,9.2
2020,8,1,0,19,-2.2,8.5,24,43.1,8.4
2020,8,2,0,19,-0.2,9.6,15.9,30.6,7.6
2020,8,3,0,18.4,-1.7,9.5,20.2,42.4,8.1
2020,8,4,0,18.3,1,8.9,19.5,37.4,7.7
2020,8,5,0,17.6,-2.7,7.7,8.5,15.8,3.9
2020,8,6,0,18.2,-2.8,8.2,16.4,31.7,5.5
2020,8,7,0,17.7,0.9,8.6,24.5,46.9,6.1
2020,8,8,0,16.9,-2.7,8,14.8,31.1,5.7
2020,8,9,0,17,-3.3,7.5,9,22.8,4.5
2020,8,10,0,16.7,-3.9,7.3,8.9,26.2,5.6
2020,8,11,0,13.6,-0.5,6.7,14.3,24.7,7.5
2020,8,12,0,13.2,-6.3,4.6,15,32.8,7.1
2020,8,13,0,13.9,-5.3,3.8,16.6,26,6.1
2020,8,14,0,13.5,-5.9,3.7,16.3,29.9,6
2020,8,15,0,14.5,-7.1,3.6,16,28.8,4.5
2020,8,16,0,15,-5.7,4.7,20.2,31.2,9.3
2020,8,17,0,14.5,-2.8,6,29.5,46.8,17.7
2020,8,18,0,13,-0.1,5.8,37.7,59.1,14.6
2020,8,19,0,14.1,-5.8,3.8,39,68.2,10.9
2020,8,20,0,16.6,-3.1,5.4,34.7,62.4,7.7
2020,8,21,0,16.6,-4.1,5.9,24.2,48.9,5.8
2020,8,22,0,15.1,-3.9,5.7,24.1,44,7.7
2020,8,23,0,15.8,-4,6.2,30.1,47.7,18
2020,8,24,0,17.1,-0.5,8.7,31.8,54.6,15
2020,8,25,0,15.7,-1.3,6.9,48.6,78.6,26.2
2020,8,26,0,17.2,-1.9,8.1,39.1,69.9,21.6
2020,8,27,0,18.9,0.1,9,29.3,45.9,12.8
2020,8,28,0,18.8,0.2,9.9,17.6,30.6,9.9
2020,8,29,0,18.9,0.8,10.2,12.2,16.3,8.5
2020,8,30,0,18.5,1.8,10.4,24.8,54.3,12.1
2020,8,31,0,16.1,3.6,9.4,44.4,66,20.6
2020,9,1,0,18.1,3.8,9.7,50.1,79.8,24.1
2020,9,2,0,16.5,1.3,8.7,15.5,32.2,2.7
2020,9,3,0,16.4,-6.7,5.9,8,14.9,3.4
2020,9,4,0,18.6,-2.1,8.5,8,12.4,4.4
2020,9,5,0,18.8,0.7,10.2,8.2,10.8,5.8
2020,9,6,0,19.3,2.5,11.7,9,22,4.8
2020,9,7,0,17.7,2,10.9,20.5,64.5,6.3
2020,9,8,0,18.5,1.6,10.5,24.6,51.9,10
2020,9,9,0,18.5,3,10.4,21.9,61.4,7.1
2020,9,10,0,17.6,5.2,10.3,46.1,67,18.5
2020,9,11,0,18.5,0.2,10.3,38.2,80.1,11
2020,9,12,0,18.2,2.1,10.4,26,55.8,14
2020,9,13,1.6,17.1,3,9.5,54.9,86.6,26.3
2020,9,14,21.6,15.5,3.1,8.1,71.6,92.7,35.2
2020,9,15,7,9.3,0.7,4.4,90.2,100,58.3
2020,9,16,0,14.2,0.7,7.2,47.3,91.1,22.9
2020,9,17,0,14.1,0.1,7.4,32.4,53.1,14.7
2020,9,18,0.2,13.3,4,8.1,46.5,79,19.7
2020,9,19,0,15.7,-0.3,8.2,49.8,92.1,15.3
2020,9,20,0,18.8,1.9,9.3,28.2,70.6,9.4
2020,9,21,0,16.4,-1.7,7.5,32.3,64.6,10.4
2020,9,22,0,14.8,-3,6.7,22.6,45.6,6.1
2020,9,23,0,18.2,-0.9,9.5,19,42.7,6.6
2020,9,24,0,19,-1.4,9.8,22.3,54.3,4.8
2020,9,25,0,19.1,-1.3,10.4,33.3,73.7,5.7
2020,9,26,0,19,3.3,11.2,15.7,28.5,7.1
2020,9,27,0,17.9,0,9.6,25.3,59,12.7
2020,9,28,0,17.4,3.7,10.1,53.6,83,23.6
2020,9,29,4.8,17.1,3.1,9.4,60.2,92.7,25.2
2020,9,30,0.8,17.2,2.5,9.5,52.6,81.8,22
2020,10,1,0,17.2,1.2,10.6,38.3,83.1,20.9
2020,10,2,0,18.5,3.9,10.5,56.7,84.8,27
2020,10,3,0,19.1,5,11.9,47.8,79.5,20.8
2020,10,4,0,19.1,5.2,12.1,49,77.8,22
2020,10,5,0,19.9,5,12.1,43.7,73.8,11.3
2020,10,6,0,19.6,3.3,11.6,41.8,79.1,15.6
2020,10,7,0,19.1,3.1,11.4,48.1,76.4,22.9
2020,10,8,0,21,4.5,13.1,41.4,73.4,18.1
2020,10,9,0,21.5,4,14.1,29.3,54.5,12.9
2020,10,10,0,21.1,6.3,13.2,42.5,75.8,8
2020,10,11,0,20.7,3,11.5,46.2,78.5,10.6
2020,10,12,2.8,19.1,4.3,10.2,55.8,90.8,18.4
2020,10,13,0,15.9,3.2,8.4,71.9,97,30.8
2020,10,14,0,18.7,2.7,10.5,56.8,95.7,22.5
2020,10,15,3,17,3.8,9.5,66.7,95.8,29.4
2020,10,16,8.6,15.1,3.3,8.7,74.1,97,36.1
2020,10,17,0,17.8,2.3,9.3,64.1,98.2,20.8
2020,10,18,0,18.7,3,10.3,53.5,87.2,19.5
2020,10,19,0,19.3,2.7,12.1,38.8,79.2,13.5
2020,10,20,0,18.5,4.9,12,44.4,75.7,18.6
2020,10,21,19.2,17.7,6.1,10.8,57.5,94.6,25.9
2020,10,22,4.6,15.9,3.9,8.6,74.1,98.3,39.7
2020,10,23,0,18.6,2.5,11,47.5,93.3,15.4
2020,10,24,0,18.5,2.4,10.7,23.9,46.8,6.6
2020,10,25,0,20.4,1.8,12,22.2,42.7,12.3
2020,10,26,0,20.7,4.4,13.2,14.9,24.7,10.7
2020,10,27,0,19.3,3.2,11,12.2,25.1,4
2020,10,28,0,16.7,-2.6,7.9,12.3,27.1,3.8
2020,10,29,0,18.4,-1.2,8.6,13.2,23.8,6.1
2020,10,30,0,18.5,-1.4,9.5,11.3,25.3,4.3
2020,10,31,0,19,0,9.8,15.4,24.4,4.9
2020,11,1,0,18.9,1.9,10.5,13.8,29.4,3.5
2020,11,2,0,18.2,-0.5,9.7,12.2,29.9,3.2
2020,11,3,0,18.9,-1.1,10,19.2,54.1,4.7
2020,11,4,0,20,2.7,11.6,40.5,74.4,9.3
2020,11,5,0,20,4.5,12.1,42.4,69.4,17.1
2020,11,6,0.4,19.7,5.1,11.9,48.2,73.7,17
2020,11,7,0,19.9,4.4,12.3,38.8,77.3,9.7
2020,11,8,0,19.8,5.4,12.3,34.5,65.3,12.6
2020,11,9,0,19.8,3.8,12.2,19.5,39.1,10
2020,11,10,0,18.4,1.2,10.5,14.6,26.6,4.5
2020,11,11,0,19.1,1.3,10.6,11.7,22.4,6.5
2020,11,12,0,18.4,-0.6,10.1,10.4,22.5,3.2
2020,11,13,0,18,-2.1,9.3,11.1,24.6,3.1
2020,11,14,0,20,-0.4,10.4,10,23.6,2.8
2020,11,15,0,21.2,2,11.5,7.6,13.9,3.9
2020,11,16,0,20.6,0.4,11.5,6.9,12.1,3.3
2020,11,17,0,20.6,0.2,10.2,8.7,14.9,3
2020,11,18,0,19.5,-2.8,9.2,8.3,16.7,3.1
2020,11,19,0,19.1,-2,9.3,9,14.7,3.2
2020,11,20,0,18.4,-2,9.4,8.7,20,3.3
2020,11,21,0,19.9,0,10.7,7.1,20.5,3.9
2020,11,22,0,20.8,1.8,12.8,26.7,52.5,5.5
2020,11,23,1,21.7,4.8,12.4,48,77.1,14.6
2020,11,24,0,21.8,5.5,13.9,43,75.2,15.4
2020,11,25,0,22.9,6.2,14.9,33,55.9,8.2
2020,11,26,3.4,21.5,5.9,12.5,44.6,66.8,12.4
2020,11,27,0.4,20.5,4.1,12.1,51.9,78.1,21.5
2020,11,28,0,21.9,2.5,12.9,47,89.8,16.4
2020,11,29,0,21.8,5.8,14.3,43.4,84.8,13.5
2020,11,30,0,22.9,7.7,14,46.7,73.2,12.9
2020,12,1,0.8,19,5.3,10,68.8,91.6,29.7
2020,12,2,0,21,4.7,14.9,35.8,93.3,8.6
2020,12,3,0,22,4.2,13.5,26.4,56.5,9.6
2020,12,4,4.4,20.5,5.1,11.6,53,82.7,25.6
2020,12,5,0.4,18.8,6,12,61.9,88.9,27.3
2020,12,6,0,20.8,4.5,12.5,58.3,91.2,17.9
2020,12,7,0,19.9,5.9,12.8,41.4,86.9,4.3
2020,12,8,0,20.5,1.9,11.7,10.6,22.9,3.3
2020,12,9,0,20.6,2.9,12.7,23.5,64.6,7.3
2020,12,10,0,17.9,5.4,11.8,47.3,73.3,24.4
2020,12,11,0,22.2,3.5,13.6,31.7,59.8,8.8
2020,12,12,0,22.5,3.6,13.7,36.2,74.1,11.1
2020,12,13,0,21.6,2.5,13.3,19.4,42,5.9
2020,12,14,0,20.4,6.2,13.4,11.1,21.1,3.8
2020,12,15,0,19.3,0.8,11.1,12.3,29.5,3
2020,12,16,0,21.1,2.8,12.6,18.9,48.9,4.6
2020,12,17,0,21.4,6,13.6,43.1,74.7,13
2020,12,18,0,22.1,3.9,13.1,40.3,76.9,15.3
2020,12,19,0,22.1,3.6,13.8,18.2,38.8,8.6
2020,12,20,0.4,18.9,5,12.1,39,69.4,14.8
2020,12,21,0,20.5,5,12,59.5,88.1,23.5
2020,12,22,0,20.6,6.2,13.3,48.3,86.1,21.4
2020,12,23,14.2,20.7,6.7,12.8,57.8,93.9,24.4
2020,12,24,2,17.1,6.4,10.7,74,97.4,39.1
2020,12,25,0.4,14.8,7.1,9.8,79.5,97.6,53.9
2020,12,26,18.2,13.8,4.5,9.3,77.6,93.4,54
2020,12,27,1,17.6,6.6,11.2,72.3,96.5,41.7
2020,12,28,0,17.6,7.2,12,59.4,84.6,35.5
2020,12,29,35.8,16.7,6.3,11,71.1,98.3,42.2
2020,12,30,15.4,14.5,6.4,9,85.7,98.8,61.1
2020,12,31,0,18.9,5.4,11.4,63.8,92.2,28
2021,1,1,0,20.2,5.4,12.7,56.7,89.5,23.5
2021,1,2,0.2,20.8,7,13.1,54.8,86.1,20.1
2021,1,3,0,20.7,5.9,13.1,53.4,90.4,17.7
2021,1,4,0,19.7,6.4,12.8,42.8,83.1,9.5
2021,1,5,3.8,18.2,2.5,11,30,55.8,12.9
2021,1,6,2.2,16.8,5.2,9.9,66.2,91.5,37.3
2021,1,7,14.4,12.8,6.8,8.1,87.7,97,64.2
2021,1,8,0,17.3,5.6,9.9,73.1,96,25.2
2021,1,9,0.6,18.2,1.9,10.9,46.4,73.3,26.1
2021,1,10,10,20,6.7,11.6,65.8,93.6,26.7
2021,1,11,0,19.6,5,12.1,61.8,94.8,26
2021,1,12,25.2,18.5,6.3,12.5,60.9,97.5,35.2
2021,1,13,7.2,16.3,6.3,10.1,80,97.7,49.3
2021,1,14,32,16.4,6.7,10.3,81.8,98.4,53.7
2021,1,15,7.4,17.9,8,11.9,74.2,94.6,50.2
2021,1,16,5.8,18.2,7,11.8,69.5,92.7,41.1
2021,1,17,0.2,16,5.9,10.9,64.6,84.8,43.9
2021,1,18,0,16.5,7.2,11.1,74,92.1,48.7
2021,1,19,17,17.2,5.9,10.1,75.4,91.6,42.9
2021,1,20,0.2,17.2,5.5,10.4,73,94.5,41.4
2021,1,21,53.2,12.4,4.9,8.2,85.8,100,62
2021,1,22,0.6,13.8,4.8,8.2,85.1,100,57.7
2021,1,23,1.4,15.9,3.5,9.4,76.7,99.9,45.5
2021,1,24,19,14.5,5.7,8.9,83,97.2,55
2021,1,25,8.2,14.2,6.4,8.8,87.1,98.2,67
2021,1,26,0,15.1,3.5,8.9,58.8,84,26.6
2021,1,27,0,16.9,0.9,9.1,44.5,76.6,19.7
2021,1,28,0,16.2,0.9,9.3,34.6,66.6,11.9
2021,1,29,0,17,1.9,9.5,33.3,61.6,12
2021,1,30,0,19,-0.1,10.6,29.1,63.1,11.9
2021,1,31,0,20.7,3.2,12.7,31.4,64.5,14.7
2021,2,1,0,21.1,5.3,13,51.6,87.4,15.6
2021,2,2,28.2,18.9,6.5,10.7,63.9,83.8,34.3
2021,2,3,6.2,17.3,5.3,10.8,71.3,91,39.5
2021,2,4,0,16.9,6.6,11.3,71,92.5,45.2
2021,2,5,2.4,18.7,5.6,11,71.3,94.7,38.4
2021,2,6,0.4,20.5,6.8,13.1,61.1,91.5,21
2021,2,7,9.4,20,7.3,11.8,69.5,92.1,35.1
2021,2,8,21,18.6,5.7,11.4,69.1,94.2,38.7
2021,2,9,0,18.9,5.7,11.8,55.7,93.5,13.3
2021,2,10,0,17.8,2.6,10.9,32.6,68.5,8.9
2021,2,11,0,17.3,1.9,10.2,32.7,57.9,10.7
2021,2,12,0,17.9,1.1,10.3,30.5,60.2,10
2021,2,13,0,20.6,4.2,11.8,28.4,55.8,8.9
2021,2,14,0,19.7,2.9,11.9,33.2,57.3,9.6
2021,2,15,0,18.8,1.6,10.9,38,75.2,9.6
2021,2,16,0,18.4,2.1,10.7,30.5,65.2,9.5
2021,2,17,0,18.6,2,10.6,29.2,55.7,11.9
2021,2,18,0,17.9,4.1,10.9,42.1,79.3,24.8
2021,2,19,2.2,18.9,6.2,12,51.2,85.5,28
2021,2,20,18.2,17,6.1,9.9,78,97.7,44
2021,2,21,2.8,18.2,5.9,11.4,69.9,96.4,37.2
2021,2,22,0,19.2,5.5,12.4,56.9,94.8,20.1
2021,2,23,0,19.6,3.6,12.7,44.9,76.5,22.8
2021,2,24,0,17.6,4.6,11.8,53.9,81.1,31.7
2021,2,25,0,19.8,3.9,12.2,51.4,82.9,19.8
2021,2,26,0.2,18.2,7.1,12.4,55.8,79.3,32
2021,2,27,0,18.9,5.4,12.2,58.8,90.7,26.3
2021,2,28,2.2,18.7,7,11,64.4,86.5,34.2
2021,3,1,1.6,16.7,4.8,9.7,77.2,98.6,43.2
2021,3,2,0.2,18.6,4.4,10,72.2,96.4,34.4
2021,3,3,0,19,4.2,11.2,62.3,93.2,27
2021,3,4,2.2,19,5.6,12.1,63.4,92.6,35.7
2021,3,5,13,13.5,5.6,9.2,81.1,93.2,57.8
2021,3,6,0,17.4,5.1,9.7,70.9,95.7,29
2021,3,7,0,19,3.9,11.3,58,91.3,23.6
2021,3,8,0,18.2,5.2,10.5,54.1,77.7,24
2021,3,9,0,18,2.6,10.2,53.3,88.7,22.1
2021,3,10,0,17.3,1.5,10.1,48.5,81.8,19.3
2021,3,11,1.8,18.1,3.1,10.6,47.2,80,15.9
2021,3,12,38.2,16.7,3.4,9.6,60.6,95.5,25.3
2021,3,13,0,14.5,4.5,9.1,73.5,97.6,42.6
2021,3,14,6.2,15.2,5.1,10.4,66.4,91.8,38.8
2021,3,15,1.4,15.4,5,9.9,75.6,97.4,45.4
2021,3,16,0,17,4.5,10.9,60.1,95.7,30.3
2021,3,17,0,18.8,2.9,11.2,44.9,70.5,23.2
2021,3,18,0,16.9,5.4,11,62.4,87.9,34.6
2021,3,19,0,17.2,4.7,10.5,61.5,90.6,31
2021,3,20,0,16.7,6,10.6,53.9,65.4,37.9
2021,3,21,1.4,17.4,6.7,11.7,58.2,76.3,39.2
2021,3,22,1.4,15.2,6.2,9.7,74,94.6,46
2021,3,23,0,16.7,4.4,10,68.1,95.8,33.1
2021,3,24,21.6,16.8,5,9.6,71.2,92.4,38.7
2021,3,25,0,17.4,3.2,10.6,68,97.5,39
2021,3,26,1,18.7,4.7,11.3,61.2,89.6,29
2021,3,27,35,18.1,5.5,10.6,68.4,98.3,30.6
2021,3,28,0.6,15.8,5,9.5,77,95.4,45.8
2021,3,29,0.8,17.5,5.9,10.8,69.2,92.3,32
2021,3,30,0,17.8,3.3,10.4,62.3,91.1,27.8
2021,3,31,0,17.7,4.8,10.1,66.3,90.4,32.2
2021,4,1,0,16.8,2.8,9.4,50.9,94.3,7.7
2021,4,2,0,17.6,1.4,9.7,26.8,58.6,13.1
2021,4,3,0,16.6,5.3,10.2,59.2,82.4,26.9
2021,4,4,0,15.8,4.8,10,59.8,88.6,31.6
2021,4,5,0,15,5,10.1,49.6,84,28.8
2021,4,6,0,17.2,2.5,10.1,39.2,64.2,22
2021,4,7,0,18.2,1.1,10.5,32.4,66.6,14
2021,4,8,0,19,2.6,10.8,24.4,41.8,14.1
2021,4,9,0,18.2,-0.2,10.3,18.6,30.4,12.4
2021,4,10,0,18,4.3,11.2,50.3,86.6,17.8
2021,4,11,0,18.7,1.8,10.7,40.2,71.4,16.1
2021,4,12,0.2,17.1,5.2,10.2,68,93.2,37.4
2021,4,13,0,17.5,3.9,10.2,65.6,93.2,31.9
2021,4,14,0,18,5.3,11.6,54.6,84.1,21.1
2021,4,15,0,18.2,1.3,10.1,34.3,81.5,12.9
2021,4,16,0,18.3,1.2,10,21.3,42.8,6.8
2021,4,17,0,16.6,-1.6,8.5,18.7,36.4,9.8
2021,4,18,0,18.2,0.4,9.9,19.3,38.7,8.1
2021,4,19,0,17.1,0.2,8.5,17.8,33.6,6.9
2021,4,20,0,17.6,-0.8,8.9,27.1,60.9,8.5
2021,4,21,0,17.2,-0.2,9,21.1,56.5,7
2021,4,22,0,16.5,-0.6,8.3,14.7,22.9,8.2
2021,4,23,0,16.3,0.4,7.8,24.7,40.1,10.6
2021,4,24,0,16,-2.8,7,27.9,52.2,9.2
2021,4,25,0,14.5,-4.7,5.6,20.9,43.9,5.1
2021,4,26,0,14.2,-5,5.1,19.7,33.7,6.3
2021,4,27,0,14.4,-4.5,5.6,28.5,47.8,15
2021,4,28,0,12.7,-0.6,6.1,29.4,51.2,16.6
2021,4,29,0,14.6,-2.7,5.7,26.5,43.2,15.4
2021,4,30,0,15.4,-2.3,6.5,21.1,45.5,5.2
2021,5,1,0,15,-5.5,5.7,12.8,28.2,5.5
2021,5,2,0,16,-3.5,6.6,13.4,28.9,6.3
2021,5,3,0,16.9,-3.3,7.4,18.7,32.8,11
2021,5,4,0,18.6,-1.5,9.8,28.1,51.7,13.3
2021,5,5,0,18,-0.3,9.7,28.3,48.7,14.6
2021,5,6,0,16.8,0.8,9.1,15.6,31.7,8.2
2021,5,7,0,16.6,2.9,8.9,19.1,30.8,11.7
2021,5,8,0,16.7,0.9,9.4,30.7,64.6,18.1
2021,5,9,0,16.7,-0.4,9,52,92.9,22.3
2021,5,10,0,17.4,0.1,9.6,31.8,56.5,17.2
2021,5,11,0,17.2,1.2,9.7,31.9,67.2,20.1
2021,5,12,0,17,3.6,9.8,39.9,58.6,22.2
2021,5,13,0,16,2.7,9.2,44.2,75.5,21.9
2021,5,14,0,14.8,0.8,7.5,29.6,49,18.2
2021,5,15,0,14.2,-0.4,6.8,29.2,49.6,11.4
2021,5,16,0,14.5,-3.9,6.1,29.2,55.9,15.6
2021,5,17,0,15.3,-3.6,6.9,22.4,44.3,11.4
2021,5,18,0,15.3,0.6,7.5,45.1,85.6,14
2021,5,19,0,13.2,-3.2,5.2,22.3,43.2,8.4
2021,5,20,0,15,-4.1,5,23.6,37.6,10.1
2021,5,21,0,12.8,-5.4,4.5,23.7,50.1,8.4
2021,5,22,0,15.4,-6.1,4.8,18.3,39.7,5.8
2021,5,23,0,14.3,-5.1,5.1,12,19.5,6.5
2021,5,24,0,15.8,-1.3,6.8,11.9,20.3,6.3
2021,5,25,1.6,15,-3.2,6.3,15.6,42,7.6
2021,5,26,4.2,12.5,2.4,6.3,70.7,91.7,45.1
2021,5,27,0,13.9,1.5,7.1,72.3,94.6,33.7
2021,5,28,0,12.7,0.4,6.4,55.1,84.6,32.2
2021,5,29,0,13,-0.6,5.4,42,64.3,20.1
2021,5,30,0,13.4,-0.9,5.6,24.7,42.9,13.3
2021,5,31,0,12.3,-4.5,3.5,18,32.9,7.4
2021,6,1,0,13,-4.7,3.5,14,34.3,5
2021,6,2,0,14.7,-5.1,5.1,11.5,17.4,6.9
2021,6,3,0,15.8,-3.8,6.4,21.9,39.8,11.7
2021,6,4,0,15.6,-3.4,6.2,17.1,29.2,6.8
2021,6,5,0,15.3,-1.7,6.7,20.2,33.3,10.1
2021,6,6,0,13.2,-2.4,5.4,16.7,27.8,9.3
2021,6,7,0,12.9,-4,4,19.9,27.6,13.2
2021,6,8,0,12.9,-5.3,3.3,19,30.8,10.2
2021,6,9,0,12.4,-4.9,3.6,21.7,35.2,11.1
2021,6,10,0,10.5,-9.8,1.4,22.1,42.4,10.1
2021,6,11,0,11,-6.2,2.3,14.2,32.5,5.5
2021,6,12,0,10.9,-6.6,1.8,22.1,54.2,7.1
2021,6,13,0,11.7,-7.6,2.1,14.3,22.2,8.4
2021,6,14,0,11.2,-5.1,3.2,28.1,52.3,12.7
2021,6,15,0,13.4,-5.8,4.5,29.8,53.9,17.3
2021,6,16,0,12.6,-4.8,4.1,23.5,42.2,10.9
2021,6,17,0,14.3,-4.5,4.2,23.7,44.6,14.5
2021,6,18,0,14.8,-4,4.3,44,65.2,13.2
2021,6,19,0,13.2,-4.2,4.2,38.8,68.3,14.5
2021,6,20,0,16,-3.5,5.1,20.2,30.9,10
2021,6,21,0,13.9,-5.5,4.4,27.7,48.6,11.2
2021,6,22,0,15.5,-3,6.1,25.6,38.1,16.4
2021,6,23,0,14,-1.3,6,30.3,46.5,16.4
2021,6,24,0,12.4,-6.4,3.1,30,55.5,11.9
2021,6,25,0,12.9,-7.9,4,15,36.2,7
2021,6,26,0,14.7,-5.5,4.7,13.5,27.8,7.6
2021,6,27,0,14.4,-5.4,4.4,26.2,45.7,9
2021,6,28,0,12.1,-6,3.6,24.7,49.3,9
2021,6,29,0,11.1,-6.6,2,13.3,23.6,7.1
2021,6,30,0,12.2,-8.1,2.2,9.9,14.6,7
2021,7,1,0,14,-5.9,4,11.6,17.1,7.1
2021,7,2,0,16,-4.5,5.1,12.1,21.5,5.2
2021,7,3,0,15.7,-4.2,5.8,10.9,20.2,3.7
2021,7,4,0,15.2,-7.9,5,10.2,20.2,5.1
2021,7,5,0,15.2,-6.1,5.1,10,17.8,5.6
2021,7,6,0,15.3,-5.4,5.2,13.1,21.8,7.7
2021,7,7,0,14.4,-2.9,5.9,15.6,24.6,8.9
2021,7,8,0,15.2,-3.6,5.6,17.3,28.2,8.2
2021,7,9,0,14.5,-2.5,5.8,14.5,21.1,7.3
2021,7,10,0,15.6,-5.2,5.5,12.9,23.5,7.1
2021,7,11,0,15.8,-2.8,6.8,33.9,75.9,13.9
2021,7,12,0,16.2,-0.9,8.2,20.5,32.7,11.7
2021,7,13,0,16.5,-3,8.3,24.1,39.5,15.6
2021,7,14,0,15.7,0.2,8.5,35.2,55.5,21.5
2021,7,15,0,16.3,-1.9,6.9,34.8,54.7,20.6
2021,7,16,0,14.6,-2.9,5.9,27.5,51.8,10.6
2021,7,17,0,13.7,-5.4,4.8,19.2,39.4,7.3
