Date,4101,4012,4001,4302,4102,4303,4103,4104,4090,4106,4005,4306,4019,4309,4028,4023,4311,4103-2,4309-2
1975-01-01,180.8,134.4,106.5,120.8,181.7,152.4,98.7,148.4,139,192.5,126.9,145,96.4,138.5,96.6,119.3,56.5,230.9,226.4
1975-02-01,161,237.9,146.2,171.2,91.6,216.2,89.4,140.8,202.5,198.3,127.4,204.1,132.8,195.2,108.7,165.7,82.5,209.1,319
1975-03-01,47.9,47.1,49.2,91.7,45.7,76.3,26.3,34.4,69,58.1,37.2,85,50.5,74.8,31.8,60.5,53.6,61.6,122.3
1975-04-01,17.2,19.6,14.6,7.4,15.7,21.7,9.5,12.1,26,21.7,13.7,16.7,12.2,18,11.9,15.9,0.5,22.2,29.3
1975-05-01,0,10.1,6,5.7,6.5,8.3,4.4,15.9,7,10.5,6.6,7.5,5.1,7.3,5.3,6.4,2.4,10.3,12
1975-06-01,14.2,9.7,5.8,1.3,5.3,4.4,6.9,11.6,5.1,16.2,8.8,0,3.5,2.4,7.3,4.6,0,16.2,3.9
1975-07-01,0,0,0,0,0,0,0,0,0,0,0,0,0,0,0,0,0,0,0
1975-08-01,0,1.7,0,3.4,4.8,4,0.7,1.4,0,2.1,0.1,0,4.7,3,0,16,1.2,1.7,4.9
1975-09-01,6.7,27.1,10.2,14.3,35.8,30.6,7.5,9.5,25,25.8,5.6,53,6.6,30.1,4.7,0,0,17.4,49.2
1975-10-01,18.6,10,1.9,24.5,19.6,47.2,10.7,26.5,40,17,0.8,59,20.9,45.1,0,50.3,0,25.1,73.8
1975-11-01,3.4,11.8,0,55,16.9,22.7,7.1,17.5,10.9,20.9,8.1,55.2,8.9,41.9,2.4,0,41,16.7,68.4
1975-12-01,109.4,56.5,109.1,149.5,62.6,69.2,56.8,85.6,60,90.1,90.1,95.8,252.4,85.6,106.8,28,77,132.9,139.9
1976-01-01,132.4,149.6,167.7,83.9,138.9,154.9,87.5,97.5,133,177.6,207.7,88.3,4,123.4,107.6,210,47.2,204.6,201.7
1976-02-01,84,57.3,84.6,47.1,31.5,62.2,40.6,58.7,64,69.7,68.3,53,61.5,53,49.1,45,17,94.9,86.6
1976-03-01,41.5,62.6,7.3,31.3,33.6,38,23.6,39.6,38,0,32.5,39.3,31.5,31.2,42.4,0,12.6,55.2,51
1976-04-01,30.8,38.8,0,0.4,19.7,7.2,11.1,14.8,0,6.2,0,1.9,0,0.8,0,0,0,25.9,1.4
1976-05-01,0,0.5,5,0,3.3,0.1,0.5,0.8,0,20.5,0,0.2,0,0.1,0,0,0,1.1,0.1
1976-06-01,0,0,0,0,10,0,1,0,0,40.6,0,0,0,0,0,0,0,2.3,0
1976-07-01,0.1,28.6,2,0.2,30.2,1.6,4.8,9.3,8,29.2,0.4,0,0.4,0,0,0,0,11.2,0
1976-08-01,35.3,24.7,12,21.3,27,13.7,17.2,37.3,21.5,40.8,3,6.5,1.1,12.4,1.5,0,17.2,40.2,20.3
1976-09-01,24.5,83.5,22,32.8,54.7,31.7,16.3,26.2,36.5,61.2,7.2,42.7,26,37,0,0,15.6,38.1,60.5
1976-10-01,0,1,0,2.2,6.4,3.6,0,3.1,0,5.2,0,1.2,0,10.1,0,0,0,0,16.5
1976-11-01,0,12.7,0,12.4,7.3,33.8,1.7,5.6,0,42.5,0,33,0,13.7,0,18,0,4,22.4
1976-12-01,65.4,55.3,0,47.7,43.5,64.1,30.8,24.7,93.2,61.7,37.1,43.4,24,64.2,44.2,83,19.5,72,105
1977-01-01,87.9,96.5,33,71.5,72.9,51.2,33.9,66.7,86.2,44.8,55.7,86.6,48,34.9,42,104,44.7,79.2,57
1977-02-01,204.2,95.3,74,141.7,70.9,94.7,64.1,118.6,102.2,56,227.7,100.2,106,115,179.6,143,96.9,150,188
1977-03-01,88.7,97.3,135,86.9,112.2,60.1,76.1,37.4,85.5,53.7,84.5,103.4,102,90.9,56.5,135.7,47.3,178,148.5
1977-04-01,4,1.1,0,3.7,20.2,5.5,2.2,0,0,26.8,1.3,0.7,0,11,0,17,1.3,5.1,18
1977-05-01,6.8,15,5.8,5,19.7,4.1,3.9,4.7,17.7,30.1,2.1,0.7,2.5,0,0,0,4.6,9.2,0
1977-06-01,0,0.6,0,0,0,0,0,0,0,2.1,0,0,0,0,0,0,0,0,0
1977-07-01,0,4.5,0,0,16.2,0,0,0,0,19.8,0,0,0,0,0,0,0,0,0
1977-08-01,0,11.3,0,4.1,0,25.9,0,0,0,9.6,0,0,0,8.6,0,0,0,0,14
1977-09-01,2.8,33.6,0,5.2,35.5,11.6,1.4,4.7,7.5,50.5,0.3,6,0,16,0,0,0.3,3.2,26.2
1977-10-01,8.2,40.3,2,20.4,32,49.1,6.5,8.1,29,28.2,14,26.7,0,36.8,16,35,4.2,15.2,60.2
1977-11-01,58.8,64.4,0,29,58.9,41.8,32.4,58.3,68.7,52.4,56.6,55.6,20,63.5,11,79,3.6,75.9,103.8
1977-12-01,105,102.5,12,107.2,93.6,106.9,52.7,62,111.6,124.2,51.4,136.4,89,109.4,61.5,129.8,59.8,123.3,178.7
1978-01-01,168.4,90.6,13.6,119.1,87.8,165.5,89.6,98.6,116,121.1,137.5,95.6,110,140,114.4,135.2,62.4,209.6,228.7
1978-02-01,100.4,118.5,13,75.5,102.9,85.6,26.7,70.5,61.4,97.5,17.6,72,52,106.5,8.5,73.3,38,62.5,174.1
1978-03-01,53.7,46.1,1.1,46.1,45.3,52.9,23.7,24.3,36.2,72,61.7,68.8,35,28.8,9,43.9,23,55.5,47
1978-04-01,25.1,8.1,0,19,23.4,10.3,19.8,11.8,3.7,89,14.9,14.3,4,49.6,9,0,7.4,46.4,81.1
1978-05-01,0,0,0,0,0,0,0,0,0,5.2,0,0,0,0,0,0,0,0,0
1978-06-01,0,0,0,0,0,0,0,0,0,16.6,0,0,0,0,0,0,0,0,0
1978-07-01,14.2,0,0,1.1,0,0,0,1.2,0,10.4,0.2,0.6,0,6.1,0,0,0,0,10
1978-08-01,11.9,19.5,0.2,5.5,23.1,0,1.8,4,0.1,39,0.6,10.1,0,22.5,0,0,0,4.2,36.7
1978-09-01,1.5,4.5,0,1.6,14.2,3.2,0,0.1,0.8,59.7,0.3,3,0,4.4,0,0,0,0,7.2
1978-10-01,4,7,0.4,9.2,5.5,20.1,6.6,6,14.7,53,4.5,11,5,21.7,11.5,28,1.5,15.5,35.5
1978-11-01,44.1,28.9,15.7,30.5,71.8,23.6,36.1,39.9,32.8,64,37.2,35.6,44,29,17,32,12.6,84.4,47.4
1978-12-01,144.7,71,6.2,156.6,82.2,114.8,59.4,190,70.1,113.1,108.1,151.2,39,153.1,42.5,98.6,93.4,139,250.1
1979-01-01,188.7,171.4,259,140.7,197.8,291.2,111.8,156.6,328.2,186.5,178.8,131.9,249,134.8,133.6,299.5,64.1,261.5,220.3
1979-02-01,31.8,45.2,6,25.5,64,41.8,26.1,59.4,11,104.6,17.5,39.9,0,58.9,13.4,20,4,61.1,96.3
1979-03-01,104.5,88.1,67,41.9,75.5,77.9,52.1,96.7,62.3,135.4,39.4,79.2,54,60.5,38,22,8.5,122,98.8
1979-04-01,6.2,35.9,0,8.1,31.9,16.1,4.9,2.4,15,107.6,0.1,20,0,15.1,0,0,0,11.5,24.6
1979-05-01,2.9,0,0,0,0,0,0.7,0.8,0,60,0,0,0,0,0,0,0,1.8,0
1979-06-01,0,0,0,0,1.5,0,0.2,0.1,0,28.2,0,0,0,0,0,0,0,0.4,0
1979-07-01,6.3,12.5,0,0,18.4,0,3.4,1.2,0,45,0,0,0,0,0.2,0,0,7.9,0
1979-08-01,0,0,0,0,0.9,0,0.1,0,0,70.5,0,0,0,0,0,0,0,0.2,0
1979-09-01,3.9,5.1,0,0.7,12.1,0,2.4,0,0,51.9,2.6,1.8,0,2,0,0,0,5.6,3.2
1979-10-01,22.8,19.2,0,11.2,46.2,22.2,13.2,17.1,6.5,102.9,5.7,16.8,0,35.1,1,0,0,31,57.4
1979-11-01,22.4,40.1,0,13.1,21.8,26.4,10.1,2,19.9,92.7,21.3,24.5,0,34.2,0,15,0,23.7,55.9
1979-12-01,145.7,102,39,53.2,122.4,95.3,71,82.9,90.4,184.8,98.7,78.8,77,80.5,70.2,228,15.2,166.2,131.5
1980-01-01,51.8,28.1,1.2,25.3,48.8,76.4,30.9,48.2,16.6,81.5,45.1,41.7,0,21.5,10,0,5.5,72.3,35.2
1980-02-01,28.9,51.6,1,23.6,40.5,54.4,21.5,23.6,15.1,68.8,12.5,37.5,20,47.5,18.4,17,3,50.2,77.6
1980-03-01,111.6,45.6,1,47.9,91.4,51.2,72.5,59.1,86.9,107.1,104.5,50.4,85,70.9,68,83,22.1,169.7,115.8
1980-04-01,9.7,14.7,0,0.1,13.1,0.9,0,0,6.1,66.7,0,0,0,0,0,0,0,0,0
1980-05-01,2.3,3.4,0,0.4,0,0,3.5,6.2,1,37.2,0,0,0,2.8,0,0,0,8.3,4.5
1980-06-01,0,0,0,0,1.4,0,0,0.1,0,24,0,0,0,0,0,0,0,0,0
1980-07-01,14.3,10,0,1.7,15.1,5.3,19.7,3.6,9.2,40.4,3.5,2,0,4.9,3.5,0,0,46.2,8
1980-08-01,6.7,10.5,0,10.4,18.2,20.9,7.9,1.3,15.1,37.4,0,16.5,0,31.5,0,3,0,18.6,51.4
1980-09-01,27.3,63,0.2,3.9,86.4,14.7,11,9.5,3.2,54.6,0.1,4.9,0,8.8,0,10,0,25.7,14.3
1980-10-01,47,33.3,0.2,18,13.9,62.4,15.3,14.8,45.8,47.2,20.9,23,25,43,15,0,0,35.8,70.3
1980-11-01,9.4,3.1,0.2,9.3,22.9,6.4,25.5,14.7,2,42.7,1.8,22,6,26.9,0,6,0,59.7,44
1980-12-01,56.4,9.6,0,14.9,56.6,54.7,54.9,28.1,7.6,63.1,6.2,25.3,0,25.1,5.6,20,0,128.5,41
1981-01-01,101.3,124.3,26.2,117.4,123.9,125,87.4,55,73.3,113.2,92.5,117.1,78,145.6,105.9,130,60,204.6,238
1981-02-01,132.6,139,68.3,82.3,112.8,112.2,69.4,65.2,105.1,153.9,136.9,73,93,87.6,180.2,97.4,43.5,162.3,143.1
1981-03-01,69.9,59.7,1.4,45.2,55.9,52.3,70.8,39.8,57.8,76.2,44.4,58.9,27,32.1,7.7,60,23.6,165.6,52.5
1981-04-01,25.7,3.6,0,12,16.1,18.8,0,40.5,19.1,61.7,0,16.7,14,15.9,28.8,0,4.3,0,26
1981-05-01,0,0,0,0.5,7.6,0,0,0,0,20.2,0,0,0,3.1,0,6,0,0,5
1981-06-01,0,0,0,0,0,0,0,0,0,3.9,0,0,0,0,0,0,0,0,0
1981-07-01,0,0,0,0,0,0,0,0,0,2.1,0,0,0,0,0,0,0,0,0
1981-08-01,25.9,19,1.2,12,20.4,19.1,1.8,18.5,25.4,64.2,18.7,21.1,9,23.6,1.5,22,2.1,4.1,38.5
1981-09-01,14.9,78.5,3,13.5,14.1,34.5,12.4,29.5,51.3,39.1,3.2,21.5,9,22.9,10.2,24,2,28.9,37.5
1981-10-01,12.5,21.3,0,8.8,54.8,27.1,8.4,4,2.9,56,0.1,14.8,0,19,0,2,0,19.7,31
1981-11-01,12.2,11,9,12.5,24.9,35.8,32.7,27,28.4,58.2,31.5,17.7,7.2,32.7,4.5,0,0,76.4,53.5
1981-12-01,119.1,77,125.5,54,69.7,73.1,58.6,79.5,63.3,85,91.7,59,59,53.1,72.5,56,27,137.2,86.7
1982-01-01,195.9,122.7,146.9,156,157.8,103.9,144,132.4,57.9,169.2,100.3,72,112,115.7,86.9,61,116.5,337,189
1982-02-01,16.7,50,7,57.6,25.1,78.2,57.2,69.4,38.9,59.2,27.7,62.3,41,55.7,28.4,33.2,29,133.9,91
1982-03-01,80.6,130.9,0,68.5,65.2,78.7,27.7,86.2,78.9,141.7,67,33.3,38,86,42.3,76,41.5,64.9,140.5
1982-04-01,40.7,6,0,22.6,33.4,37.9,2.7,6.2,2.2,31.2,8.3,6,17,30.6,3.5,19,13,6.4,50
1982-05-01,0,0,0,0.2,0,1.7,0.2,1,1.3,2.3,0,0,0,0,0,0,0,0.4,0
1982-06-01,0,0,0,0,2.1,0,0,2,0,7.2,0,0,0,0,0,0,0,0,0
1982-07-01,0,0,0,0,0.9,0,0,0,0,7.9,0,0,0,0,0,0,0,0,0
1982-08-01,0,0,0,3.9,5.3,0,0,0,1,5.1,0,0,0,0,0,0,4,0,0
1982-09-01,33.3,45.4,13.3,18.6,35,32.8,9.2,21.2,29,27.4,5.6,26.1,0,7,8.5,19,9,21.6,11.5
1982-10-01,57.7,5,17.2,27.6,35.5,44.8,14.6,14.7,5.3,39.5,23,11,25,133.4,23.6,91,0,34.1,218
1982-11-01,19,48.1,1.3,15.5,44.7,34.6,17.7,48.6,48.2,43.7,3,34.9,8,31,11.5,0,0,41.3,50.7
1982-12-01,10.6,22.4,13,48.2,19,43,4.4,50.7,40.5,31.3,20.9,62.7,9,38,8.5,30.2,26,10.3,62.1
1983-01-01,12,53.7,4.9,22.1,36.7,45.8,10,36.6,30.5,27.5,2.9,23.5,14,23.2,0,7,9.2,23.3,37.9
1983-02-01,44.9,57.2,8,34.5,37.1,81.1,21.6,65.5,43.3,71.6,4.4,33,9,55.2,16,41,11,50.6,90.2
1983-03-01,45,12.7,14,17.3,5.3,26.1,3,5.2,22.2,20.4,4.5,7.8,0,2.3,9.4,23,13,7,3.8
1983-04-01,12.5,7,0,5.5,36.4,25.7,1.3,24.4,1.5,37.1,0,13.5,5,0,0,0,0,3,0
1983-05-01,0,0,0,0.1,12.6,0,0,0,0,4.9,0.8,0,0,0.6,0,0,0,0,1
1983-06-01,0,0,0,0,2,0.2,0,0,0,10.9,0,0,0,0,0,0,0,0,0
1983-07-01,0,1.7,0,0.9,6.5,3.5,0,0,2.5,8.7,0.5,2.5,0,0,0,0,0,0,0
1983-08-01,3.7,34.1,0,5.2,36.5,2.1,5.3,8.2,22,28.5,0,15.9,0,11.3,0,0,0,12.3,18.5
1983-09-01,47.3,11.6,30,26.5,40,5.3,10,21.3,21.5,20.4,10.5,3.9,10,18.3,5.6,29,23.1,23.5,29.9
1983-10-01,3.9,19.3,0,6.2,18.2,13.8,0,0.2,20.5,22.4,15.5,15.6,0,10.4,3,0,0,0,17
1983-11-01,13.4,7.6,0,9,12.7,34.5,2.6,5.7,9,26.3,0,18.2,0,9.5,0,0,0.1,6.2,15.5
1983-12-01,101.6,15.5,2,26.7,58.6,24.8,29.5,55.9,39.3,64.8,28,53.6,23,52.8,14.5,0,5.3,69,86.3
1984-01-01,222.6,180.3,35,317.8,207,234.7,129.7,177.3,207.6,193.7,224.4,178.4,284,216.1,148.8,190.5,231.2,303.5,353.1
1984-02-01,195.9,209.5,40.5,138.4,152.7,93.4,121.6,193.2,139.9,174.4,240.3,128.4,206,224,173.5,148.8,70.4,284.6,366.1
1984-03-01,81.4,139.8,9.4,122,97,62.1,46.2,90.1,105.6,125.1,110.2,167.6,79,152.5,95.1,71.6,60.2,108,249.2
1984-04-01,18.4,7.8,8.1,8.7,10.8,28.8,0,3.1,15,13.5,0,7.9,0,23.3,0,6.7,0.4,0,38.1
1984-05-01,0,0,0,0.6,1.8,0,0,5.8,0,0.8,0,3.2,0,0,0.5,0,0,0,0
1984-06-01,16.7,10.8,0,9.5,12.5,1.7,7.8,14.8,1,14.1,0.6,1.1,3,0,0,2.5,9.4,18.2,0
1984-07-01,0,0,0,0,1.4,0,0,0,0,2,0,0,0,0,0,0,0,0,0
1984-08-01,0,18.9,0.8,10.7,9.2,0.9,0,5.5,26,8.2,0.7,1.2,7.4,6.4,0,9.5,9.7,0,10.5
1984-09-01,0,0,0,2.3,0.6,0,0,0.3,4,2,0,9.7,0,2.1,0,0.8,0,0,3.5
1984-10-01,44.7,2.6,75.5,33.4,29.4,44.5,12.6,27.9,51,34.2,20.9,52.4,24,56.2,19.4,46.8,9.7,29.4,91.9
1984-11-01,140.2,73.6,40.4,39.7,55.1,50.5,31.9,83.6,73.1,71.7,62.7,66.3,40,36.5,47,52.9,27,74.7,59.6
1984-12-01,51.2,30.5,4.5,10.5,75.9,95.8,70.5,51.5,58.2,46.6,23.9,43.9,14.7,56.7,2.9,21.7,6.1,165,92.6
1985-01-01,158.9,201.9,83.9,28.5,130,80.5,38.3,117.4,84.2,99.2,91.3,75.3,71.8,44.9,64.3,89.2,37.5,89.5,73.3
1985-02-01,162.8,147.9,96.6,110,76.5,165.8,33.3,108.3,123.2,108.8,79.2,96,89.2,145.9,68.5,111.2,46.5,77.9,238.4
1985-03-01,59.2,86.6,42.1,29.2,29.1,74.4,20.8,58.1,36.7,49.3,36.3,21.8,34.8,45.7,28.8,43.8,12,48.7,74.7
1985-04-01,95.6,78.7,37.7,21.8,48.2,32.4,0,46.9,51.4,33.9,36.7,58.9,28.5,41.9,29.1,37,0,0,68.5
1985-05-01,0,0,2.3,0,10.8,5.5,0,2.6,0,15.6,2.4,1,0.7,0,0.4,0.9,0,0,0
1985-06-01,29.1,9.4,5.2,0,0,0,0,14.9,1.9,21.5,8.8,0,1.6,0,7.7,2.1,0,0,0
1985-07-01,0,0,0.5,0,3.4,0,0,0.1,0,5,0.6,0,0,0,0,0,0,0,0
1985-08-01,7.5,10.4,2.5,0,19.6,0,4,1.5,0,4.6,6.4,5.2,1.4,9.2,2.3,1.7,0,9.3,15
1985-09-01,16.6,52.6,24.7,0,35.7,25.7,3.1,31.9,21.1,47,17.5,7.2,14,7,15.7,18.5,0,7.2,11.4
1985-10-01,0,0,10.3,0,10.8,0.8,0.9,2.4,10.6,61.8,2.7,39.5,2.5,17,0.6,3.2,0,2,27.7
1985-11-01,198.5,65.5,68.8,92.5,36,112.1,37.9,61.4,94,92.6,69.6,57.9,65.1,164.5,55.9,80.3,46.7,88.6,268.8
1985-12-01,63.7,106.1,87.4,135.5,89.7,154.5,35,93.5,118.1,125.6,60.3,109.2,101.2,140.1,47.9,121.6,94,81.8,228.9
1986-01-01,74.4,38.5,54.8,14.2,105.8,122.4,60.1,61.4,69.7,87.5,65.9,62.4,38.4,63,41,49.6,7,140.6,102.9
1986-02-01,76.7,54.9,51.8,34.4,64.1,81.3,53,48.3,70.2,71.9,53.8,68.7,42.7,102.3,39.6,54.1,14,123.9,167.1
1986-03-01,208.6,70.5,53.2,25.5,48.7,65,56.2,88,60.4,99.2,85.9,0,63.1,117.8,67.1,75.5,59,131.6,192.5
1986-04-01,19.7,9.3,14.3,9.5,25.9,39.4,50.8,39.6,17.7,27.3,34.2,9.2,11.9,9.7,23.5,15,6,118.8,15.9
1986-05-01,0,4.3,2.3,0,9.2,0,0,0,0.9,5.8,1.5,0.3,0.7,0,0.6,0.9,0,0,0
1986-06-01,0,1.4,0.4,0,0,0,0,0,0.3,0.5,0,0.4,0.2,0,0.2,0.3,0,0,0
1986-07-01,0,0,0,0,0,0,0,0,0,0,0,0,0,0,0,0,0,0,0
1986-08-01,17,14,4.2,0,3.6,0,8.8,0,2.8,9.3,6.7,0,2.3,0,6.5,3.1,0,20.6,0
1986-09-01,0,39.3,12.5,0,13.4,0,7.4,0,9,20.7,4.7,4.6,6.8,1.7,7.4,9,0,17.4,2.7
1986-10-01,0,20.1,10.8,8.3,9.2,7.3,5.6,0,15.6,11.7,3.4,28,7.6,21.2,4.2,9.8,0,13.1,34.7
1986-11-01,11.8,24.9,26.2,28.7,6.3,41.1,27.4,0,40.7,13.8,12.4,48,20.7,34.2,15.3,26.6,3.2,64.2,55.9
1986-12-01,216.7,102,72.4,102.3,113,107.2,64.9,78.5,86.9,139,98.9,147.2,73.5,109.8,72.9,88.5,71,151.9,179.5
1987-01-01,218.2,177.1,105.9,92.3,137.6,47.5,136.8,184,159.3,151.6,151.9,149.9,100.4,148.3,112.6,118.1,179,320.1,242.4
1987-02-01,32,0.8,33.9,35.5,21.7,34.4,12.2,46,111.4,19.4,24.3,36.6,13.7,15.1,17,39.5,5,28.5,24.6
1987-03-01,9.5,65.8,26.6,25.8,41.1,27.1,0,23,56.5,47.4,14,69.6,2.6,17.5,5,26.7,19,0,28.6
1987-04-01,7.9,0.6,22.2,0,15.5,28.2,0,7,0,44.1,5.7,10.4,8.3,1.4,9.1,13.2,0,0,2.3
1987-05-01,13.7,9.5,0,0,1.3,0,0,3,0,12,3.4,0,0,0,0.3,0.9,0,0,0
1987-06-01,3.6,5.1,0,0,11.7,3.2,0,1,8.5,31.7,2.9,11.5,7.1,6.2,2.4,5.2,0,0,10.2
1987-07-01,21.7,24.5,11.7,0,25.7,3.6,0,7.5,7.5,33,10.1,3,5.3,4.6,7.6,7,0,0,7.5
1987-08-01,0,5.7,0,0,2,0,0,0,20,27.1,0.3,0,4.6,0,0,6,0,0,0
1987-09-01,7.6,27.7,4.6,0,26.3,3.1,0,0,0,42.9,5.8,3.7,0,1.7,0.8,3.7,2,0,2.7
1987-10-01,87.7,50.6,23,11.9,45.5,68.8,20.6,44.5,36,88.2,41.1,60.1,0,0.9,19.3,23.3,25,48.2,1.4
1987-11-01,60,42.3,52.9,7.2,45.8,26.2,24.3,66,40.7,50.7,42.2,40.5,0,3.9,25.8,30.8,6.2,56.9,6.3
1987-12-01,19.3,11,22.7,38.4,29.8,57.5,20.5,3,38.1,51.5,16.1,31,20.1,62.2,14.2,21.9,0,48,101.6
1988-01-01,172.4,54.7,45.2,60.5,105.9,74.9,144.1,151.5,64.9,64.2,133,78.3,40.8,80.3,92.9,51,19.5,337.1,131.2
1988-02-01,12.9,84.3,50.2,40,62.1,84.9,16.2,37.5,61.9,66.1,27,53.2,34.6,45.8,23.9,45.4,0,37.9,74.8
1988-03-01,177.2,115,74,20.3,114.1,172,139.9,141,110.6,127,131.4,174.2,45.9,120.4,82.6,82.3,51.6,327.3,196.7
1988-04-01,93.5,50.9,19.9,22,38.9,36.2,26.4,48,25.1,25.2,44.4,44,0,26.2,30.8,18.9,8.7,61.8,42.8
1988-05-01,0,7.9,11.2,0,6.9,2.5,0,22.5,19.8,28,15.4,1.6,0,0,29.5,11.8,0,0,0
1988-06-01,5.2,0,1.6,0,0,0.6,0,13,7.4,16.1,3.6,0,0,0,0,1.9,35.5,0,0
1988-07-01,0,0,0,0,0,0,0,0,0,16,0,0,0,0,0,0,0,0,0
1988-08-01,0.4,0,0,0,0,0,0,0,0,7.4,0.1,0,0,0,0,0,0,0,0
1988-09-01,28.9,35.5,16.1,0,18.6,5.7,7.1,0,32.2,24.6,6.9,38.2,13.1,6.5,0,17.6,6.9,16.6,10.6
1988-10-01,0,15.1,8.7,11.9,45.3,16.4,0,11.1,14.1,41,2.3,18,5.3,9.3,0,9.9,0,0,15.2
1988-11-01,0,4.1,0.6,11,24.4,7,0,0,0,14.3,0,24,0,10.2,0,0.5,1.6,0,16.6
1988-12-01,73.8,27.6,34.2,23,50.1,64.2,13.7,53.5,94.7,23,32.7,95.2,17,61.1,14.9,38.9,45.3,32.1,99.9
1989-01-01,123.8,47.3,33.9,0,70.8,71,44.7,154.1,48.2,46.5,85.5,56.5,22.4,95.3,50.6,37.6,10.1,104.6,155.7
1989-02-01,76.4,41.7,22.3,4.5,27.2,20.9,25.2,45,47.3,31.1,37.5,59.5,8.1,44.4,22.1,23.6,16.6,59,72.6
1989-03-01,105.4,52.8,41.9,14.8,54.6,57.1,47.5,47.7,65,19,55.6,36,35,65.3,40.2,47.3,9,111.1,106.7
1989-04-01,14.4,61.4,48.1,10,29.9,166.5,37.1,15.3,41.7,24.1,23.6,90.7,42.6,59.7,20.7,54.5,4.9,86.8,97.6
1989-05-01,0,3,0.5,0,5.4,0,0,0,0,21.7,0.9,0,0,0,0,0.4,0,0,0
1989-06-01,0,7.9,1.6,0,0,0,0,3,1.5,17.4,0.7,1.2,0,0,0.4,1.3,0,0,0
1989-07-01,0,4.7,0.8,0,2.9,0.4,0,6,0,16.1,1.9,0,0,0,0.8,0.6,0,0,0
1989-08-01,0,0,2.2,0,5.8,0,0,2,0,21.7,2.9,0,0,0,0.3,0,0,0,0
1989-09-01,2.5,8,1.9,0,21.4,6.8,0,2.3,0,19.3,4.6,1.5,0,2.6,0.6,1.8,0,0,4.2
1989-10-01,3,16.9,5.2,0,2.6,7.2,1,16.8,8.1,18.1,5.2,10,0,1.5,2.7,4.9,0,2.3,2.5
1989-11-01,35.9,31.6,24.3,0,19.6,32.6,3.3,15.5,25.3,28.9,14.6,17.7,27.4,16.4,16.9,27.9,8.5,7.7,26.8
1989-12-01,36.5,17.8,12.4,21,18.2,72.7,4,27.2,9.6,35.6,17.5,54.5,0,18.4,8.2,13.2,0,9.4,30
1990-01-01,150,117,87.7,14,70.8,88.2,84.8,79.8,122.9,100,86.4,121.3,87.3,98.2,76.4,99.8,37.2,198.4,160.4
1990-02-01,36,62.1,34.6,39.1,23.1,55.4,9.5,43.1,18.1,69.6,23.7,81.5,40.4,35.9,26.7,39,21.5,22.2,58.6
1990-03-01,36.9,18.9,38.2,8,20.2,12.8,6.3,21.9,55.6,36.8,17.4,30,4.6,11.5,15.3,28.5,15.1,14.7,18.8
1990-04-01,9.6,5.3,12.1,3.5,26.6,43,19.3,14.8,3.3,42.3,16.1,19.3,11.7,30.8,12,10.2,0,45.2,50.4
1990-05-01,5.2,16.3,4,0,27.3,4.5,0,5.8,4.5,37.7,6.9,1,0,2.6,1.3,3.6,1,0,4.2
1990-06-01,43.6,35.6,17.4,2.9,44.1,11.5,0,40,34.3,69.9,24.8,11.8,8,10.3,12.9,18.4,2.5,0,16.9
1990-07-01,0,0,0,0,0,0,0,0,0,5.1,0,0,0,0,0,0,0,0,0
1990-08-01,9.2,6.5,0,0,4.5,8.8,7.8,16,0,16.7,8.8,5.2,0,16.4,3.1,0.6,0,18.2,26.8
1990-09-01,0,3,0,0,1,0,0,2,0,20.6,0.6,0,0,0,0.2,0.3,0.2,0,0
1990-10-01,26.1,29.9,30.3,0,55.8,30.3,38.8,64,49.7,67.2,42,29.6,20.2,49.4,28.5,32.1,1.3,90.8,80.7
1990-11-01,44.8,42.4,48.8,24.5,33,43.8,35.2,21.4,86.6,41.3,30.5,66.1,13.2,64.4,25.9,44.4,10.5,82.4,105.3
1990-12-01,62.7,63.4,74.6,55.5,53.6,92.5,39.5,78.6,110.1,61,52.1,103.9,91.8,45.3,65.4,92.8,34.1,92.4,74
1991-01-01,142.8,60.2,127.4,99.1,94.2,93.3,54.2,160.9,106.2,77.8,104.8,128,85.5,67.4,87.6,107.2,40.8,126.8,110.2
1991-02-01,66.9,38.5,78.6,22.5,59,85.3,21,51.5,36.5,92.6,36.9,89.7,33.6,67.3,24.6,52.3,12.6,49.1,110
1991-03-01,107.8,60.2,38.2,50,34.5,85.3,48.3,81.1,49.9,70.9,76.5,65.8,24.7,47.9,75.9,39.6,11.7,113,78.2
1991-04-01,17.5,5.9,13.8,6,18.7,18.6,0,19.5,16.7,26.5,7.8,17.8,5.7,16.3,2.4,11.2,4.5,0,26.7
1991-05-01,0,0,0,0,2.5,0,0,0,0,41.3,0,0,0,0,0,0,0,0,0
1991-06-01,17,2.7,0,0,21.7,0,0,17,0,26.2,6.3,0,0,0,0,0.3,0,0,0
1991-07-01,1.4,1.4,0,0,0.8,0,0,0,0,13.6,0.2,0,0,0,0,0.1,0,0,0
1991-08-01,1.6,2.1,0,0,3.5,0.5,0,0.2,0,19.7,0.3,0.5,0,2.1,0,0.2,0,0,3.5
1991-09-01,4.5,1.1,0,0,13.1,1.7,0,0.1,0,21.1,0.8,2.5,0,0,0,0.1,0,0,0
1991-10-01,17.8,7.3,20.6,13,16.5,22.5,12.1,21.4,18.6,27.5,11,34.3,11.2,29.9,0,16.3,5.9,28.3,48.9
1991-11-01,24.4,5.2,3.3,8.5,59.3,46.5,4,25,38.9,27.9,12,46,3.5,41.6,4.3,11.2,0,9.4,68
1991-12-01,39.5,21.3,5.5,3.5,42.1,76.2,12.1,90,45.9,34.1,39.4,34.9,4,61.5,14.8,15.2,5.4,28.3,100.5
1992-01-01,104.9,77.5,181.4,104,119.7,126.9,20,90,107.5,127,92.5,98.3,91.7,151.1,139.6,130.3,69.9,46.8,246.9
1992-02-01,16.6,54,24.1,52.9,49,81.6,12.6,29,39.2,51.6,12.5,84.2,9.6,72.6,0,25.7,10.8,29.5,118.6
1992-03-01,3.6,12.1,3,12.5,17.4,43,0,17,27,39.4,4.1,32.6,0,44.4,0,7.8,0,0,72.6
1992-04-01,17.3,4.9,0.7,0,5.2,1.1,0,3.1,0,10.3,3.5,2.5,0,16.8,0,0.7,0,0,27.5
1992-05-01,0,0,0,0,0.3,0,0,0,0,0,0,0,0,0,0,0,0,0,0
1992-06-01,0,13.5,4.7,2.4,6.2,6.7,0,0.8,8.3,5.4,0.2,6.8,0,5.1,0,4.7,0,0,8.4
1992-07-01,4.5,7.2,0.8,0,4.2,3.9,0,0.5,0,18.7,0.8,2.5,0,4,0,1,0,0,6.5
1992-08-01,15.3,2.9,0.6,0,15.2,7.4,5.1,20,3.1,8.5,8.4,3.9,0,8.1,0,1.1,0,11.9,13.2
1992-09-01,3,0,0,0,0,0,0,1.2,0,5.7,0.7,0,0,0,0,0,0,0,0
1992-10-01,34.8,14,35.3,1.5,54.6,23.8,3,33.2,9.8,27.2,13.5,40.4,3,32.4,0,16.8,0,7,52.9
1992-11-01,34,37.9,37.6,34.6,58.3,56.8,22.8,35,48.2,34.4,24.9,46.4,4.4,54.7,5.2,28.5,3.5,53.4,89.4
1992-12-01,64.3,71.8,62,42.9,35.2,41.4,28.2,62.2,69.5,47.9,35.6,55.3,86.9,94.9,10.1,78.8,76,66,155
1993-01-01,164.5,143.8,100.1,94.3,133.6,138.8,80.8,151.7,77.9,87.7,137.6,128.3,125.1,94.6,151.6,116.5,55.4,189,154.6
1993-02-01,18.7,37,19.6,69.3,21.7,48,16.9,23.8,14,47.3,16,37.6,2.3,31.9,8,14.2,6.3,39.5,52.2
1993-03-01,68.6,58.3,107.7,27.6,53.9,68.9,45.6,47.3,93,88.3,63.2,65.5,42,38,78.6,79.5,56.1,106.7,62.1
1993-04-01,13.4,11.8,1.4,0,24.5,5,20.1,3,0,16.4,8.8,4.9,1.1,6.1,0,2.1,4.2,47,10
1993-05-01,0,0.4,0.4,2.1,4.7,1.2,0,1.2,0,8,0.2,0,0,3.2,0,0.2,6.1,0,5.2
1993-06-01,0,1.5,0,0,0.7,0.2,0,1.2,0,7.8,0.2,0,0,0,0,0.1,0,0,0
1993-07-01,0,1.5,0,0,0,0.2,0,0,0,14.2,0,0,0,0,0,0.1,0,0,0
1993-08-01,41.1,5.1,26.1,19.8,17.6,9.6,26.2,33.4,14,26.6,25.7,15.8,11.5,0.9,11.5,17.2,15.5,61.3,1.5
1993-09-01,9.3,43.9,2.4,5.5,26.6,14.9,0,11.4,16,27.8,3.9,14.1,0,0,0,8.4,0,0,0
1993-10-01,59.4,18.7,28.7,3.5,35.4,20.1,6.5,46.4,25.4,56.9,25.6,23.5,7.3,9,11.7,20,0,15.2,14.7
1993-11-01,37,64.9,61.6,15.3,26.6,38.6,21.1,30.2,39.5,26.2,19.3,35.8,3.1,21.2,1.7,37,0,49.4,34.7
1993-12-01,139.5,58.9,41.5,58.9,74.9,58.4,45.8,95.4,45,73.7,68.6,82.4,22.3,41.9,33.7,38.6,35,107.2,68.5
1994-01-01,88.5,43,71.7,81.9,59.5,81.7,81.2,80.1,101.3,52.4,83.3,101.6,134.8,47.6,77,105.8,43.3,190,77.8
1994-02-01,101.4,79.9,128.6,51.1,46.1,53.6,91.3,170.6,53.5,62.2,94.9,30.8,66.2,47.1,42.8,90.6,33.3,213.6,76.9
1994-03-01,21.9,21.5,3.6,13,35,22.6,20,26.2,13.8,36.9,26.7,35.4,2,17.9,32.4,7,15,46.8,29.2
1994-04-01,89,21.2,5,2,28.1,9.5,6.5,13.5,11,35.7,20.6,7.2,0,2.9,3.3,6.1,10,15.2,4.8
1994-05-01,2.7,0,2.8,0,4.5,0.3,0,0,0,2.9,0.4,1.2,0,0,0,1,0,0,0
1994-06-01,0,0,0,0,0,0,0,1,0,5.6,0.2,0,0,0,0,0,0,0,0
1994-07-01,0,0.5,0.3,0,0,0.1,0,0.1,0,2.5,0,0,0,0,0,0.2,0,0,0
1994-08-01,0.1,6.2,0,0,0,0.9,0,0,0,1.4,0,0,0,0,0,0.6,0,0,0
1994-09-01,0,3.9,0.2,1,2.2,2.2,0,0.4,1.8,9,3.5,2.3,10.1,1.4,9.5,5,3.5,0,2.3
1994-10-01,0,10.5,0,2.5,8.2,15.9,1.2,1.4,31.5,22.1,0.6,4.5,0,7.5,0,7.6,0,2.8,12.3
1994-11-01,9.9,31.5,11.4,8.5,21.7,37.3,6.5,21.8,13.4,40.4,8.1,40.1,0,51.6,0,9.8,0,15.2,84.4
1994-12-01,11.5,86.4,144.2,95.5,66,67.4,26,93.5,79.9,113.4,43.7,75.9,89.6,28.2,66.5,109.4,47.9,60.8,46
1995-01-01,90.8,57.4,97.5,72.2,79.8,109.7,23.9,63.1,105.5,98.6,20.7,107.8,101.5,60,30.3,145,38.8,55.9,98
1995-02-01,50.2,94,49.3,21.3,54,50.5,15,53.7,52.5,108.3,44.7,44.2,38.8,30,2.8,61.8,1.5,35.1,49.1
1995-03-01,77.4,63.5,44.2,30.6,73.4,50.6,33.6,93.1,29.5,46.8,33,80.9,55.6,40.5,32.5,36.5,4.6,78.6,66.1
1995-04-01,3,4.3,0,0,9.9,0.8,0,0,0,15.5,3.9,0.1,0,0,6.5,0,0,0,0.1
1995-05-01,0.4,0,0,2.3,1.9,0.6,0,0,0,6.4,0,2,5.9,0.9,0,0,1.3,0,1.5
1995-06-01,0.1,0,0,0,0.4,0,0,0,0,10.6,0,0,0,0,0,0,0,0,0
1995-07-01,0,0,0,0,0,0,0,0,0,3.7,0,0,0,0,0,0,0,0,0
1995-08-01,5.5,24.4,0,0.7,10.8,5.9,0,9.1,2.5,8.9,0,1,0,1,0,0,0.3,0,1.7
1995-09-01,7.5,10.2,0,0.1,22.4,2.4,0,7.9,1,19.9,0,0.4,0,0.4,0,0,0,0,0.7
1995-10-01,6.3,3.1,2.3,0,20.5,1.2,3.2,0,0,15.6,0,0,0,0.6,0.4,0,0,7.5,0.9
1995-11-01,14.4,19.7,17.6,0,31.8,11.3,0,18.8,2.3,29.5,4.5,9.8,0,18.5,0,0.6,0,0,30.3
1995-12-01,76.6,70.3,52.5,48.5,113.3,67.6,30.9,68,60.4,111.5,39.5,81.8,41.2,58.5,13.3,36.2,56.5,72.3,95.6
1996-01-01,182.6,121.6,121,62.5,122.3,98.1,48.6,162.7,124.7,151.6,64.4,73.2,118.4,66.8,43.5,122.8,72.3,113.7,109.1
1996-02-01,72.6,37.1,38.7,75.1,11.5,53.7,55.3,54.4,68.6,42.2,47.2,73.9,86.4,26.9,81.3,69.8,38.2,129.4,44
1996-03-01,29.3,33.9,43.6,7,21.9,36.4,22.8,23.9,31.7,22.8,38.7,40.9,9.7,34.8,30.7,20.6,0,53.3,56.9
1996-04-01,4.3,8.6,16,1.5,20.2,13.6,21.2,49.4,10,12,4.7,19,1.1,13.8,0,4.3,2,49.6,22.5
1996-05-01,7,2.5,6.2,0,0.4,1.8,0,9,2.8,12.9,2.6,2,0,1.3,0,1.2,0,0,2.1
1996-06-01,0,0.3,0,0,2.5,0,0,0,0,6,0,0,0,0,0,0,0,0,0
1996-07-01,0,0,0,0,0.4,0,0,0,0,2.9,0,0,0,0,0,0,0,0,0
1996-08-01,5.8,14.3,24.1,3,3.5,21.4,6,23.2,21.2,5,0.6,26.7,13,19.4,0,15.1,18.8,14,31.7
1996-09-01,0,11,0,0,25.7,2.8,0,1.5,0.1,18.3,0,2.6,0,0.7,0,0,0,0,1.2
1996-10-01,2.5,2.4,0.3,0,15.7,12.3,3.3,1,1.8,8.2,0.9,32.7,0,6.3,0,0,0,7.7,10.3
1996-11-01,36,53.9,27.5,16,69,53.2,25.7,42.7,30,61.4,22.5,57.8,10.5,56.4,0,18.7,28,60.1,92.1
1996-12-01,91.5,97.3,58.7,44,128.3,92.3,41,166.9,81.1,102.5,49.8,90.4,56.1,82.8,42.5,71.6,40.5,95.9,135.3
1997-01-01,211.1,151.4,153.7,121.5,149.4,163.2,99.8,234.6,211.4,90.2,215.1,137.7,150.1,56.5,103.2,210.6,90.1,233.5,92.4
1997-02-01,181.4,82.4,118.7,67,78,140.9,108.1,260.9,126.4,89.2,93.9,119.7,154.1,122.6,130.4,138.8,83.1,252.9,200.4
1997-03-01,51.8,71.8,43.1,39,85.3,57.4,15.7,64.9,54,72.8,14.5,76.6,53.2,43.1,58.1,29.5,22,36.7,70.4
1997-04-01,17.2,9.1,42.8,0,20.1,50.6,24,28.6,59.6,11.3,16,70.8,59.3,14.4,13.5,46,0.3,56.2,23.5
1997-05-01,0,0,0,0,0.7,2.5,0,0,1.3,8.8,0,0,0,5.9,0,0,0,0,9.7
1997-06-01,0,0,0,0,0,0,0,0,0,2.4,0,0,0,0,0,0,0,0,0
1997-07-01,0,0,0,0,0,0,0,0,0,1,0,0,0,0,0,0,0,0,0
1997-08-01,20,10.4,2,2.5,19.6,7.7,10.6,23.5,4.7,22,16.8,5,0,9.8,0,1.9,0,24.8,16
1997-09-01,24.2,84.3,36.6,21,48.2,37.9,8.9,78.3,35,70.1,119.4,44.9,9.4,19.2,0,18.8,4.5,20.8,31.3
1997-10-01,8,8.1,3.5,0,7.4,9.4,2.1,0,7.7,12.6,2.1,13.5,4.3,7.2,0,3.8,0,4.9,11.7
1997-11-01,75.3,49.4,12.6,8,21,31.9,16.1,29.2,24.5,63.5,26.8,27.5,0,35.4,0,7.3,1,37.7,57.9
1997-12-01,12.5,23.6,21.4,4,45.5,28.4,12.6,65.6,24.1,23,36.4,28.3,17.5,27.8,20.2,18.7,0,29.5,45.4
1998-01-01,110.9,51.1,35.5,100.8,72.9,34.6,42.9,93.5,25.8,104.4,142.2,53.6,21.4,19.1,99.2,13.8,22,100.4,31.2
1998-02-01,13.5,61,29.4,20,59.7,58.6,0,94.8,31.6,66.4,102.2,91.2,25.3,53.9,43.1,0,0,0,88.1
1998-03-01,1,36.5,5,6.5,61,42.1,25.2,18.5,17.7,27.3,7,51.3,0,50.9,0,0,0,59,83.1
1998-04-01,26,34.2,4.7,0,15.6,15.5,0,31.4,9.8,35.1,6.2,11.2,0,15.9,0,0,0,0,26
1998-05-01,0,0,0,0,1.7,0,0,0,0,2.6,0,0,0,0,0,0,0,0,0
1998-06-01,21.5,22.6,6.8,3.5,25.3,4.9,6.2,8.9,4.7,36.9,19.2,1.4,0,2,21,0.1,0,14.5,3.2
1998-07-01,0,0,0,0,0,0,0,0,0,5.4,0,0,0,0,0,0,0,0,0
1998-08-01,1.3,4.4,4.3,0,6,5.8,0,0,5.3,10.9,0,6.8,0,1.2,0,12,0,0,2
1998-09-01,3.6,9.7,1.3,0,12.9,1.6,0,2.5,1.8,16.6,0,0,0,0,0,0,0,0,0
1998-10-01,12.4,30,4.1,11.5,41.7,43.6,0,6.6,15.7,16,5.7,65.6,0,47.5,0,0,8.1,0,77.7
1998-11-01,42.7,68.2,16,35.1,73.6,62.5,18.8,37.4,37.6,72.8,8.9,51.8,14,83,0,6.6,4.1,44,135.7
1998-12-01,13.9,26.1,9.8,20,20.1,25.5,3.1,16.9,22,20.1,7.5,49,7.1,9.9,0,9.9,5.8,7.3,16.2
1999-01-01,62.4,84.7,90.7,39.2,76.6,58.5,16,43.2,98.5,64.9,90.9,59.1,165.8,40.5,49.9,49.1,45,37.4,66.2
1999-02-01,110.3,95.9,112.5,81.9,86.1,121.1,77.7,108.3,127,94.9,79.6,66.2,110.8,144.5,155,115.5,78.7,181.8,236.2
1999-03-01,48.8,160.3,159.9,71.5,111,149.9,90.5,127.3,170.7,143.2,90.4,117.1,102.6,83.3,153.3,251.3,89.9,211.7,136.2
1999-04-01,0,27.5,15,0.6,28.2,13.4,8.8,46.3,13.3,9.8,17,15.5,12.8,7.1,14.7,13.8,2.6,20.6,11.6
1999-05-01,0,0,0,0,2.7,6.5,0,2.8,3.7,0.2,0,0,0,14.9,0.3,1.8,0,0,24.4
1999-06-01,0,1.2,0.2,0,0.7,0.2,0,0,0.3,2.3,0,0,0,0,0,0.2,0,0,0
1999-07-01,0,1.7,0.3,2,0.8,0.4,0,0,0.5,5.4,0,0.5,0,0,0,0.2,0,0,0
1999-08-01,0,0,0,0,2.2,0,0,0,0,4.2,0,0,0,0,0,0,0,0,0
1999-09-01,18,49.9,8.1,7.3,40.8,26,10.7,0,14.8,37.3,24.7,31.5,0,19,0,4,0,25,31.1
1999-10-01,34.1,49.4,11.6,2.5,53.9,38.8,22.2,65.8,24.3,13.3,4.8,37.1,14.2,47.6,0,0.2,0,51.9,77.8
1999-11-01,0,14.3,2.2,0,15.6,7.6,0,1,4.9,17.3,0,4.2,0,9.1,0,0.8,0,0,14.9
1999-12-01,7.2,44.2,20.8,23.9,35.5,30,13.9,17.8,25.1,47.2,5,47.1,33.7,21.2,16.6,2.1,4.2,32.5,34.7
2000-01-01,220.1,140.1,108.2,190,107.7,138,92.6,133.1,121.7,109.6,159.6,117.8,92.2,134.4,94,133.8,134.2,216.7,219.6
2000-02-01,113.4,58.1,48.8,71,68.5,51.3,62.8,66.1,45.5,51.1,100.2,39.4,32.7,51.5,44.1,52.1,51.2,146.9,84.1
2000-03-01,95,37.3,40.1,26.2,66.4,44.8,43.5,115.3,36.3,32.3,62.9,65,19.9,34.1,71.6,35.5,4.6,101.8,55.8
2000-04-01,0,1.8,5.6,5.1,0.6,9.3,0,0,9,0.3,0,8.5,12.5,8.3,0,7.8,0,0,13.6
2000-05-01,0,1.5,0.3,5.4,1.5,0.3,0,0.7,0.3,2.1,0,0,0,0.1,0,1.7,5.6,0,0.1
2000-06-01,0,12,2.8,0,16.5,2.1,0,1,2.7,13,4.5,0,0,0.2,0,1.7,0,0,0.4
2000-07-01,0,0,0,0,0,0,0,0,0,6.3,0,0,0,0,0,0,0,0,0
2000-08-01,0,18.6,3.3,0.1,16.1,3.3,4.5,0.5,4.1,16.3,0.2,0.4,0,0,0,2.6,0,10.5,0
2000-09-01,0,1.6,0.7,0.5,1.9,1.2,3.1,0.7,1,3.2,0,1.8,0.2,0.7,0,0.5,0,7.3,1.2
2000-10-01,35.7,39.1,12,9.3,63.4,23.9,4.4,25.2,21.7,57.3,2.1,22.5,11.5,18.4,0,12.5,0,10.3,30.1
2000-11-01,0.8,1,2.7,2.2,10.2,5.4,9.3,0.2,3.2,4.2,16.5,3.8,0,9.4,0,0.1,0,21.8,15.3
2000-12-01,107.8,68.8,55.2,107.3,121.2,158.3,14.3,78.3,120.7,88.2,128.6,120.5,51.7,215.9,13.4,76.7,43.4,33.5,352.8
2001-01-01,230.1,188,142,303,158.3,198.6,157.6,198.9,161.5,141.8,222.4,172.3,87.9,220.1,175.4,181.9,226.5,368.7,359.7
2001-02-01,216.5,116.4,141.8,212.5,122.3,165,86.1,94,147,151.3,197.9,132,167.9,149.9,203.3,183.3,135.7,201.4,245
2001-03-01,68.7,60.6,76.6,46.8,57.1,82.7,47.1,126.1,64,113.1,116.7,106.2,60.3,87.6,92,63,0.7,110.2,143.1
2001-04-01,5.2,10,9.4,8.3,4.9,13.8,10.4,19.8,10.9,16.2,11.4,28.2,6.9,7.8,10.3,7.4,0,24.3,12.7
2001-05-01,0,0.8,0.7,0,1.2,0.1,0,0,0.2,4.7,0,0,0.1,0,0,0.2,0,0,0
2001-06-01,0,8,4.3,0.1,11.8,1.6,0,0,2.2,21,0,0.2,1.2,0.2,0,1.8,0,0,0.3
2001-07-01,0,0.4,2.3,0,20.4,0.1,0,0,0.1,18.7,0,0,0.1,0,0,0.1,0,0,0
2001-08-01,6.2,12.3,7.4,3.6,14.3,8.8,0,3,11.3,17.6,12.4,8.4,4.3,3.4,0,6.1,0,0,5.6
2001-09-01,0,6.8,5.9,6.9,8.2,14.5,8,0,10.7,3.6,10.6,12.4,3.5,19.2,0,5,0.1,18.7,31.4
2001-10-01,6.5,45.3,19.7,10.3,62.5,27.3,0,3.3,24.7,39.2,24.4,31.4,10.7,21.8,0,13.9,0,0,35.6
2001-11-01,15.9,23.7,9.8,14.6,17.7,15,12.8,7,14.9,33.6,2.4,11,7.5,10.6,0,11.4,10.2,29.9,17.3
2001-12-01,41.1,66.9,46.8,28.6,69.7,59.7,0,82.5,49.5,99.7,36.8,74.9,29.6,55.7,35.5,37.7,0,0,91
2002-01-01,65,40.8,28.2,37.7,63.1,76,70.3,72.1,56.8,39.8,49.1,91.3,20.8,89,6.8,28.5,2.8,164.5,145.4
2002-02-01,142.5,111.6,85.3,124,58.4,116.3,86.8,114.2,103.8,116.8,23.6,92.6,94.2,109.8,144.1,126.1,70,203.1,179.4
2002-03-01,83.3,99,62.2,40.6,47.6,63.6,54.1,45.1,58.9,73.4,120.5,55.7,49.4,54.9,25.3,47.8,16.7,126.6,89.7
2002-04-01,41.1,25.3,12.6,8.5,26.5,18.3,37.5,31.3,15.8,32.8,0,17.4,7.5,18.5,10.5,13,0.7,87.7,30.2
2002-05-01,19,3.8,1.3,2.3,3.8,4.2,9.6,2,3.5,3.7,0,10,0.6,1.2,0,1.1,0,22.5,2
2002-06-01,12.3,0,1.2,8.9,0,6.2,0,16.4,5.2,5.4,5.4,9,2.7,4.1,0,3.3,6.1,0,6.7
2002-07-01,12.7,13.3,9,2.6,40.9,8.8,0,7.2,7.6,33.5,3.6,2.3,3.6,12.7,0,5.2,0,0,20.8
2002-08-01,0,20.1,6.1,0,1.7,3.6,0,5.2,5.2,9.5,1.1,0.2,3,0,0,4.4,0,0,0
2002-09-01,0,10.7,4.3,1.8,7.2,6,0,0,5.5,6.7,0,3,2.5,7.1,0,3.6,0,0,11.6
2002-10-01,15.6,16.9,18.2,48.9,44.1,38,29.5,40.1,33,65.7,22.4,44.2,20.8,28.1,7.5,25.2,33.1,69,45.9
2002-11-01,32,35.7,15.6,19.2,40.8,34.8,24.4,23.1,29.1,17.4,19.2,54.2,11.4,25.1,5.2,15.5,2.9,57.1,41
2002-12-01,41.3,38.6,26.2,7.8,59.8,16.5,19.2,65.8,16.5,62.3,34.9,13.6,16,12.1,24.1,19.7,0.5,44.9,19.8
2003-01-01,46.2,70.8,89,121.5,102.6,107.5,63.2,116.7,93.3,120.9,163.3,83.9,70.5,118.6,37,87.3,74.6,148,193.8
2003-02-01,102.5,61.6,55,54.3,82,91.8,46.1,74,74,90,23.6,79.6,31.8,107.1,0,42,14.2,107.9,175
2003-03-01,72.4,35.6,0,53.9,52.2,37.5,53.5,92.7,25.3,57.9,120.5,40.8,19.2,46.7,23.9,21.8,38,125.1,76.3
2003-04-01,12.7,5.7,0,3.1,1.5,5.9,3.7,5,4.1,3.9,0,11.8,0.6,3.8,0,0.8,0,8.6,6.2
2003-05-01,25.2,7.1,0,5,2.5,4.1,5.5,0,3.2,3.7,0,6.4,1.6,2.5,0,2,3.3,12.9,4.1
2003-06-01,0,0,0,0,0,0,0,0,0,0,0,0,0,0,0,0,0,0,0
2003-07-01,1.6,12.9,10,4.3,0,9.8,0.8,2.5,9.9,7.8,0,11.4,10.3,4.9,20.5,12.2,0,1.8,8
2003-08-01,3.5,6.6,2.2,2.6,0,4.8,2,7,4.2,4.6,0,11.2,1.6,0,0,2.1,0,4.7,0
2003-09-01,0,4.7,1.3,1.6,0,3.4,0.1,0.7,3,1.9,0,6.3,0.7,1.4,0,1.3,0,0.3,2.3
2003-10-01,0,26.8,6.8,2.7,17.7,9.3,1.8,0,10,17.9,0,10,3.9,3.4,0,6.5,0,4.1,5.6
2003-11-01,0,9.1,0,1.6,6.6,3.7,1.4,3.5,1.7,7.1,1.8,7.7,0,0,0,1,0,3.3,0
2003-12-01,100.4,59.8,0,93.6,79.4,95.6,49.1,77.6,47.5,75.5,54.5,124.4,24.3,81.3,18.9,73.6,53.5,114.8,132.9
2004-01-01,180.2,56.6,0,145.3,116.1,78.6,51,162.9,80.7,110.5,231.7,84.3,134.6,67.5,52.9,76.6,98.5,119.3,110.3
2004-02-01,132.7,21.7,0,78.2,24.7,77.3,24.5,90.5,63,60.2,101.8,102.4,86.6,71.1,117.3,66.7,33.2,57.3,116.2
2004-03-01,57.4,29.6,0,32.6,23,37.2,9.1,64.8,17.9,61.7,27.5,32.1,15.2,49.5,5.2,10.3,16.4,21.3,80.9
2004-04-01,0,8.1,0,6.1,29.9,13.1,12.9,6.9,3.1,19.8,5.3,18.4,0,15.6,0,0,0,30.2,25.5
2004-05-01,0,0,0,0,3.4,0,0,5.3,0,0,1.1,0,0,0,0,0,0,0,0
2004-06-01,0,0.8,0,1.7,0,0.2,0,0,3.2,0,1.2,0.1,10.1,0,3.2,0,0,0,0
2004-07-01,37.2,11.5,0,6,27.3,11.7,17.9,38.7,11.4,15.3,23,10.5,10.2,2.4,9.6,26.5,0,41.9,3.9
2004-08-01,42.1,30.1,0,2.2,38.7,15.9,3.8,35.4,28.4,11.6,16.8,1.8,25.5,0.7,3.7,58.4,0,8.9,1.1
2004-09-01,0,1,0,1.4,5.3,9.6,12.9,1,3.5,5.2,4.1,0.8,0,1.6,0,4,0,30.2,2.6
2004-10-01,0,3.9,0,1.2,1.5,1.6,11.2,0.3,0.5,2.1,3.4,5.2,0,0,0,0.5,0,26.2,0
2004-11-01,7.7,18.8,0,3.7,28.9,21.4,3.6,13,5.5,19.1,5,6.1,0,1,0,0,0,8.4,1.6
2004-12-01,30.9,52,0,76.4,26.9,51.3,0,35.1,21.6,40.4,12.4,54.2,17.4,13.9,0,13.8,59.9,0,22.7
2005-01-01,82.7,130.4,0,147.4,72.5,72.4,4.4,100.4,76.8,104.6,61.7,104.6,82.3,71.6,71.4,120.7,111.4,10.3,117
2005-02-01,56.2,131.8,121.9,147.7,55.2,102.5,108.9,115.8,183.1,62,110.4,85.2,178.1,54.2,123.3,233.6,115.1,254.8,88.6
2005-03-01,13.9,47.6,16.6,132.3,24.4,23,24.5,40.3,18,23.1,20,35.5,0,14.6,5.5,24.5,124.7,57.3,23.9
2005-04-01,0,34.5,18.8,10.6,10.5,26.7,6.6,2.5,24,15.8,2.5,31,0,9.5,0,39.5,0,15.4,15.5
2005-05-01,0,0,0,0,0,0,0,0,0,0,0,0,0,0,0,0,0,0,0
2005-06-01,0,0,0,0,0,0,0,0,0,0,0,0,0,0,0,0,0,0,0
2005-07-01,0,0,0,0,0,0,0,0,0,2.4,0,0,0,0,0,0,0,0,0
2005-08-01,0,0,0,0,2,0,1.1,0,0,0,0.3,0,0,0,0,0,0,2.6,0
2005-09-01,10,51.9,0,24.6,43.9,40.7,1.1,23,21,38.3,6.8,27.2,10.9,50.5,0,27,7.2,2.6,82.5
2005-10-01,3.4,29.3,0,0,43.4,52,20.8,17.3,12.8,19.2,10.4,49.8,0,31.7,0,0.3,0,48.7,51.8
2005-11-01,38,53.6,0,57.2,55.2,38.9,2.2,46.8,40.4,49.4,18.5,60.1,4,33.4,5.2,101.5,1.8,5.1,54.6
2005-12-01,133.9,57.5,16.8,55.5,43.1,56.4,2.3,100.5,39.3,49.6,51.5,43.6,23,51.3,21.9,46.5,24.6,5.4,83.8
2006-01-01,264.7,193.5,126.5,130.3,154.2,110.5,83.5,259.7,161.9,105.3,169.4,120.7,149.7,162.5,129.6,177.5,158.9,195.4,265.5
2006-02-01,93.6,43.7,67.4,43.3,52.3,44.1,12.4,81.4,93.5,55.3,55.1,54.4,101.6,74.5,52.7,110,33.2,29,121.7
2006-03-01,100.7,60.9,71.8,62.3,28.6,42.3,176.3,53.3,64.1,85.4,91.1,57,38,21.6,30.2,69,79.8,412.5,35.3
2006-04-01,3.5,32.7,2.2,15.1,8.4,17.2,1.5,9.3,4.9,9.8,0,18.8,0,8.8,0,0,8,3.5,14.4
2006-05-01,0,0.4,0,12.5,0,1.2,3.2,0,0.9,0,0,2.3,0.1,12.8,0,2,0,7.5,20.9
2006-06-01,0,0,0,0,0,0,0,0,0,0,0,0,0,0,0,0,0,0,0
2006-07-01,0,0,0,0,0,0,0,0,0,0,0,0,0,0,0,0,0,0,0
2006-08-01,0,2.7,0,0,5.8,2.6,2.1,0,0.6,0,0,0,0,0.3,0,0,0,4.9,0.5
2006-09-01,0,22.4,0,0,28.1,8,2.2,1.5,2,21.6,1,4.1,0,10,0,0,0,5.1,16.3
2006-10-01,7.6,32.6,10.1,1.5,34.3,20.1,8.3,31.6,19.1,0,0,45.2,28.2,14.6,0,10,0,19.4,23.9
2006-11-01,61.5,35.9,12.9,11,63.7,32.7,17.3,40.6,17.9,26.7,25.5,35.8,8.6,27.3,5,11.5,0,40.5,44.6
2006-12-01,62.7,20.9,28.8,26.7,51.6,29.9,37,73.1,23,43.1,39.4,41.3,9.4,54.3,8,13.6,1.7,86.6,88.7
2007-01-01,91.5,81.1,126.8,114.5,55.3,104.3,45.2,57.8,139.4,52.1,64.9,115,104.8,198.4,67.2,149.8,23.8,105.8,324.2
2007-02-01,76.8,64,40.7,23,57.3,41.7,60.4,50.8,56.9,62.2,73.9,62.7,32.7,23.1,90.2,83.5,7.6,141.3,37.7
2007-03-01,114.1,74.5,66.3,52.6,82,72.2,36.2,125.8,96.2,72.5,51.2,79,94.5,35.1,37.4,104,27.9,84.7,57.4
2007-04-01,0,35.1,18.5,0,0,25.5,0,11.4,9.6,0,0,11.8,4.6,38,0,1,0,0,62.1
2007-05-01,0,10.4,0,0,5,1.2,0,1.8,2,0,0,0,0,0.1,0,0,0,0,0.2
2007-06-01,0,0,0,0,0,0,0,0,0,0,0,0,0,0,0,0,0,0,0
2007-07-01,0,13.6,0,0,19,0,0,0,0.5,0,0,2.1,0,0.4,0,0,0,0,0.7
2007-08-01,0,2.4,0,0,3.3,2.8,0,0,5.6,0,0,0,0,0,0,1.4,0,0,0
2007-09-01,0,16.3,8.9,0,16.3,36.4,7.5,5.9,14.4,0,0,18.4,1,14,0,8.1,0,17.5,22.9
2007-10-01,19.2,16.8,7.7,0,7,11.2,4.6,25.1,10.8,0,0,20.9,0,8.3,0,3,0,10.8,13.6
2007-11-01,54.1,60.3,37.5,53.5,18,44.4,22.1,25.9,23.9,39.9,27.8,44.5,13.3,18.9,19,10.3,1.2,51.7,30.9
2007-12-01,57.9,46.8,40.8,40.2,41.3,85.3,35.7,91.7,63,44.8,21.6,75.6,16.1,87.3,10.2,28.8,27.5,83.5,142.7
2008-01-01,175.6,117.2,147.4,118.8,130.1,179.3,40.2,199.7,245.3,61.6,161,108.6,271.4,192,160.1,217.9,143.7,94.1,313.7
2008-02-01,48.3,27.9,5.4,49.7,13.3,47.9,21.8,44.4,61.1,46.2,32.2,48.5,47.1,34.2,21.6,19,22.5,51,55.9
2008-03-01,48.8,49.2,27.2,22.1,18.2,71.5,17.7,37,27.6,50.7,118,50.7,6.5,24.1,17.6,39.2,13.8,41.4,39.4
2008-04-01,0,12.6,0,2.1,8.5,10,0,1.6,4.7,24.3,0,2,0,4.2,0,0,0,0,6.9
2008-05-01,0,0,0,0,0,0,0,0,0,4.9,0,0,0,0,0,0,0,0,0
2008-06-01,0,0,0,0,2,0,0,0,0,10.9,0,0,0,0,0,0,0,0,0
2008-07-01,0,0,0,0,0,0,0,0,0,1.3,0,0,0,0,0,0,0,0,0
2008-08-01,0,6.8,4.7,0.8,0,0,0,4.6,4.5,4.8,5.7,2.3,0,2.3,0,0.2,0,0,3.8
2008-09-01,0,1.6,0,0.4,2.3,0,1.3,0,0,7.2,0,2.1,0,0,0,0,0,3,0
2008-10-01,0,22.9,8.3,8.8,21.2,20.3,6.3,21.5,20.5,29.3,6.4,21,1.7,15.2,0,14.8,0,14.7,24.8
2008-11-01,0,19.2,3,9.9,18.5,12.1,10.9,7.9,0,26.5,0,10.4,0,19.4,0,0,3.2,25.5,31.7
2008-12-01,94.1,88.8,85,35.3,75.7,62.6,45.8,103.5,55,124.3,109.7,92.3,107,64.6,30,67,0,107.2,105.6
2009-01-01,46.2,69,26.1,117.5,48.4,120,62.5,99,113,84.8,24.6,138.7,8.6,139.4,20.1,100.8,45.3,146.2,227.8
2009-02-01,82.8,112.8,106.1,93,88.3,123,12.3,95.3,42.9,94.7,50.5,110.9,70.5,140.6,37.1,56.9,37,28.8,229.8
2009-03-01,104.2,72.3,79,55.9,17.1,102.6,58.9,54,45.3,100.4,76.8,102.5,29.9,71.5,30.2,37.9,13.6,137.8,116.8
2009-04-01,26.3,18.7,17.5,12.2,13.5,11,1.2,56.2,11.8,20.4,11.6,25.8,11,37.8,0,9,0,2.8,61.8
2009-05-01,0.1,1.4,0,2,0.4,1.6,0,0,0,3.1,0,4.7,0,5.5,0,0,0,0,9
2009-06-01,0,0,0,0,0,0,0,0,0,0,0,0,0,0,0,0,0,0,0
2009-07-01,0.8,9,0,0,0,0,0.5,2.5,0,15.7,0,0,0,0,0,0,0,1.2,0
2009-08-01,0,0,0,0,0,0,0,0,0,6.7,0,0,0,0,0,0,0,0,0
2009-09-01,11.1,49.5,0.4,8.6,7.2,3.7,6,10,9.8,18.4,9.6,6.4,0,2.1,0,0,0,14,3.4
2009-10-01,11.9,7.6,0,0,10,7.9,12.4,5.4,0,7.7,0,3.2,0,0,0,0,0,29,0
2009-11-01,68.8,47.1,23.4,31.1,41.7,34.5,44,80.3,23.8,132.6,16,80.2,5.9,14.6,8.8,8,0,102.9,23.9
2009-12-01,95.7,184.1,124.5,137,67,77.2,49,115.1,81.7,135.3,42,99.3,68.3,82.5,8.7,57.5,0,114.6,134.8
2010-01-01,118.3,142.1,144.7,236.2,50.8,136.6,71.7,143,87.8,146.4,49.8,112.9,27.1,69.1,34.6,66.7,27.9,167.8,112.9
2010-02-01,120.9,101.6,102,213.4,77.6,70.7,100.1,89.8,74.6,96.5,40.9,52.7,87.4,75.9,69.7,119.6,72.8,234.2,124
2010-03-01,37.8,45.3,12.9,19.5,18.1,38.2,11.5,41.6,18.8,73.5,52,66.4,46.2,44.8,27.4,7.3,0,26.9,73.2
2010-04-01,117.5,30.7,15.3,6.5,21.7,30.1,2.5,34.8,3.2,28.1,23.9,26,0,8.4,11.5,15.5,0,5.8,13.7
2010-05-01,4.5,15.6,3.3,17,18.3,4.9,0,23,37.2,31.2,0,4,0.4,1.6,1.9,7,7.5,0,2.6
2010-06-01,40.8,0,0,0,0,0,0,0,0,1.2,7.5,0,0,0,0,0,0,0,0
2010-07-01,0,3.1,0,0,0,0,0,0,0,11.5,0,0.5,0,2.3,0,0,0,0,3.8
2010-08-01,3,11.8,0,0,2.8,4.4,1.1,3.5,1.1,9.4,0,6.5,0,5.9,0,0,0,2.6,9.6
2010-09-01,2,25.2,14.4,10.5,7.7,3.3,1.3,29,6.2,29.9,0,0.8,0,0,3.3,3,0,3,0
2010-10-01,24,30.4,9.1,0,37.8,12.4,0,43,7.4,57,3.5,36.7,1.8,21,3.6,3.5,0,0,34.3
2010-11-01,1,2.6,0,0,0,5.3,5.9,4,1.3,0,0,20.8,0,2,0,0,0,13.8,3.3
2010-12-01,117,73.2,13.4,19.5,49.6,67.1,54.5,46.8,34.3,80.4,45.2,63.8,19.5,37.5,22.9,27.7,0,127.5,61.3
2011-01-01,77.5,25.3,53.5,79.6,25.1,65.1,98.6,80.9,58.6,44.3,115.8,74.4,58.5,22.6,126.9,31,61.4,230.7,36.9
2011-02-01,155.9,168.5,254.1,133.7,153.9,191.9,155.1,93.4,238.4,294.9,269,197.9,231.1,309,160.2,154,63.7,362.9,504.9
2011-03-01,107,74.8,80.3,87.1,65,85.6,32.4,74.6,84.7,72.3,42.1,149.6,73.4,157.1,19.5,59.5,23.4,75.8,256.7
2011-04-01,5,23,11.1,24.5,0,30.7,46.4,20,19.1,24.1,0,3.5,10,6.5,0,18,0,108.6,10.6
2011-05-01,3,5.2,14,12,3.8,0.6,0,3.3,7.8,5.5,43.8,14,0,0.1,0,11,8.2,0,0.2
2011-06-01,0,0,0,0,0,0,0,0,0,1.5,0,0,0,0,0,0,0,0,0
2011-07-01,4,4.2,14.4,12.2,0,2.4,0,8,0,23,33.4,1.6,6.2,0,33.4,5,12,0,0
2011-08-01,0,3.2,0,0,0,0,0,0,0,1.8,0,0,0,0,0,0,0,0,0
2011-09-01,2,9.2,12.5,0.2,17.6,0,0,4.5,0,29.2,0.4,0,35.1,1.2,0,0,0,0,2
2011-10-01,0,2.8,0,4.4,5,13.8,6.3,2,0,27.1,0,8,0,8.6,0,0,0,14.7,14.1
2011-11-01,6,11.3,15.7,12.3,7.2,21.1,18.3,39.8,8.1,30.7,15,44.2,0,7.7,10,10.8,0,42.8,12.6
2011-12-01,98.5,154.7,117.9,107.2,57,94.1,51.6,143.3,85.7,114.3,103.9,91.8,0,94.4,50.7,76.3,66.3,120.7,154.3
2012-01-01,78.5,152.1,146.4,98.4,69.8,94.9,53.2,122,96.4,134,102.9,115.7,70.3,104.7,109.8,62.6,50.5,124.5,171.1
2012-02-01,192.3,126.2,132.3,135,76.3,88.7,112.9,139.6,130.4,138.9,93,108,101.1,133.6,112,128,86.1,264.1,218.3
2012-03-01,113,126.8,29.9,60.8,18.1,49,74,98.7,40.8,65.1,87.6,96,35.9,108.9,88.9,85,20.1,173.1,178
2012-04-01,38.8,20,21.7,22.3,19.5,54.4,7,18.5,32.4,30.9,19.3,23.8,17.5,22.1,2.4,23.4,8.5,16.4,36.1
2012-05-01,0,0,0,0.5,0,0,0,0,0,0.8,0,0,0,3.2,0,0,0,0,5.2
2012-06-01,0,0,0,0,0,0,0,0,0.2,1.9,0,0,0,0,0,0,0,0,0
2012-07-01,0,5.8,0,0,0,0,0,0,0,11,0,0,0,0,0,0,0,0,0
2012-08-01,0,0,0,0,1.8,3,0,0,0,4.7,0,0,0,0,0,0,0,0,0
2012-09-01,2,1.6,0.8,0,0,1.4,4.7,0,0.4,9.3,0,9.8,0,1.4,0,0,0,11,2.3
2012-10-01,9,11.8,1.6,13.1,2.5,22.8,19.8,2.5,6,18.9,1.5,16.1,0,0.3,0,0,0,46.3,0.5
2012-11-01,12,16.2,7,5.6,13,24.6,42.7,15,24.5,47.9,9.1,66.8,0,69.5,0,15.5,0,99.9,113.6
2012-12-01,84,101.6,74.7,225.7,44.1,30.1,95,109.8,69.1,127.9,91.5,100.2,71.8,74.6,71.2,79.8,85.5,222.3,121.9
2013-01-01,111.1,108.6,97.1,176,45.3,122.7,59.7,181.1,114.7,108.3,185.1,143.3,118.6,144.6,141.9,68.3,95.9,139.7,236.3
2013-02-01,138,113.3,97.5,173.7,58.6,119.9,56.5,88.8,86.1,143,114,173.7,51.5,136.8,13.3,38.8,40,132.2,223.5
2013-03-01,29.5,22,34.6,62.1,10.9,37.6,49.8,22.4,22.8,52.5,36.2,20.6,9.5,3,11,0,4.5,116.5,4.9
2013-04-01,6.5,2.2,2.2,0,0,0,0,9.5,0.7,17.1,0,0.2,0,0.3,0,0,0,0,0.5
2013-05-01,22,8.7,4.5,12.4,13.9,13.8,0,21,8.6,13.1,20,7.9,9.1,12.7,0.8,4,0,0,20.8
2013-06-01,14,55.1,36,10,22.1,9.4,0,18,17.4,55.1,12.6,1,12.8,0,11.1,0.5,0.5,0,0
2013-07-01,0,3.8,28.7,0,3,0,0,0,9,15.7,0,1,0,0,0,0,0,0,0
2013-08-01,24,38.5,39.4,15.5,30.3,32.4,0,10,23.9,21,0,11,2.4,9.4,0,10,0,0,15.4
2013-09-01,0,5.8,0.8,6.5,0,11.1,13.1,0,4,3.4,0,1.4,0,6.1,0,0,0,30.6,10
2013-10-01,39,37,5.1,17.5,19.5,32.1,63.7,43,11.9,44.3,0,18.4,0,18.5,0,0,0,149,30.2
2013-11-01,2,30.2,4.1,0,10,25.2,26.3,6,7.2,25.4,0,27.8,0,3.6,0,0,0,61.5,5.9
2013-12-01,143,187.5,86.6,252.1,44.3,107.1,64.9,111.3,117.7,95.7,42.9,87.4,42.2,237.6,91.4,101,23,151.8,388.3
2014-01-01,127.5,233.1,110.2,466.5,105.4,118.5,48.9,147.5,131.2,145,95.5,101.9,112.3,259.6,59.6,120.2,96.1,114.4,424.2
2014-02-01,62,66.8,46.2,105.2,25.6,90.5,33.9,65.7,44.7,43.6,55.7,127.2,28.2,201.9,55.7,0,43.4,79.3,329.9
2014-03-01,36,24.6,5.5,0,29.1,16.3,50,23.2,5.7,45.1,0,8.6,0,8,0,0,0,117,13.1
2014-04-01,17,12.4,0,25,6.7,9.9,55,17.4,2.4,14.6,9.9,7.5,0,7.7,0,0,0,128.7,12.6
2014-05-01,0,9.8,0,0,8.6,7.4,0,3,1.8,17.6,12.6,9.5,0,4.2,0,0,0,0,6.9
2014-06-01,0,0,12.5,0,0,1.1,0,0,4.2,0.1,0,0,0,0,0,0,0,0,0
2014-07-01,0,1,23,0,2.7,0,0,0,7.2,0,0,0,0,0,0,0,0,0,0
2014-08-01,8,29,23,15,4.8,7.6,2.4,0,10.4,19.5,0,0.5,1.1,6.4,0,3.5,0,5.6,10.5
2014-09-01,15.9,80.8,5.6,7.5,26.7,18.9,0,7,8.9,37.7,0,5.1,3.3,0,2.5,5.5,0,0,0
2014-10-01,16,55,23,34.5,9,18.1,9,11.8,18.4,43.8,0,96.3,12.6,18.8,6.5,10.5,0,21.1,30.7
2014-11-01,11,12.7,3.4,12.5,2.1,34.9,15.2,33.8,9.6,43,0,28.8,0,2.6,7,0,28.1,35.6,4.2
2014-12-01,39,71.7,0.8,63.5,39.3,40.8,46.9,44,12.1,42.1,9.6,17.7,0,30.5,0,6.5,7.2,109.7,49.8
2015-01-01,155.4,131.2,5.8,194.3,80.8,132.6,76.9,137.3,64,103.7,26.2,113.8,75.7,142.9,94,27.5,64.3,179.9,233.5
2015-02-01,61.5,83.8,83.8,180.3,52.2,78.8,94.6,36.5,66.7,60.2,23.5,88.1,60.6,111.7,56.4,12.6,40.9,221.3,182.5
2015-03-01,73.7,37.4,57.4,139.6,40.2,80.2,104.7,64.5,55,50.7,27.8,45.6,9.6,34.1,59,50,44.9,245,55.7
2015-04-01,52,65.5,43.6,35.4,43.6,42.3,2.5,17.6,25,76.9,6.7,42.1,3.4,21.2,19,0,17.2,5.8,34.6
2015-05-01,0,3.8,0,15.5,7.1,1.4,0,0,3.5,7.6,0,0,11,0,0,0,2,0,0
2015-06-01,0,0,0,0,0,0,0,0,0,0,0,0,0,0,0,0,0,0,0
2015-07-01,2,8.2,0.6,0,1.7,0,0,13,0.2,6.3,0,0,0,0,0,0,0,0,0
2015-08-01,3,35.8,1,0,21.2,31.1,0,0,7.9,21,0,8.7,0,5.3,0,0,0,0,8.7
2015-09-01,6,26.5,0,0,24.3,4,0,3.2,1,13.9,0,5,0,12.1,0,0,0,0,19.8
2015-10-01,19,57.1,15.8,0,42.2,27.4,0,15.7,13,57.6,7,40.9,0,17,0,4.5,0,0,27.8
2015-11-01,32,40.4,21.5,0,50.6,32.9,26.1,16.5,14.8,34.1,0,34.4,0,20.2,0,0,0,61.1,33
2015-12-01,47,29.4,0.5,16.8,47.8,19.9,27.7,51,5,64,26.6,23.1,0,25.7,0,0,0,64.8,42
2016-01-01,47,54.2,40.3,127.7,71.6,33.9,9.3,36.3,5.6,96.9,20.5,47.3,26.3,20.6,22.5,26.5,1,21.8,33.7
2016-02-01,154,75.7,104,350.9,88.9,117.5,40.5,96.5,109.6,58.7,77.8,101,101.9,83.2,79.6,121.5,77.4,94.8,136
2016-03-01,41,8.2,0.6,0,0,19.6,8.4,36.5,2,19.3,0,18.8,0,10.8,61,0,0,19.7,17.6
2016-04-01,72,19.8,29.6,0,32.3,14,0,57.7,16.4,65.9,35,20.8,12.2,21,16,20,4.3,0,34.3
2016-05-01,0,0,0,0,0,0,0,0,0,0,0,0,16.6,0.2,0,0,0,0,0.3
2016-06-01,1,2.2,0,0,17.8,0,0,0,1.2,5.2,0,0,3.2,0,0,2.5,0,0,0
2016-07-01,5,2.3,0,5,3.2,0.5,0,2.8,0.8,0,0,0,3.9,0,0.5,0,6.5,0,0
2016-08-01,0,0.4,0,0,2.1,0,0,0,0,0,0,0,0,0,0,0,0,0,0
2016-09-01,0,0.7,0,41.2,3.8,23.9,0,0.2,4.8,2.9,0,11.9,0,1.2,0,0,0,0,2
2016-10-01,0,39.8,10.3,0,47.3,29.1,9.9,5.2,14.4,22.9,0,15.4,0,4.2,0,0,0,23.2,6.9
2016-11-01,0,16.8,4,0,3.5,6.9,14.4,6.5,2.2,18.9,8.4,4.7,0,6.2,0,0,0,33.7,10.1
2016-12-01,65,44.8,14.6,21.9,56.6,49.6,40.1,76.5,36.8,18.9,3.5,45.6,30.3,31.8,8.5,8.7,2.6,93.8,52
2017-01-01,102,125.4,113.3,129.8,33.9,124.6,22.9,96.7,74.6,73.4,62.9,49.7,83.8,67,250.5,106.5,99.4,53.6,109.5
2017-02-01,68.8,54.9,106.4,85.1,38,50.2,28.1,55.5,65,85.5,9.8,30.5,75.2,46.5,60.5,86.6,68.7,65.7,76
2017-03-01,42.6,59.8,85.2,31.9,52,66.3,41.3,65.2,41,65.3,25.3,68.2,82.3,19.8,55.5,65,8.3,96.6,32.4
2017-04-01,16,33.4,16,11.7,22.4,7,10.2,17.3,5.4,20.7,38.8,38.4,0,21,15,0,0,23.9,34.3
2017-05-01,11.8,38.9,2.2,0.6,54.3,2.4,0,17.4,8.1,103.7,0,1.4,0,1.7,0.5,5.2,0,0,2.7
2017-06-01,0,0,0,0,0,0,0,0,0.4,1.9,0,0.1,0,0,0,0,0,0,0
2017-07-01,0,2,0,0,2.9,0.2,0,0,6.2,2.1,0,2.5,0,1.3,0,0,0,0,2.1
2017-08-01,0,0,0,0,0,0,1.2,0,0,0,0,0.1,0,0,0,0,0,2.8,0
2017-09-01,29,18.3,6.3,0,50.2,24,8.5,30.7,14,19.1,0,16.8,5.6,7.4,0,0,0,19.9,12.1
2017-10-01,27,14.2,13.3,7.5,28,23.6,10.7,21.9,12,16.9,0,17,0,6.7,18,0,0,25,10.9
2017-11-01,9.5,31.4,11.6,15.2,10.5,28.7,25.4,14.8,22.4,14.8,0,10.3,132.7,2,0,4.5,0.8,59.4,3.3
2017-12-01,47,54.8,43,95.2,33.6,112.5,24.1,56.5,65.6,21.4,26.6,67.4,40.3,86.3,28.2,56.7,24,56.4,141
2018-01-01,109,65.7,121.1,142.9,77,138.2,81.2,111.5,95.6,75.9,31.6,183.7,72.1,108.9,86,61.5,57.2,190,178
2018-02-01,192,102.5,221.1,185.6,89.1,94,91.2,79.5,123,135,43,82.3,21.7,123.2,122,262,63.3,213.4,201.3
2018-03-01,51.2,51.9,26.5,58.6,17.2,126.8,82.7,57.5,71.4,16.3,51.7,82.2,39.8,69.9,32,70.5,17.5,193.5,114.2
2018-04-01,8,0.4,0,0,0,3.4,22,15.8,1.5,2.8,10.5,0.3,2.5,2.5,3.5,0,0,51.5,4.1
2018-05-01,0,9.8,2.2,0,0,3.8,0,1.8,1.9,4.5,0,0,2.5,1,0,0,0,0,1.6
2018-06-01,20.6,44.3,11.2,12.1,20.5,0,0,10.3,4.9,50.7,45,0.2,7.9,0,0,8,5.8,0,0
2018-07-01,62.6,25.8,12,15.6,22.6,10.3,25.1,41.7,6.4,6.4,38.4,8.6,4.5,5.5,33,4.2,7,58.7,9
2018-08-01,0,6.9,10.4,21.1,0,18.7,6.8,0,9,14.7,16.4,22.1,0,7.5,39.6,8.5,14,15.9,12.3
2018-09-01,2,3.2,5.6,1.6,1.5,7.7,2.3,0.3,2.4,9.7,0,1.9,0,2.3,29.7,0,0,5.4,3.8
2018-10-01,15.4,10.7,21.6,19.5,31.3,51.6,6.6,8.6,21.9,30.4,27,46.7,17.9,29.2,73.7,1.5,0,15.4,47.7
2018-11-01,30.2,25,33,12.3,5.6,24,7.7,10.1,21.4,22.2,0,40.8,35.3,10.1,84.6,39,0,18,16.5
2018-12-01,35.6,171,66.9,68.4,57,112.3,54.5,14.3,90.3,59.3,49.1,90.5,39,65.8,60.1,75.2,28.9,127.5,107.5
2019-01-01,118.4,60.9,141.5,83.1,38.1,88.9,154.9,81.6,137.2,78.4,298.3,87.6,147.4,147.3,120.5,97.5,34.4,362.4,240.7
2019-02-01,136.2,92,235,109.1,97.7,117.4,163,96.8,192.6,142,73.8,130.7,133.4,101.1,87.5,176,56.5,381.4,165.2
2019-03-01,77.5,36.3,35.7,20.8,3.7,33.1,123.9,54.4,19.3,23.2,0,24,0,15.7,15.1,0,10.3,289.9,25.7
2019-04-01,47.3,17.7,25.5,10.8,21.2,37.8,14.9,16.2,17.2,10.6,0,20.7,0,16.7,0,0,0,34.8,27.3
2019-05-01,6.5,0.4,0,0.4,1.8,1.8,0,1.5,0.4,0,0,0.6,0,0.6,1,0,0,0,1
2019-06-01,1.5,3.5,1.2,1.6,3.8,2.5,0,1.7,2.1,3.6,0,2.8,0,1.6,0,3.5,0.5,0,2.6
2019-07-01,4,7.9,4,9.5,3.9,8.2,31,6,3.4,17.8,0,24.7,0,9.7,0.5,0.5,2.2,72.5,15.9
2019-08-01,0,0,0,0,0,0,37.9,0,0,0,0,0,0,0,0,0,0,88.7,0
2019-09-01,44.3,36.5,26.1,13.8,44.8,34.9,39.9,33.5,26.9,40.2,12,36.5,16.1,17.1,0,19,0.1,93.4,27.9
2019-10-01,28,21.1,3.9,9.2,28.5,22.8,35.4,3.6,8.4,40.3,0,16.3,0,22.2,0,5.5,0,82.8,36.3
2019-11-01,19.7,34.4,12.8,15.6,64,55.2,29,33.7,17.5,52.5,0,24.4,0,25.3,10,0,0.8,67.9,41.3
2019-12-01,67,59.9,68.6,24.3,9.8,73,23.7,24.5,56.4,65.7,61.8,43.4,42.5,13.5,40.3,45.5,5.8,55.5,22.1
2020-01-01,106.3,63,23.7,90.6,58.9,82.6,60.2,87.8,77.7,64.8,168.4,97.6,84.7,51.1,109,87.5,77.8,140.8,83.5
2020-02-01,169,82.8,53.1,127.9,103.8,113.3,52.5,130.9,67.5,82,70.5,128.1,17.8,68.4,86,61.5,101.9,122.8,111.8
2020-03-01,114,69.5,77.8,56.6,53.5,70.7,15.4,58.6,60.4,58,16.3,57.6,22.6,44.1,106,41.5,4.7,36,72.1
2020-04-01,16,4,0.5,3,5,5.2,12.3,1,1.4,9.2,0,6,0,7.3,0,0,0.1,28.8,11.9
2020-05-01,0,0,0,1,0,5.9,6.6,0,1.4,0,0,0,0,2.3,0,0,0,15.4,3.8
2020-06-01,0,2.2,0,0,2,0,4.2,0,0,5.8,0,0,0,0,0,0,0,9.8,0
2020-07-01,0,0,0,0,0,0,3.4,0,0,0,0,0,0,0,0,0,0,8,0
2020-08-01,0,0,0,0,0,0,1.9,0,0,0,0,0,0,0,0,0,0,4.4,0
2020-09-01,16,11.5,0,15.7,16.3,29.1,7,45.4,7.1,26.6,34.8,30.5,0,15.8,7,0,4.1,16.4,25.8
2020-10-01,31,31.5,29.8,19.6,19.7,45.3,10.9,28,23.2,46.8,0,43.8,3,21.9,58.7,6.5,2.6,25.5,35.8
2020-11-01,1,8.4,4.9,3.5,5.5,14.7,13.1,1.3,8.5,3.9,4.3,3.7,0,7.3,0,10.5,0,30.6,11.9
2020-12-01,118,67.1,45.4,74.1,49.4,81.5,53.4,82.6,62.8,58.6,56.9,78.5,30.9,48.6,12.2,73,43.5,124.9,79.4
